seed,episode,cluster_id,suite,task_id,spec_uid,episode_seed,initial_state_id,perturbation_width,observation_noise_seed,cold_start,system_success,habit_success,full_vla_success,difference,habit_steps,full_vla_steps,state_before,tau_k
0,404,libero_goal_task7,libero_goal,7,3d4c4d79c55b3140,70404,4,0.01,6000404,False,1,1,1,0,73,75,M,0.8
0,430,libero_goal_task7,libero_goal,7,79e70c082fe69e0c,70430,30,0.01,6000430,False,1,1,1,0,73,71,M,0.8
0,451,libero_goal_task7,libero_goal,7,e9067f0e09916714,70451,11,0.01,6000451,False,1,1,1,0,76,73,M,0.8
0,466,libero_object_task7,libero_object,7,962d694f036a7e15,70466,26,0.01,6000466,False,1,1,1,0,120,168,M,0.8
0,472,libero_object_task3,libero_object,3,75bc6d7baff5198c,70472,32,0.01,6000472,False,1,1,1,0,117,121,M,0.8
0,473,libero_object_task7,libero_object,7,add55d6c697dca6e,70473,33,0.01,6000473,False,0,0,1,-1,280,126,M,0.816
0,487,libero_object_task3,libero_object,3,24ce151dbe74a543,70487,7,0.01,6000487,False,1,1,1,0,117,116,M,0.8
0,492,libero_goal_task4,libero_goal,4,a48ba36353dc42e6,70492,12,0.01,6000492,False,1,1,1,0,84,90,M,0.8
0,495,libero_object_task3,libero_object,3,10b8e2fa460a8c17,70495,15,0.01,6000495,False,1,1,1,0,119,128,M,0.8
0,499,libero_object_task3,libero_object,3,5963012c938c5b06,70499,19,0.01,6000499,False,1,1,0,1,127,280,M,0.8
0,508,libero_object_task4,libero_object,4,d64cd68d9eb51376,70508,28,0.01,6000508,False,1,1,1,0,127,131,M,0.8
0,509,libero_spatial_task0,libero_spatial,0,a4ea120211adbfb3,70509,29,0.01,6000509,False,1,1,1,0,75,76,M,0.8
0,514,libero_object_task4,libero_object,4,4a56cc3aefaa77d5,70514,34,0.01,6000514,False,1,1,1,0,135,142,M,0.8
0,516,libero_object_task4,libero_object,4,1c1be29caf2ef94e,70516,36,0.01,6000516,False,1,1,1,0,127,131,M,0.8
0,522,libero_goal_task2,libero_goal,2,36a3251f8c5b73ae,70522,2,0.01,6000522,False,1,1,1,0,99,94,M,0.8
0,527,libero_goal_task4,libero_goal,4,35403d38ffb9b65d,70527,7,0.01,6000527,False,1,1,1,0,86,94,M,0.8
0,534,libero_object_task3,libero_object,3,695cbac4809ebefd,70534,14,0.01,6000534,False,1,1,1,0,174,132,M,0.8
0,545,libero_spatial_task0,libero_spatial,0,bbc4016630b0d0b8,70545,25,0.01,6000545,False,1,1,1,0,79,72,M,0.8
0,546,libero_goal_task2,libero_goal,2,51fece3dbc15a044,70546,26,0.01,6000546,False,1,1,1,0,94,90,M,0.8
0,548,libero_spatial_task0,libero_spatial,0,5aec7a52181f5234,70548,28,0.01,6000548,False,1,1,1,0,75,77,M,0.8
0,552,libero_spatial_task0,libero_spatial,0,3776a0c327aabe8f,70552,32,0.01,6000552,False,1,1,1,0,81,75,M,0.8
0,559,libero_object_task3,libero_object,3,a24ae3f551a9c23b,70559,39,0.01,6000559,False,0,0,1,-1,280,113,M,0.816
0,565,libero_goal_task4,libero_goal,4,7eda4263b88e3459,70565,5,0.01,6000565,False,1,1,1,0,85,83,M,0.8
0,570,libero_goal_task4,libero_goal,4,f7d9d87d606b7680,70570,10,0.01,6000570,False,1,1,1,0,86,89,M,0.8
0,571,libero_goal_task2,libero_goal,2,ff887138393b97f8,70571,11,0.01,6000571,False,1,1,1,0,87,83,M,0.8
0,572,libero_object_task4,libero_object,4,5a389d5b95374c99,70572,12,0.01,6000572,False,1,1,1,0,128,133,M,0.8
0,590,libero_goal_task2,libero_goal,2,aec5f7e12a65a4ac,70590,30,0.01,6000590,False,1,1,1,0,97,84,M,0.8
0,595,libero_goal_task4,libero_goal,4,af549b8561159737,70595,35,0.01,6000595,False,1,1,1,0,76,84,M,0.8
0,599,libero_object_task4,libero_object,4,48a502385bd90dcb,70599,39,0.01,6000599,False,1,1,1,0,136,139,M,0.8
0,600,libero_goal_task4,libero_goal,4,7b6e24f0e5a63907,70600,0,0.01,6000600,False,1,1,1,0,93,83,M,0.8
0,601,libero_spatial_task0,libero_spatial,0,7d7dd493807735fd,70601,1,0.01,6000601,False,1,1,1,0,79,76,M,0.8
0,606,libero_object_task4,libero_object,4,6af45315489d3e06,70606,6,0.01,6000606,False,1,1,1,0,128,135,M,0.8
0,612,libero_object_task4,libero_object,4,7beb976ac5fbe1c0,70612,12,0.01,6000612,False,1,1,1,0,129,135,M,0.8
0,616,libero_spatial_task0,libero_spatial,0,6da8e4b7e4fc3aa7,70616,16,0.01,6000616,False,1,1,1,0,79,77,M,0.8
0,622,libero_spatial_task0,libero_spatial,0,5f40b57a282bd868,70622,22,0.01,6000622,False,1,1,1,0,78,77,M,0.8
0,625,libero_object_task4,libero_object,4,e2f5c976a1fccb03,70625,25,0.01,6000625,False,1,1,1,0,128,128,M,0.8
0,629,libero_goal_task7,libero_goal,7,af2f66729e5dc8d9,70629,29,0.01,6000629,False,1,1,1,0,71,69,M,0.8
0,631,libero_goal_task7,libero_goal,7,c83dfba1327b3c4c,70631,31,0.01,6000631,False,1,1,1,0,70,67,M,0.8
0,635,libero_spatial_task0,libero_spatial,0,6850361769228627,70635,35,0.01,6000635,False,1,1,1,0,79,78,M,0.8
0,654,libero_spatial_task0,libero_spatial,0,95207b71fa84ad30,70654,14,0.01,6000654,False,1,1,1,0,80,87,M,0.8
0,660,libero_goal_task2,libero_goal,2,3e0688dd857628b8,70660,20,0.01,6000660,False,1,1,1,0,100,87,M,0.8
0,664,libero_goal_task7,libero_goal,7,43dd02f0902f506e,70664,24,0.01,6000664,False,1,1,1,0,79,74,M,0.8
0,677,libero_object_task2,libero_object,2,b036071ece43d4a8,70677,37,0.01,6000677,False,1,1,1,0,115,111,M,0.8
0,678,libero_goal_task7,libero_goal,7,3b2fb1429805b70c,70678,38,0.01,6000678,False,1,1,1,0,68,67,M,0.8
0,688,libero_object_task4,libero_object,4,6350abd4a2fa0716,70688,8,0.01,6000688,False,1,1,1,0,127,133,M,0.8
0,691,libero_object_task2,libero_object,2,57497b9e7889a61d,70691,11,0.01,6000691,False,1,1,1,0,115,116,M,0.8
0,692,libero_goal_task2,libero_goal,2,277b187f0964b948,70692,12,0.01,6000692,False,1,1,1,0,99,90,M,0.8
0,697,libero_goal_task1,libero_goal,1,a79592a9bb06a869,70697,17,0.01,6000697,False,1,1,1,0,79,83,M,0.8
0,698,libero_object_task4,libero_object,4,367a8b88d6ffba18,70698,18,0.01,6000698,False,1,1,1,0,142,137,M,0.8
0,704,libero_object_task2,libero_object,2,28b7e896ac72b860,70704,24,0.01,6000704,False,1,1,1,0,114,120,M,0.8
0,707,libero_spatial_task0,libero_spatial,0,b6e7677e495ebcb1,70707,27,0.01,6000707,False,0,0,1,-1,220,87,M,0.816
0,713,libero_object_task4,libero_object,4,2ca0834eaf732fa7,70713,33,0.01,6000713,False,1,1,1,0,142,140,M,0.8
0,715,libero_goal_task1,libero_goal,1,bf07fcfee20ccc91,70715,35,0.01,6000715,False,1,1,1,0,76,81,M,0.8
0,716,libero_goal_task4,libero_goal,4,86c76067f7c1037a,70716,36,0.01,6000716,False,1,1,1,0,86,86,M,0.8
0,727,libero_goal_task1,libero_goal,1,6756ead483ee0b3e,70727,7,0.01,6000727,False,1,1,1,0,78,82,M,0.8
0,728,libero_object_task4,libero_object,4,19de8ba4f0adb5e9,70728,8,0.01,6000728,False,1,1,1,0,127,143,M,0.8
0,732,libero_goal_task2,libero_goal,2,c218840d495fb59d,70732,12,0.01,6000732,False,1,1,1,0,93,86,M,0.8
0,742,libero_goal_task7,libero_goal,7,1807f4f1feae43d6,70742,22,0.01,6000742,False,1,1,1,0,66,78,M,0.8
0,745,libero_object_task8,libero_object,8,1ff8f3b410709b84,70745,25,0.01,6000745,False,1,1,1,0,191,146,M,0.8
0,746,libero_object_task4,libero_object,4,7a3b8c7104a7c794,70746,26,0.01,6000746,False,1,1,1,0,136,140,M,0.8
0,751,libero_goal_task1,libero_goal,1,6d88d3d3fd8ce9c5,70751,31,0.01,6000751,False,1,1,1,0,78,88,M,0.8
0,752,libero_object_task4,libero_object,4,efced822b7c540a1,70752,32,0.01,6000752,False,1,1,1,0,127,141,M,0.8
0,753,libero_spatial_task0,libero_spatial,0,dcab4fa48ef3d600,70753,33,0.01,6000753,False,1,1,1,0,80,75,M,0.812
0,761,libero_goal_task4,libero_goal,4,ea2ab0b25f66815b,70761,1,0.01,6000761,False,1,1,1,0,83,84,M,0.8
0,765,libero_goal_task2,libero_goal,2,acb0dbf582d85b53,70765,5,0.01,6000765,False,1,1,1,0,91,87,M,0.8
0,768,libero_object_task8,libero_object,8,0c7f1f8c32bd123c,70768,8,0.01,6000768,False,1,1,1,0,138,156,M,0.8
0,769,libero_spatial_task0,libero_spatial,0,02aa4058a4fe4324,70769,9,0.01,6000769,False,1,1,1,0,79,73,M,0.808
0,772,libero_object_task8,libero_object,8,463ef2feaec2c85c,70772,12,0.01,6000772,False,1,1,1,0,136,143,M,0.8
0,774,libero_goal_task2,libero_goal,2,cf0a5021e685e14d,70774,14,0.01,6000774,False,1,1,1,0,93,94,M,0.8
0,784,libero_goal_task2,libero_goal,2,760bc290f1ac6e1a,70784,24,0.01,6000784,False,1,1,1,0,85,95,M,0.8
0,788,libero_10_task5,libero_10,5,d1c1d135ba97dfe8,70788,28,0.01,6000788,False,1,1,1,0,152,166,M,0.8
0,796,libero_goal_task2,libero_goal,2,78fabe9b821598f1,70796,36,0.01,6000796,False,1,1,1,0,92,91,M,0.8
0,797,libero_object_task2,libero_object,2,4b11d57a31ffe2f8,70797,37,0.01,6000797,False,1,1,1,0,114,114,M,0.8
0,800,libero_spatial_task0,libero_spatial,0,731cda14bbe8520c,70800,0,0.01,6000800,False,1,1,1,0,81,79,M,0.804
0,802,libero_goal_task7,libero_goal,7,ec9849e9f7615c49,70802,2,0.01,6000802,False,1,1,1,0,77,71,M,0.8
0,805,libero_10_task2,libero_10,2,b91fa476999e596b,70805,5,0.01,6000805,False,1,1,1,0,227,226,M,0.8
0,808,libero_object_task4,libero_object,4,ff20b8a0e27a9802,70808,8,0.01,6000808,False,1,1,1,0,130,142,M,0.8
0,809,libero_10_task2,libero_10,2,4cc9c6b74c9ba20a,70809,9,0.01,6000809,False,1,1,1,0,230,244,M,0.8
0,819,libero_object_task8,libero_object,8,8a12e788ee377fd9,70819,19,0.01,6000819,False,1,1,1,0,135,147,M,0.8
0,825,libero_goal_task1,libero_goal,1,1d230c1c8ad5045b,70825,25,0.01,6000825,False,1,1,1,0,86,91,M,0.8
0,828,libero_object_task4,libero_object,4,e0f5c5179907e62e,70828,28,0.01,6000828,False,1,1,1,0,128,135,M,0.8
0,830,libero_object_task8,libero_object,8,73fe56a194f827e2,70830,30,0.01,6000830,False,1,1,1,0,136,145,M,0.8
0,832,libero_spatial_task0,libero_spatial,0,c2057492c7adb271,70832,32,0.01,6000832,False,1,1,1,0,81,81,M,0.8
0,833,libero_object_task2,libero_object,2,567f6bc0d3a283a4,70833,33,0.01,6000833,False,1,1,1,0,116,122,M,0.8
0,839,libero_goal_task4,libero_goal,4,0e74efa66579ee99,70839,39,0.01,6000839,False,1,1,1,0,92,91,M,0.8
0,840,libero_spatial_task0,libero_spatial,0,b8e2dacf0b286bbf,70840,0,0.01,6000840,False,1,1,1,0,81,78,M,0.8
0,842,libero_object_task8,libero_object,8,e92ac8a6eebd7246,70842,2,0.01,6000842,False,1,1,1,0,148,147,M,0.8
0,847,libero_goal_task7,libero_goal,7,5a451e447ac3fb0c,70847,7,0.01,6000847,False,1,1,1,0,69,71,M,0.8
0,848,libero_object_task2,libero_object,2,575af0910708254f,70848,8,0.01,6000848,False,1,1,1,0,115,114,M,0.8
0,851,libero_goal_task1,libero_goal,1,52a4dc4d07b7ff03,70851,11,0.01,6000851,False,1,1,1,0,93,88,M,0.8
0,853,libero_goal_task2,libero_goal,2,20b9a56c4fd3ddee,70853,13,0.01,6000853,False,1,1,1,0,98,104,M,0.8
0,865,libero_object_task8,libero_object,8,de596a0cec4c4b38,70865,25,0.01,6000865,False,1,1,1,0,136,153,M,0.8
0,868,libero_10_task5,libero_10,5,fd4d6cfeda263b2d,70868,28,0.01,6000868,False,1,1,1,0,229,180,M,0.8
0,876,libero_object_task4,libero_object,4,55b0924c96cddc37,70876,36,0.01,6000876,False,1,1,1,0,128,133,M,0.8
0,880,libero_object_task8,libero_object,8,51fb704022b7de92,70880,0,0.01,6000880,False,1,1,1,0,141,144,M,0.8
0,884,libero_object_task4,libero_object,4,493145880231f301,70884,4,0.01,6000884,False,1,1,1,0,128,134,M,0.8
0,885,libero_object_task2,libero_object,2,541ebb5c73aecb3c,70885,5,0.01,6000885,False,1,1,1,0,117,121,M,0.8
0,888,libero_10_task5,libero_10,5,381f9505419a5cbc,70888,8,0.01,6000888,False,1,1,1,0,149,150,M,0.8
0,891,libero_10_task2,libero_10,2,d06dd8fa9497d980,70891,11,0.01,6000891,False,0,0,1,-1,520,226,M,0.816
0,892,libero_goal_task2,libero_goal,2,902bd3efce5ae62b,70892,12,0.01,6000892,False,1,1,1,0,90,88,M,0.8
0,896,libero_object_task8,libero_object,8,608c35d9c9aa6cc1,70896,16,0.01,6000896,False,1,1,1,0,145,173,M,0.8
0,899,libero_object_task4,libero_object,4,5a5e1440e5846358,70899,19,0.01,6000899,False,1,1,1,0,137,140,M,0.8
0,901,libero_10_task5,libero_10,5,75690943883c510f,70901,21,0.01,6000901,False,1,1,1,0,167,167,M,0.8
0,903,libero_goal_task2,libero_goal,2,bd3df6b80ceb4042,70903,23,0.01,6000903,False,1,1,1,0,103,94,M,0.8
0,904,libero_10_task5,libero_10,5,884a3727bbd232e0,70904,24,0.01,6000904,False,1,1,1,0,229,168,M,0.8
0,905,libero_object_task2,libero_object,2,bda41b609250175d,70905,25,0.01,6000905,False,1,1,1,0,115,116,M,0.8
0,906,libero_object_task4,libero_object,4,9fb940bf19a328a2,70906,26,0.01,6000906,False,1,1,1,0,145,151,M,0.8
0,908,libero_object_task4,libero_object,4,91fc8fd3b138c112,70908,28,0.01,6000908,False,1,1,1,0,127,132,M,0.8
0,909,libero_goal_task4,libero_goal,4,c9aa33b309037f7f,70909,29,0.01,6000909,False,1,1,1,0,85,84,M,0.8
0,911,libero_object_task4,libero_object,4,aa9adb6eef217130,70911,31,0.01,6000911,False,1,1,1,0,136,131,M,0.8
0,915,libero_goal_task4,libero_goal,4,1b2d2c1f8e149e4e,70915,35,0.01,6000915,False,1,1,1,0,77,84,M,0.8
0,919,libero_goal_task7,libero_goal,7,599c7239011ac201,70919,39,0.01,6000919,False,1,1,1,0,71,68,M,0.8
0,921,libero_goal_task4,libero_goal,4,5190b59f3c90ac3b,70921,1,0.01,6000921,False,1,1,1,0,77,89,M,0.8
0,923,libero_object_task4,libero_object,4,565eedff644ae8c9,70923,3,0.01,6000923,False,1,1,1,0,135,147,M,0.8
0,927,libero_object_task8,libero_object,8,7037ce857134beaf,70927,7,0.01,6000927,False,1,1,1,0,134,145,M,0.8
0,928,libero_object_task4,libero_object,4,3ebfaa399987512d,70928,8,0.01,6000928,False,1,1,1,0,127,134,M,0.8
0,933,libero_object_task2,libero_object,2,dbf6b63b088bd675,70933,13,0.01,6000933,False,1,1,1,0,116,115,M,0.8
0,934,libero_object_task8,libero_object,8,10b4ad70b414255d,70934,14,0.01,6000934,False,1,1,1,0,133,144,M,0.8
0,938,libero_goal_task1,libero_goal,1,7e8c4ff8e9b2d591,70938,18,0.01,6000938,False,1,1,1,0,76,79,M,0.8
0,940,libero_object_task2,libero_object,2,c96ac641d8da3421,70940,20,0.01,6000940,False,1,1,1,0,118,113,M,0.8
0,943,libero_goal_task1,libero_goal,1,e9cb86fa639a4908,70943,23,0.01,6000943,False,1,1,1,0,88,92,M,0.8
0,945,libero_object_task8,libero_object,8,4315a220fc33304d,70945,25,0.01,6000945,False,1,1,1,0,134,156,M,0.8
0,952,libero_goal_task7,libero_goal,7,66e264f8d86dcf99,70952,32,0.01,6000952,False,1,1,1,0,71,78,M,0.8
0,953,libero_goal_task7,libero_goal,7,03b43c3391cbec88,70953,33,0.01,6000953,False,1,1,1,0,75,68,M,0.8
0,959,libero_goal_task7,libero_goal,7,c2fd7dfec0f854a5,70959,39,0.01,6000959,False,1,1,1,0,67,69,M,0.8
0,960,libero_object_task8,libero_object,8,289037b3364ff873,70960,0,0.01,6000960,False,1,1,1,0,138,139,M,0.8
0,966,libero_spatial_task0,libero_spatial,0,3155bf37fa835766,70966,6,0.01,6000966,False,1,1,1,0,83,79,M,0.8
0,968,libero_10_task5,libero_10,5,c35f8aeeb19f0fbf,70968,8,0.01,6000968,False,1,1,1,0,207,149,M,0.8
0,969,libero_spatial_task0,libero_spatial,0,1404b437639d12f6,70969,9,0.01,6000969,False,1,1,1,0,79,78,M,0.8
0,970,libero_object_task8,libero_object,8,4fb839ea094a3f50,70970,10,0.01,6000970,False,1,1,1,0,168,143,M,0.8
0,972,libero_goal_task2,libero_goal,2,769c4e286b7d40b6,70972,12,0.01,6000972,False,1,1,1,0,95,84,M,0.8
0,973,libero_goal_task7,libero_goal,7,6ca5c45ec802a2d8,70973,13,0.01,6000973,False,1,1,1,0,71,72,M,0.8
0,979,libero_object_task8,libero_object,8,2c0fd597871232bf,70979,19,0.01,6000979,False,1,1,1,0,137,144,M,0.8
0,981,libero_goal_task2,libero_goal,2,865c5957d6c1e54a,70981,21,0.01,6000981,False,1,1,1,0,88,89,M,0.8
0,992,libero_object_task2,libero_object,2,f3929403625eb108,70992,32,0.01,6000992,False,1,1,1,0,112,122,M,0.8
0,994,libero_object_task8,libero_object,8,ca02c83d9b835c4c,70994,34,0.01,6000994,False,1,1,1,0,138,146,M,0.8
0,996,libero_goal_task1,libero_goal,1,3632bda8fb189bf8,70996,36,0.01,6000996,False,1,1,1,0,81,86,M,0.8
0,998,libero_object_task4,libero_object,4,752806d4787a1788,70998,38,0.01,6000998,False,1,1,1,0,129,135,M,0.8
0,999,libero_object_task4,libero_object,4,b8135cd119496318,70999,39,0.01,6000999,False,1,1,1,0,137,136,M,0.8
0,1005,libero_object_task4,libero_object,4,5e6539d5946a60a8,71005,5,0.01,6001005,False,1,1,1,0,127,136,M,0.8
0,1007,libero_10_task5,libero_10,5,a03db537aa2ae008,71007,7,0.01,6001007,False,1,1,1,0,188,175,M,0.8
0,1008,libero_object_task2,libero_object,2,cee544cc1afa8c62,71008,8,0.01,6001008,False,1,1,1,0,116,159,M,0.8
0,1010,libero_object_task2,libero_object,2,445e27a79b57bd0e,71010,10,0.01,6001010,False,1,1,1,0,115,114,M,0.8
0,1011,libero_object_task8,libero_object,8,d5e8341c8e45065a,71011,11,0.01,6001011,False,1,1,1,0,128,170,M,0.8
0,1013,libero_goal_task2,libero_goal,2,cebd6e14035c9fb4,71013,13,0.01,6001013,False,1,1,1,0,100,93,M,0.8
0,1015,libero_goal_task1,libero_goal,1,13446ca6ec6cf355,71015,15,0.01,6001015,False,1,1,1,0,80,89,M,0.8
0,1020,libero_object_task4,libero_object,4,f78cf092953b7a33,71020,20,0.01,6001020,False,1,1,1,0,135,143,M,0.8
0,1025,libero_object_task2,libero_object,2,046be930c0866864,71025,25,0.01,6001025,False,1,1,1,0,115,120,M,0.8
0,1026,libero_goal_task4,libero_goal,4,792d05a07b77c8b1,71026,26,0.01,6001026,False,1,1,1,0,83,90,M,0.8
0,1027,libero_object_task8,libero_object,8,155379f92e5a1c97,71027,27,0.01,6001027,False,1,1,1,0,135,145,M,0.8
0,1030,libero_10_task5,libero_10,5,c276ce34e628e9fb,71030,30,0.01,6001030,False,1,1,1,0,183,150,M,0.8
0,1031,libero_10_task5,libero_10,5,891cd2cac9c23d7f,71031,31,0.01,6001031,False,1,1,1,0,253,199,M,0.8
0,1032,libero_goal_task1,libero_goal,1,de592366de42697a,71032,32,0.01,6001032,False,1,1,1,0,80,82,M,0.8
0,1033,libero_object_task2,libero_object,2,86cdf7eed09df8ce,71033,33,0.01,6001033,False,1,1,1,0,121,118,M,0.8
0,1034,libero_spatial_task0,libero_spatial,0,0aafadf3c5bf5c50,71034,34,0.01,6001034,False,1,1,1,0,78,72,M,0.8
0,1039,libero_object_task8,libero_object,8,5cab0643ae63aea5,71039,39,0.01,6001039,False,1,1,1,0,136,141,M,0.8
0,1044,libero_goal_task4,libero_goal,4,fb70006451b633de,71044,4,0.01,6001044,False,1,1,1,0,83,88,M,0.8
0,1045,libero_goal_task2,libero_goal,2,7d4d899a97a12676,71045,5,0.01,6001045,False,1,1,1,0,91,82,M,0.8
0,1049,libero_object_task8,libero_object,8,3f11144bf46e15a5,71049,9,0.01,6001049,False,1,1,1,0,147,142,M,0.8
0,1052,libero_spatial_task0,libero_spatial,0,cce5b643dfd7b1dc,71052,12,0.01,6001052,False,1,1,1,0,80,79,M,0.8
0,1054,libero_goal_task4,libero_goal,4,ed577fa162353eaa,71054,14,0.01,6001054,False,1,1,1,0,81,89,M,0.8
0,1055,libero_10_task5,libero_10,5,b418517d9b1bd69f,71055,15,0.01,6001055,False,1,1,1,0,277,153,M,0.8
0,1058,libero_goal_task1,libero_goal,1,299e73c872eadb8e,71058,18,0.01,6001058,False,1,1,1,0,79,91,M,0.8
0,1062,libero_spatial_task0,libero_spatial,0,44c878b04fe60e58,71062,22,0.01,6001062,False,1,1,1,0,81,83,M,0.8
0,1067,libero_10_task5,libero_10,5,1e8838660859342d,71067,27,0.01,6001067,False,1,1,1,0,287,232,M,0.8
0,1069,libero_goal_task2,libero_goal,2,cee22617dcfe33e6,71069,29,0.01,6001069,False,1,1,1,0,83,85,M,0.8
0,1070,libero_goal_task7,libero_goal,7,3f361d77b9841090,71070,30,0.01,6001070,False,1,1,1,0,73,66,M,0.8
0,1071,libero_goal_task7,libero_goal,7,955ce321b5f5f1fd,71071,31,0.01,6001071,False,1,1,1,0,71,73,M,0.8
0,1074,libero_goal_task2,libero_goal,2,9e2c01ba02f6fc32,71074,34,0.01,6001074,False,1,1,1,0,107,100,M,0.8
0,1075,libero_goal_task1,libero_goal,1,56d96ccc814f9fd2,71075,35,0.01,6001075,False,1,1,1,0,74,80,M,0.8
0,1077,libero_10_task5,libero_10,5,b520e10f48e10a3b,71077,37,0.01,6001077,False,1,1,1,0,160,157,M,0.8
0,1078,libero_object_task2,libero_object,2,5752fb5838c926da,71078,38,0.01,6001078,False,1,1,1,0,114,118,M,0.8
0,1079,libero_goal_task1,libero_goal,1,78e9d624bb4228c9,71079,39,0.01,6001079,False,1,1,1,0,89,97,M,0.8
0,1081,libero_goal_task4,libero_goal,4,dc8b8ec7e2835490,71081,1,0.01,6001081,False,1,1,1,0,81,87,M,0.8
0,1086,libero_object_task8,libero_object,8,2856000fc15ba101,71086,6,0.01,6001086,False,0,0,1,-1,280,144,M,0.816
0,1087,libero_goal_task7,libero_goal,7,9edc1c59e89405de,71087,7,0.01,6001087,False,1,1,1,0,72,84,M,0.8
0,1091,libero_object_task2,libero_object,2,4ef5944753439a7e,71091,11,0.01,6001091,False,1,1,1,0,114,111,M,0.8
0,1093,libero_goal_task4,libero_goal,4,1c11c7439d307491,71093,13,0.01,6001093,False,1,1,1,0,77,85,M,0.8
0,1096,libero_goal_task2,libero_goal,2,7df9f3efe6416702,71096,16,0.01,6001096,False,1,1,1,0,92,93,M,0.8
0,1101,libero_goal_task7,libero_goal,7,b2a23fef262c64c8,71101,21,0.01,6001101,False,1,1,1,0,68,64,M,0.8
0,1104,libero_goal_task2,libero_goal,2,0fb11b212c974210,71104,24,0.01,6001104,False,1,1,1,0,87,90,M,0.8
0,1105,libero_10_task5,libero_10,5,cb30155423117284,71105,25,0.01,6001105,False,1,1,1,0,253,218,M,0.8
0,1107,libero_goal_task4,libero_goal,4,70b29bd7ff1d8d63,71107,27,0.01,6001107,False,1,1,1,0,79,83,M,0.8
0,1109,libero_object_task4,libero_object,4,05b233bedd853151,71109,29,0.01,6001109,False,1,1,1,0,127,129,M,0.8
0,1110,libero_object_task2,libero_object,2,75d49e429d31c191,71110,30,0.01,6001110,False,1,1,1,0,107,118,M,0.8
0,1113,libero_goal_task2,libero_goal,2,03cb2ec353f1850e,71113,33,0.01,6001113,False,1,1,1,0,95,96,M,0.8
0,1114,libero_goal_task7,libero_goal,7,111bd2c14147475d,71114,34,0.01,6001114,False,1,1,1,0,72,78,M,0.8
0,1115,libero_goal_task4,libero_goal,4,13f0832d8188805f,71115,35,0.01,6001115,False,1,1,1,0,78,81,M,0.8
0,1116,libero_object_task8,libero_object,8,753f12bba4d2f227,71116,36,0.01,6001116,False,1,1,1,0,138,154,M,0.812
0,1118,libero_goal_task1,libero_goal,1,4ec0324b6cfb2d33,71118,38,0.01,6001118,False,1,1,1,0,85,86,M,0.8
0,1120,libero_object_task8,libero_object,8,75fbb4a3857dd124,71120,0,0.01,6001120,False,1,1,1,0,138,140,M,0.808
0,1123,libero_goal_task1,libero_goal,1,7f0a903676fa22fc,71123,3,0.01,6001123,False,1,1,1,0,83,85,M,0.8
0,1126,libero_object_task4,libero_object,4,cc82d4824a3d807e,71126,6,0.01,6001126,False,1,1,1,0,129,129,M,0.8
0,1128,libero_object_task2,libero_object,2,c56bb344154725b7,71128,8,0.01,6001128,False,1,1,1,0,115,121,M,0.8
0,1129,libero_goal_task7,libero_goal,7,7908dac2622fb481,71129,9,0.01,6001129,False,1,1,1,0,68,72,M,0.8
0,1139,libero_goal_task4,libero_goal,4,3c8c798ff77dbcbf,71139,19,0.01,6001139,False,1,1,1,0,83,89,M,0.8
0,1142,libero_goal_task2,libero_goal,2,a0c7eb19ccb6b081,71142,22,0.01,6001142,False,1,1,1,0,97,93,M,0.8
0,1144,libero_goal_task1,libero_goal,1,58d7e358757fa999,71144,24,0.01,6001144,False,1,1,1,0,84,89,M,0.8
0,1145,libero_goal_task4,libero_goal,4,23e0fdb2052b7143,71145,25,0.01,6001145,False,1,1,1,0,85,88,M,0.8
0,1148,libero_goal_task2,libero_goal,2,e6d674d6178e6ca7,71148,28,0.01,6001148,False,1,1,0,1,104,300,M,0.8
0,1150,libero_10_task5,libero_10,5,da13c89621e0f9a4,71150,30,0.01,6001150,False,1,1,1,0,156,180,M,0.8
0,1154,libero_goal_task7,libero_goal,7,8479e572b9bc2586,71154,34,0.01,6001154,False,1,1,1,0,72,76,M,0.8
0,1155,libero_object_task8,libero_object,8,fd8245f4e7a5281f,71155,35,0.01,6001155,False,1,1,1,0,129,143,M,0.804
0,1157,libero_object_task2,libero_object,2,138a8d860a9031be,71157,37,0.01,6001157,False,1,1,1,0,111,117,M,0.8
0,1160,libero_goal_task1,libero_goal,1,105077389226efc1,71160,0,0.01,6001160,False,1,1,1,0,85,86,M,0.8
0,1163,libero_goal_task7,libero_goal,7,fe6d89ed62f37a64,71163,3,0.01,6001163,False,1,1,1,0,71,77,M,0.8
0,1167,libero_goal_task4,libero_goal,4,0612bb689aa81f25,71167,7,0.01,6001167,False,1,1,1,0,76,83,M,0.8
0,1168,libero_goal_task4,libero_goal,4,e5c837a2a06b7b39,71168,8,0.01,6001168,False,1,1,1,0,80,88,M,0.8
0,1170,libero_object_task8,libero_object,8,90743f9cb811af23,71170,10,0.01,6001170,False,1,1,1,0,166,145,M,0.8
0,1173,libero_10_task5,libero_10,5,bc83abd0056d77b6,71173,13,0.01,6001173,False,1,1,1,0,154,168,M,0.8
0,1177,libero_10_task5,libero_10,5,7984c1a92edd9345,71177,17,0.01,6001177,False,1,1,1,0,171,196,M,0.8
0,1181,libero_goal_task2,libero_goal,2,bc70b71c8f247e93,71181,21,0.01,6001181,False,1,1,1,0,89,86,M,0.8
0,1183,libero_goal_task1,libero_goal,1,18689397ac13249f,71183,23,0.01,6001183,False,1,1,1,0,94,90,M,0.8
0,1189,libero_object_task8,libero_object,8,fc47d17cdda7ab41,71189,29,0.01,6001189,False,1,1,1,0,137,147,M,0.8
0,1192,libero_spatial_task0,libero_spatial,0,d219befd0a51a0d6,71192,32,0.01,6001192,False,1,1,1,0,80,78,M,0.8
0,1199,libero_goal_task7,libero_goal,7,d9a0ddb444b6e04a,71199,39,0.01,6001199,False,1,1,1,0,72,72,M,0.8
0,1201,libero_object_task8,libero_object,8,6c36e0562961201b,71201,1,0.01,6001201,False,1,1,1,0,138,153,M,0.8
0,1202,libero_goal_task4,libero_goal,4,f962c91169c21a9e,71202,2,0.01,6001202,False,1,1,1,0,78,85,M,0.8
0,1203,libero_object_task2,libero_object,2,363c52e61ddcd12c,71203,3,0.01,6001203,False,1,1,1,0,135,119,M,0.8
0,1208,libero_goal_task4,libero_goal,4,400363cccc14e2b0,71208,8,0.01,6001208,False,1,1,1,0,78,86,M,0.8
0,1209,libero_10_task5,libero_10,5,ca438c0df211e4f6,71209,9,0.01,6001209,False,1,1,1,0,183,152,M,0.8
0,1215,libero_goal_task2,libero_goal,2,3edc4e44e0b9cc69,71215,15,0.01,6001215,False,1,1,1,0,92,96,M,0.8
0,1216,libero_goal_task4,libero_goal,4,a609fedb6ee4f889,71216,16,0.01,6001216,False,1,1,1,0,79,85,M,0.8
0,1218,libero_goal_task4,libero_goal,4,83e9edeb92bd471a,71218,18,0.01,6001218,False,1,1,1,0,84,88,M,0.8
0,1221,libero_object_task2,libero_object,2,838545a56bbbafce,71221,21,0.01,6001221,False,1,1,1,0,109,119,M,0.8
0,1223,libero_goal_task2,libero_goal,2,8ea81d66a5e37005,71223,23,0.01,6001223,False,1,1,1,0,100,84,M,0.8
0,1227,libero_object_task2,libero_object,2,c08e5f68f7afcdfe,71227,27,0.01,6001227,False,1,1,1,0,120,120,M,0.8
0,1229,libero_goal_task2,libero_goal,2,6e7f6bf6156d2deb,71229,29,0.01,6001229,False,1,1,1,0,83,83,M,0.8
0,1231,libero_10_task5,libero_10,5,aa36875d6c47d264,71231,31,0.01,6001231,False,1,1,1,0,204,167,M,0.8
0,1234,libero_object_task8,libero_object,8,7b1588e2f21e5d32,71234,34,0.01,6001234,False,1,1,1,0,149,254,M,0.8
0,1235,libero_spatial_task0,libero_spatial,0,89e9afd73598cb7a,71235,35,0.01,6001235,False,1,1,1,0,79,79,M,0.8
0,1239,libero_object_task8,libero_object,8,da8ffeaafaa047e6,71239,39,0.01,6001239,False,1,1,1,0,164,145,M,0.8
0,1253,libero_object_task4,libero_object,4,4b161b42f3d6e14f,71253,13,0.01,6001253,False,1,1,1,0,129,144,M,0.8
0,1254,libero_10_task5,libero_10,5,d8379c18f0804f91,71254,14,0.01,6001254,False,1,1,1,0,174,172,M,0.8
0,1255,libero_object_task8,libero_object,8,21f3db7bfb05555b,71255,15,0.01,6001255,False,1,1,1,0,134,157,M,0.8
0,1257,libero_object_task2,libero_object,2,e436d03a8918e5ae,71257,17,0.01,6001257,False,1,1,1,0,113,121,M,0.8
0,1262,libero_goal_task1,libero_goal,1,579d0f9db4c6ed7f,71262,22,0.01,6001262,False,1,1,1,0,80,87,M,0.8
0,1266,libero_object_task4,libero_object,4,8800f9553961a31d,71266,26,0.01,6001266,False,1,1,1,0,145,139,M,0.8
0,1271,libero_object_task2,libero_object,2,16cdd8120300d399,71271,31,0.01,6001271,False,1,1,1,0,113,118,M,0.8
0,1273,libero_goal_task1,libero_goal,1,d140b5ea908d3e72,71273,33,0.01,6001273,False,1,1,1,0,85,93,M,0.8
0,1276,libero_goal_task4,libero_goal,4,db55a758b14fedfa,71276,36,0.01,6001276,False,1,1,1,0,85,86,M,0.8
0,1279,libero_goal_task1,libero_goal,1,e321f9e60399127d,71279,39,0.01,6001279,False,1,1,1,0,96,86,M,0.8
0,1282,libero_spatial_task0,libero_spatial,0,6a7c2f56626e5d42,71282,2,0.01,6001282,False,0,0,0,0,220,220,M,0.816
0,1283,libero_goal_task4,libero_goal,4,2153ac29e5158b79,71283,3,0.01,6001283,False,1,1,1,0,87,84,M,0.8
0,1289,libero_goal_task2,libero_goal,2,f618edab3ff0fe23,71289,9,0.01,6001289,False,1,1,1,0,96,85,M,0.8
0,1290,libero_object_task2,libero_object,2,4bcd3cda9d3959ee,71290,10,0.01,6001290,False,1,1,1,0,112,114,M,0.8
0,1292,libero_goal_task2,libero_goal,2,813dacfbf9c5a75e,71292,12,0.01,6001292,False,1,1,1,0,94,83,M,0.8
0,1293,libero_object_task8,libero_object,8,be469105d79283b7,71293,13,0.01,6001293,False,1,1,1,0,191,153,M,0.8
0,1295,libero_spatial_task0,libero_spatial,0,a34bd65d27b386d1,71295,15,0.01,6001295,False,1,1,1,0,72,71,M,0.812
0,1297,libero_goal_task4,libero_goal,4,cea41b56118f6e56,71297,17,0.01,6001297,False,1,1,1,0,89,88,M,0.8
0,1298,libero_object_task8,libero_object,8,aa41786f7d1dc200,71298,18,0.01,6001298,False,1,1,1,0,182,146,M,0.8
0,1303,libero_spatial_task0,libero_spatial,0,f95ae250c9be2aa5,71303,23,0.01,6001303,False,1,1,1,0,77,75,M,0.808
0,1304,libero_goal_task1,libero_goal,1,fd6515d3556c0fd4,71304,24,0.01,6001304,False,1,1,1,0,85,93,M,0.8
0,1306,libero_goal_task1,libero_goal,1,575af81050689dcb,71306,26,0.01,6001306,False,1,1,1,0,76,76,M,0.8
0,1308,libero_object_task2,libero_object,2,fc3747fdf24fa559,71308,28,0.01,6001308,False,1,1,1,0,115,120,M,0.8
0,1312,libero_goal_task7,libero_goal,7,f2db7f9aa30408a7,71312,32,0.01,6001312,False,1,1,1,0,74,70,M,0.8
0,1313,libero_object_task8,libero_object,8,1cf4bd931af97409,71313,33,0.01,6001313,False,1,1,1,0,143,154,M,0.8
0,1314,libero_goal_task4,libero_goal,4,8e89927647e51ffc,71314,34,0.01,6001314,False,1,1,1,0,80,85,M,0.8
0,1318,libero_object_task4,libero_object,4,a2e895f18f29c928,71318,38,0.01,6001318,False,1,1,1,0,127,132,M,0.8
0,1321,libero_object_task4,libero_object,4,6d2dc29a3c80fefd,71321,1,0.01,6001321,False,1,1,1,0,140,134,M,0.8
0,1326,libero_spatial_task0,libero_spatial,0,05aadad80c1614fe,71326,6,0.01,6001326,False,0,0,0,0,220,220,M,0.824
0,1329,libero_object_task8,libero_object,8,d24213a034a43981,71329,9,0.01,6001329,False,1,1,1,0,134,144,M,0.8
0,1330,libero_goal_task7,libero_goal,7,cdb880d552450dc7,71330,10,0.01,6001330,False,1,1,1,0,70,77,M,0.8
0,1335,libero_goal_task2,libero_goal,2,3172c1b051b7ed68,71335,15,0.01,6001335,False,1,1,1,0,102,92,M,0.8
0,1338,libero_goal_task1,libero_goal,1,720af5163084e5fd,71338,18,0.01,6001338,False,1,1,1,0,77,91,M,0.8
0,1339,libero_object_task2,libero_object,2,a6babb3b5b2a37a9,71339,19,0.01,6001339,False,1,1,1,0,115,115,M,0.8
0,1344,libero_goal_task2,libero_goal,2,accbbcf03fa5672f,71344,24,0.01,6001344,False,1,1,1,0,86,86,M,0.8
0,1347,libero_goal_task4,libero_goal,4,3d40ce5707513a35,71347,27,0.01,6001347,False,1,1,1,0,79,89,M,0.8
0,1349,libero_goal_task1,libero_goal,1,239a1d09cef500be,71349,29,0.01,6001349,False,1,1,1,0,80,80,M,0.8
0,1352,libero_goal_task4,libero_goal,4,a46ec68bcf699cdf,71352,32,0.01,6001352,False,1,1,1,0,82,89,M,0.8
0,1353,libero_goal_task2,libero_goal,2,23a9a56a30e7f751,71353,33,0.01,6001353,False,1,1,1,0,93,87,M,0.8
0,1355,libero_object_task4,libero_object,4,fc0b22fcc48ee9f0,71355,35,0.01,6001355,False,1,1,1,0,133,134,M,0.8
0,1356,libero_goal_task7,libero_goal,7,d08a383f4fb2e88a,71356,36,0.01,6001356,False,1,1,1,0,73,73,M,0.8
0,1359,libero_goal_task7,libero_goal,7,7ce4b5129bde15fa,71359,39,0.01,6001359,False,1,1,1,0,72,67,M,0.8
0,1360,libero_spatial_task0,libero_spatial,0,e445159b9e81baef,71360,0,0.01,6001360,False,1,1,1,0,79,77,M,0.82
0,1363,libero_object_task2,libero_object,2,f362252e64f7fa19,71363,3,0.01,6001363,False,1,1,1,0,136,122,M,0.8
0,1366,libero_goal_task7,libero_goal,7,46c1e5ba509285dd,71366,6,0.01,6001366,False,1,1,1,0,79,76,M,0.8
0,1370,libero_goal_task1,libero_goal,1,8b694c7e9d4ad745,71370,10,0.01,6001370,False,1,1,1,0,80,85,M,0.8
0,1374,libero_goal_task1,libero_goal,1,961da70b0679d37f,71374,14,0.01,6001374,False,1,1,1,0,82,79,M,0.8
0,1380,libero_spatial_task0,libero_spatial,0,fb5909955d1a3ab2,71380,20,0.01,6001380,False,1,1,1,0,79,83,M,0.816
0,1382,libero_spatial_task0,libero_spatial,0,40ab2c52d3d75abd,71382,22,0.01,6001382,False,1,1,1,0,80,77,M,0.812
0,1384,libero_goal_task7,libero_goal,7,9ed981394ff7840a,71384,24,0.01,6001384,False,1,1,1,0,82,79,M,0.8
0,1388,libero_object_task4,libero_object,4,2e44af5068ad1e28,71388,28,0.01,6001388,False,1,1,1,0,129,138,M,0.8
0,1391,libero_object_task4,libero_object,4,eb4ba4dd6d3db1e1,71391,31,0.01,6001391,False,1,1,1,0,128,150,M,0.8
0,1405,libero_goal_task1,libero_goal,1,c8d6fb5984ba7d00,71405,5,0.01,6001405,False,1,1,1,0,90,87,M,0.8
0,1406,libero_goal_task2,libero_goal,2,f24364a55affa85e,71406,6,0.01,6001406,False,1,1,1,0,91,96,M,0.8
0,1410,libero_goal_task7,libero_goal,7,468901567e8ddd6e,71410,10,0.01,6001410,False,1,1,1,0,72,70,M,0.8
0,1411,libero_goal_task2,libero_goal,2,40af29103d808874,71411,11,0.01,6001411,False,1,1,1,0,87,84,M,0.8
0,1412,libero_goal_task1,libero_goal,1,986549c73ca09525,71412,12,0.01,6001412,False,0,0,1,-1,300,95,M,0.816
0,1416,libero_goal_task2,libero_goal,2,e0b5efa6b9ee781c,71416,16,0.01,6001416,False,1,1,1,0,94,95,M,0.8
0,1418,libero_10_task5,libero_10,5,411790f907730701,71418,18,0.01,6001418,False,1,1,1,0,152,163,M,0.8
0,1427,libero_10_task5,libero_10,5,248d85b523a19165,71427,27,0.01,6001427,False,1,1,1,0,184,191,M,0.8
0,1428,libero_10_task5,libero_10,5,5f229d3efd26d6f5,71428,28,0.01,6001428,False,1,1,1,0,314,185,M,0.8
0,1429,libero_goal_task2,libero_goal,2,f71b80a058edbe96,71429,29,0.01,6001429,False,1,1,1,0,84,82,M,0.8
0,1432,libero_goal_task4,libero_goal,4,7936bf2ca7c00b68,71432,32,0.01,6001432,False,1,1,1,0,88,83,M,0.8
0,1433,libero_object_task2,libero_object,2,a23d1db34928aa14,71433,33,0.01,6001433,False,1,1,1,0,115,129,M,0.8
0,1434,libero_object_task2,libero_object,2,6157b777c6e230be,71434,34,0.01,6001434,False,1,1,1,0,107,114,M,0.8
0,1435,libero_goal_task2,libero_goal,2,7ba236b0b20a2554,71435,35,0.01,6001435,False,1,1,1,0,90,94,M,0.8
0,1436,libero_goal_task7,libero_goal,7,ef72f10a92892480,71436,36,0.01,6001436,False,1,1,1,0,73,70,M,0.8
0,1437,libero_object_task4,libero_object,4,9ff119e9bdfadcb9,71437,37,0.01,6001437,False,1,1,1,0,129,137,M,0.8
0,1443,libero_object_task4,libero_object,4,fe6a8670627f114d,71443,3,0.01,6001443,False,1,1,1,0,139,151,M,0.8
0,1444,libero_goal_task1,libero_goal,1,f98d5f3f4416c074,71444,4,0.01,6001444,False,1,1,1,0,86,84,M,0.812
0,1453,libero_object_task4,libero_object,4,9ad381ab92c8dac7,71453,13,0.01,6001453,False,1,1,1,0,123,128,M,0.8
0,1457,libero_goal_task2,libero_goal,2,887c679b7a432a94,71457,17,0.01,6001457,False,1,1,1,0,95,94,M,0.8
0,1458,libero_goal_task4,libero_goal,4,a95abe386e6371e1,71458,18,0.01,6001458,False,1,1,1,0,82,93,M,0.8
0,1464,libero_goal_task4,libero_goal,4,ee966e94cd82c4c7,71464,24,0.01,6001464,False,1,1,1,0,83,83,M,0.8
0,1467,libero_goal_task4,libero_goal,4,7442779964016bf9,71467,27,0.01,6001467,False,1,1,1,0,76,81,M,0.8
0,1469,libero_spatial_task0,libero_spatial,0,dbf6bc1c90735b21,71469,29,0.01,6001469,False,1,1,1,0,75,74,M,0.808
0,1470,libero_goal_task2,libero_goal,2,5798d339a41808b5,71470,30,0.01,6001470,False,1,1,1,0,94,89,M,0.8
0,1471,libero_spatial_task0,libero_spatial,0,518b80f35d3c63fa,71471,31,0.01,6001471,False,0,0,1,-1,220,86,M,0.824
0,1473,libero_goal_task4,libero_goal,4,1f4fbcf4a84d9d70,71473,33,0.01,6001473,False,1,1,1,0,87,86,M,0.8
0,1482,libero_spatial_task0,libero_spatial,0,41f8e10910656a0e,71482,2,0.01,6001482,False,1,1,1,0,77,78,M,0.82
0,1483,libero_object_task2,libero_object,2,a194e3ff34363c54,71483,3,0.01,6001483,False,1,1,1,0,118,119,M,0.8
0,1484,libero_spatial_task0,libero_spatial,0,fc0d3ac142d95f50,71484,4,0.01,6001484,False,1,1,1,0,73,71,M,0.816
0,1485,libero_object_task4,libero_object,4,26356f1be56126f9,71485,5,0.01,6001485,False,1,1,1,0,127,140,M,0.8
0,1491,libero_goal_task7,libero_goal,7,ef1c2eecb9ace53a,71491,11,0.01,6001491,False,1,1,1,0,80,80,M,0.8
0,1492,libero_10_task5,libero_10,5,87869951f9303bbe,71492,12,0.01,6001492,False,1,1,1,0,345,226,M,0.8
0,1494,libero_object_task2,libero_object,2,c4503a12a37eabeb,71494,14,0.01,6001494,False,1,1,1,0,110,109,M,0.8
0,1505,libero_goal_task4,libero_goal,4,d1d132d1f743a0c8,71505,25,0.01,6001505,False,1,1,1,0,90,86,M,0.8
0,1507,libero_object_task2,libero_object,2,8cd8ed2709d9e569,71507,27,0.01,6001507,False,1,1,1,0,117,118,M,0.8
0,1510,libero_goal_task1,libero_goal,1,abdb544cb3b77bff,71510,30,0.01,6001510,False,1,1,1,0,82,85,M,0.808
0,1517,libero_object_task2,libero_object,2,cb6ead05f33ab2c2,71517,37,0.01,6001517,False,1,1,1,0,115,114,M,0.8
0,1525,libero_goal_task1,libero_goal,1,e2d8f090d894ce5e,71525,5,0.01,6001525,False,1,1,1,0,89,89,M,0.804
0,1526,libero_goal_task4,libero_goal,4,9419166170e18b6b,71526,6,0.01,6001526,False,1,1,1,0,81,85,M,0.8
0,1533,libero_goal_task2,libero_goal,2,06abb9e9d3766afe,71533,13,0.01,6001533,False,1,1,1,0,93,104,M,0.8
0,1534,libero_object_task8,libero_object,8,f75c140e1424f7f5,71534,14,0.01,6001534,False,1,1,1,0,138,143,M,0.8
0,1535,libero_goal_task7,libero_goal,7,94f0ab247afdfc1c,71535,15,0.01,6001535,False,1,1,1,0,71,76,M,0.8
0,1538,libero_goal_task1,libero_goal,1,4367150cfe0512ab,71538,18,0.01,6001538,False,1,1,1,0,77,84,M,0.8
0,1540,libero_spatial_task0,libero_spatial,0,53374346d40700b8,71540,20,0.01,6001540,False,1,1,1,0,79,84,M,0.812
0,1542,libero_object_task8,libero_object,8,15af27ad1b4e61c4,71542,22,0.01,6001542,False,1,1,1,0,136,146,M,0.8
0,1543,libero_goal_task2,libero_goal,2,f85535d180eb1865,71543,23,0.01,6001543,False,1,1,1,0,96,91,M,0.8
0,1555,libero_object_task4,libero_object,4,831cd0a27aff4c3e,71555,35,0.01,6001555,False,1,1,1,0,134,132,M,0.8
0,1559,libero_goal_task2,libero_goal,2,7df271458f18f564,71559,39,0.01,6001559,False,1,1,1,0,91,87,M,0.8
0,1561,libero_object_task8,libero_object,8,a9ce4fa7260b9ab9,71561,1,0.01,6001561,False,1,1,1,0,165,151,M,0.8
0,1562,libero_10_task5,libero_10,5,f939d2fbb0f68933,71562,2,0.01,6001562,False,1,1,1,0,164,157,M,0.8
0,1565,libero_goal_task7,libero_goal,7,7a9f856a37303cef,71565,5,0.01,6001565,False,1,1,1,0,78,76,M,0.8
0,1567,libero_object_task4,libero_object,4,6b5d1debf0abca14,71567,7,0.01,6001567,False,1,1,1,0,135,142,M,0.8
0,1570,libero_object_task2,libero_object,2,285cec511b032671,71570,10,0.01,6001570,False,1,1,1,0,115,120,M,0.8
0,1575,libero_object_task4,libero_object,4,645ef1e7e08e17ea,71575,15,0.01,6001575,False,1,1,1,0,132,140,M,0.8
0,1578,libero_spatial_task0,libero_spatial,0,415a01b875b8dc68,71578,18,0.01,6001578,False,1,1,1,0,78,82,M,0.808
0,1580,libero_object_task4,libero_object,4,f660a1c7794556d6,71580,20,0.01,6001580,False,1,1,1,0,127,134,M,0.8
0,1581,libero_goal_task1,libero_goal,1,a54f7013afcf860f,71581,21,0.01,6001581,False,1,1,1,0,90,93,M,0.8
0,1583,libero_object_task4,libero_object,4,cc86a703dba4f305,71583,23,0.01,6001583,False,1,1,1,0,128,136,M,0.8
0,1585,libero_object_task8,libero_object,8,6b2a5f621a824aa2,71585,25,0.01,6001585,False,1,1,1,0,135,144,M,0.8
0,1587,libero_goal_task4,libero_goal,4,fe542cb04a72525b,71587,27,0.01,6001587,False,1,1,1,0,80,86,M,0.8
0,1589,libero_10_task5,libero_10,5,db04b6ba853ebedb,71589,29,0.01,6001589,False,1,1,1,0,200,173,M,0.8
0,1591,libero_goal_task7,libero_goal,7,4b7eb62a9504243a,71591,31,0.01,6001591,False,1,1,1,0,73,74,M,0.8
0,1593,libero_goal_task1,libero_goal,1,e39b59693623d1a2,71593,33,0.01,6001593,False,1,1,1,0,85,86,M,0.8
0,1594,libero_goal_task4,libero_goal,4,d416d717f51b7256,71594,34,0.01,6001594,False,1,1,1,0,80,87,M,0.8
0,1595,libero_goal_task2,libero_goal,2,7533b96772228396,71595,35,0.01,6001595,False,0,0,1,-1,300,91,M,0.816
0,1598,libero_goal_task1,libero_goal,1,f30d20af80063ddf,71598,38,0.01,6001598,False,1,1,1,0,84,98,M,0.8
0,1599,libero_goal_task2,libero_goal,2,e42d8ce01db7242b,71599,39,0.01,6001599,False,1,1,1,0,97,102,M,0.812
0,1600,libero_goal_task7,libero_goal,7,bd98a5331c0748a9,71600,0,0.01,6001600,False,1,1,1,0,79,79,M,0.8
0,1603,libero_object_task2,libero_object,2,058552499f9c9623,71603,3,0.01,6001603,False,1,1,1,0,121,117,M,0.8
0,1605,libero_goal_task2,libero_goal,2,fa566e3f7d014cc8,71605,5,0.01,6001605,False,1,1,1,0,98,81,M,0.808
0,1607,libero_object_task4,libero_object,4,1bef086e72519440,71607,7,0.01,6001607,False,1,1,1,0,138,146,M,0.8
0,1609,libero_object_task8,libero_object,8,e2e54f29ea999bf2,71609,9,0.01,6001609,False,1,1,1,0,134,198,M,0.8
0,1612,libero_10_task5,libero_10,5,3c1622564b2aa46e,71612,12,0.01,6001612,False,1,1,1,0,283,259,M,0.8
0,1617,libero_goal_task2,libero_goal,2,a15a4442097c5005,71617,17,0.01,6001617,False,1,1,1,0,95,102,M,0.804
0,1618,libero_10_task5,libero_10,5,4030cf9181c223bb,71618,18,0.01,6001618,False,1,1,1,0,158,167,M,0.8
0,1619,libero_10_task5,libero_10,5,a12ad9185707df10,71619,19,0.01,6001619,False,0,0,1,-1,520,191,M,0.816
0,1624,libero_goal_task2,libero_goal,2,7df30af62a553ce8,71624,24,0.01,6001624,False,1,1,1,0,90,90,M,0.8
0,1627,libero_object_task4,libero_object,4,a372d9f5be3f77e7,71627,27,0.01,6001627,False,1,1,1,0,136,142,M,0.8
0,1637,libero_10_task5,libero_10,5,1e053dd3a0887e12,71637,37,0.01,6001637,False,1,1,1,0,152,160,M,0.812
0,1639,libero_10_task5,libero_10,5,d243cbefc72e1304,71639,39,0.01,6001639,False,0,0,1,-1,520,181,M,0.828
0,1643,libero_goal_task2,libero_goal,2,95f2d3ddd01ab8e2,71643,3,0.01,6001643,False,1,1,1,0,90,88,M,0.8
0,1644,libero_goal_task4,libero_goal,4,e99f86f882b557c2,71644,4,0.01,6001644,False,1,1,1,0,80,84,M,0.8
0,1645,libero_object_task2,libero_object,2,d86a871348d7e091,71645,5,0.01,6001645,False,1,1,1,0,116,123,M,0.8
0,1647,libero_10_task5,libero_10,5,31b0e2a29006ca36,71647,7,0.01,6001647,False,1,1,1,0,166,150,M,0.824
0,1648,libero_goal_task1,libero_goal,1,418fca0b3fc05a72,71648,8,0.01,6001648,False,1,1,1,0,84,93,M,0.8
0,1650,libero_object_task8,libero_object,8,a709a01cf2f244dc,71650,10,0.01,6001650,False,1,1,1,0,128,148,M,0.8
0,1652,libero_spatial_task0,libero_spatial,0,c90ba4facca43149,71652,12,0.01,6001652,False,1,1,1,0,80,76,M,0.804
0,1653,libero_goal_task1,libero_goal,1,7b0ac146dc087291,71653,13,0.01,6001653,False,1,1,1,0,81,81,M,0.8
0,1658,libero_object_task2,libero_object,2,5f70048074b25404,71658,18,0.01,6001658,False,1,1,1,0,118,119,M,0.8
0,1659,libero_10_task5,libero_10,5,cacd771e75b086d7,71659,19,0.01,6001659,False,1,1,1,0,208,180,M,0.82
0,1670,libero_object_task8,libero_object,8,9fda255065f32f2c,71670,30,0.01,6001670,False,1,1,1,0,137,144,M,0.8
0,1671,libero_object_task8,libero_object,8,804e429d0aa38167,71671,31,0.01,6001671,False,1,1,1,0,138,153,M,0.8
0,1672,libero_spatial_task0,libero_spatial,0,6a7ddedfdb40b494,71672,32,0.01,6001672,False,1,1,1,0,81,79,M,0.8
0,1677,libero_spatial_task0,libero_spatial,0,6ca54f48cd816893,71677,37,0.01,6001677,False,1,1,1,0,80,74,M,0.8
0,1682,libero_goal_task1,libero_goal,1,ad0707c3dceb006f,71682,2,0.01,6001682,False,1,1,1,0,73,72,M,0.8
0,1684,libero_goal_task2,libero_goal,2,bfc9156771b494eb,71684,4,0.01,6001684,False,1,1,1,0,84,89,M,0.8
0,1688,libero_10_task5,libero_10,5,ff9629185469e8d7,71688,8,0.01,6001688,False,1,1,1,0,143,150,M,0.816
0,1694,libero_object_task8,libero_object,8,6d17a5a708f9954e,71694,14,0.01,6001694,False,1,1,1,0,138,145,M,0.8
0,1695,libero_spatial_task0,libero_spatial,0,c1c01a3119401fce,71695,15,0.01,6001695,False,1,1,1,0,77,74,M,0.8
0,1696,libero_goal_task2,libero_goal,2,d986ad503a1a8777,71696,16,0.01,6001696,False,1,1,1,0,95,100,M,0.8
0,1698,libero_10_task5,libero_10,5,fd546d87d4e2fd16,71698,18,0.01,6001698,False,1,1,1,0,153,158,M,0.812
0,1699,libero_object_task4,libero_object,4,7daaaa1b7dfc5598,71699,19,0.01,6001699,False,1,1,1,0,136,136,M,0.8
0,1701,libero_spatial_task0,libero_spatial,0,8e4f3086d2af6251,71701,21,0.01,6001701,False,1,1,1,0,79,76,M,0.8
0,1702,libero_10_task5,libero_10,5,fa8111f17d11bddf,71702,22,0.01,6001702,False,1,1,1,0,146,172,M,0.808
0,1703,libero_goal_task2,libero_goal,2,f9bdffbc33703e12,71703,23,0.01,6001703,False,1,1,1,0,97,86,M,0.8
0,1704,libero_goal_task2,libero_goal,2,3108fb3dfb2fa058,71704,24,0.01,6001704,False,1,1,1,0,85,94,M,0.8
0,1706,libero_goal_task2,libero_goal,2,9118ee9676550fe5,71706,26,0.01,6001706,False,1,1,1,0,96,89,M,0.8
0,1708,libero_spatial_task0,libero_spatial,0,3d8be4e50e9882f7,71708,28,0.01,6001708,False,1,1,1,0,77,78,M,0.8
0,1709,libero_goal_task7,libero_goal,7,5507f20db956156c,71709,29,0.01,6001709,False,1,1,1,0,71,69,M,0.8
0,1710,libero_object_task4,libero_object,4,129fc9f0ca75ce9a,71710,30,0.01,6001710,False,1,1,1,0,134,139,M,0.8
0,1711,libero_goal_task4,libero_goal,4,31fd03d3f3e91b46,71711,31,0.01,6001711,False,1,1,1,0,79,81,M,0.8
0,1714,libero_spatial_task0,libero_spatial,0,3ff6ff02222d07d3,71714,34,0.01,6001714,False,1,1,1,0,80,77,M,0.8
0,1715,libero_goal_task2,libero_goal,2,d7ea91547c28fcf4,71715,35,0.01,6001715,False,1,1,1,0,93,89,M,0.8
0,1716,libero_goal_task4,libero_goal,4,c32bdc007a73e906,71716,36,0.01,6001716,False,1,1,1,0,81,87,M,0.8
0,1723,libero_goal_task7,libero_goal,7,bb341c03c5700665,71723,3,0.01,6001723,False,1,1,1,0,70,80,M,0.8
0,1732,libero_object_task4,libero_object,4,b5cf213284d213a0,71732,12,0.01,6001732,False,1,1,1,0,127,133,M,0.8
0,1748,libero_object_task2,libero_object,2,e40e5320dba9d6f0,71748,28,0.01,6001748,False,1,1,1,0,120,122,M,0.8
0,1750,libero_spatial_task7,libero_spatial,7,7b512143dbb6a9bc,81750,30,0.01,7001750,True,1,1,1,0,113,112,M,0.8
0,1752,libero_spatial_task0,libero_spatial,0,dfaef902481daded,71752,32,0.01,6001752,False,1,1,1,0,78,80,M,0.8
0,1753,libero_spatial_task7,libero_spatial,7,ce172b1a37235b0d,81753,33,0.01,7001753,True,1,1,1,0,110,116,M,0.8
0,1756,libero_spatial_task0,libero_spatial,0,cc9b4128b74dbc03,71756,36,0.01,6001756,False,1,1,1,0,77,75,M,0.8
0,1760,libero_spatial_task7,libero_spatial,7,9225e200521e078a,81760,0,0.01,7001760,True,1,1,1,0,108,116,M,0.8
0,1765,libero_spatial_task0,libero_spatial,0,f31cc1ee01fa4c52,71765,5,0.01,6001765,False,1,1,1,0,78,79,M,0.8
0,1766,libero_spatial_task0,libero_spatial,0,34ee3927247e2ac4,71766,6,0.01,6001766,False,1,1,1,0,79,74,M,0.8
0,1768,libero_10_task5,libero_10,5,993c4518a61589d7,71768,8,0.01,6001768,False,1,1,1,0,258,146,M,0.804
0,1769,libero_10_task5,libero_10,5,4b23d1b6e29ed1b6,71769,9,0.01,6001769,False,1,1,1,0,197,164,M,0.8
0,1770,libero_spatial_task3,libero_spatial,3,8a97955ae9d0a75f,81770,10,0.01,7001770,True,1,1,1,0,86,83,M,0.8
0,1771,libero_10_task5,libero_10,5,c67bd7fdc9d0d399,71771,11,0.01,6001771,False,1,1,1,0,161,179,M,0.8
0,1774,libero_goal_task4,libero_goal,4,94bb01efd9f4326d,71774,14,0.01,6001774,False,1,1,1,0,88,88,M,0.8
0,1775,libero_spatial_task0,libero_spatial,0,d1dac2f6cf5de92f,71775,15,0.01,6001775,False,1,1,1,0,77,78,M,0.8
0,1776,libero_goal_task7,libero_goal,7,ed2710636926332e,71776,16,0.01,6001776,False,1,1,1,0,74,78,M,0.8
0,1777,libero_goal_task7,libero_goal,7,cf9cf768765e3aca,71777,17,0.01,6001777,False,1,1,1,0,74,78,M,0.8
0,1782,libero_10_task5,libero_10,5,6dcb1ca0cd1b4731,71782,22,0.01,6001782,False,1,1,1,0,151,157,M,0.8
0,1783,libero_spatial_task3,libero_spatial,3,4997bfa9ced87d47,81783,23,0.01,7001783,True,1,1,1,0,85,80,M,0.8
0,1785,libero_object_task8,libero_object,8,9a5e76e44a481a4d,71785,25,0.01,6001785,False,1,1,1,0,159,153,M,0.8
0,1786,libero_goal_task2,libero_goal,2,fca0192a7fc72b2c,71786,26,0.01,6001786,False,1,1,1,0,93,84,M,0.8
0,1788,libero_10_task5,libero_10,5,7e733267b336308c,71788,28,0.01,6001788,False,1,1,1,0,233,175,M,0.8
0,1790,libero_goal_task4,libero_goal,4,7b68dae6e8232ee0,71790,30,0.01,6001790,False,1,1,1,0,84,89,M,0.8
0,1795,libero_goal_task7,libero_goal,7,0ea15da64d34ddd2,71795,35,0.01,6001795,False,1,1,1,0,73,69,M,0.8
0,1796,libero_10_task5,libero_10,5,c928df9a069e9b35,71796,36,0.01,6001796,False,1,1,1,0,265,188,M,0.8
0,1798,libero_goal_task7,libero_goal,7,c80118ab2411b1d9,71798,38,0.01,6001798,False,1,1,1,0,72,67,M,0.8
0,1800,libero_goal_task1,libero_goal,1,fcf24d3bc2d2a791,71800,0,0.01,6001800,False,1,1,1,0,82,84,M,0.8
0,1803,libero_goal_task7,libero_goal,7,c6b48e5f3e54bdc2,71803,3,0.01,6001803,False,1,1,1,0,75,82,M,0.8
0,1806,libero_spatial_task0,libero_spatial,0,d2c1c05bb44e706e,71806,6,0.01,6001806,False,1,1,1,0,75,71,M,0.8
0,1807,libero_spatial_task3,libero_spatial,3,0521d7e90c0f338b,81807,7,0.01,7001807,True,1,1,1,0,84,80,M,0.8
0,1810,libero_object_task4,libero_object,4,d82784f33cade54b,71810,10,0.01,6001810,False,1,1,1,0,128,137,M,0.8
0,1812,libero_spatial_task7,libero_spatial,7,a52236272081649d,81812,12,0.01,7001812,True,1,1,1,0,112,105,M,0.8
0,1813,libero_goal_task4,libero_goal,4,0392ac070a3f4d1c,71813,13,0.01,6001813,False,1,1,1,0,77,84,M,0.8
0,1814,libero_goal_task4,libero_goal,4,79b4959271d25b94,71814,14,0.01,6001814,False,1,1,1,0,77,83,M,0.8
0,1817,libero_10_task5,libero_10,5,8eeb0f6541e43631,71817,17,0.01,6001817,False,1,1,1,0,165,181,M,0.8
0,1819,libero_object_task8,libero_object,8,6d98f37e5b14581f,71819,19,0.01,6001819,False,1,1,1,0,137,156,M,0.8
0,1820,libero_goal_task2,libero_goal,2,6b386f1b5fb9cc1d,71820,20,0.01,6001820,False,1,1,1,0,93,86,M,0.8
0,1823,libero_spatial_task3,libero_spatial,3,3e68bcdc65407533,81823,23,0.01,7001823,True,1,1,1,0,89,87,M,0.8
0,1826,libero_goal_task2,libero_goal,2,d06eeff689f33e01,71826,26,0.01,6001826,False,1,1,1,0,95,98,M,0.8
0,1829,libero_object_task8,libero_object,8,19bcc3b7a3c02fbe,71829,29,0.01,6001829,False,1,1,1,0,137,147,M,0.8
0,1833,libero_object_task2,libero_object,2,abd71dd5e0b0983c,71833,33,0.01,6001833,False,1,1,1,0,115,122,M,0.8
0,1834,libero_object_task2,libero_object,2,3b5b6611af5619a8,71834,34,0.01,6001834,False,1,1,1,0,116,111,M,0.8
0,1840,libero_10_task5,libero_10,5,78e8ae044f8c4800,71840,0,0.01,6001840,False,1,1,1,0,160,163,M,0.8
0,1841,libero_goal_task7,libero_goal,7,b68bd8681f3c7477,71841,1,0.01,6001841,False,1,1,1,0,72,70,M,0.8
0,1845,libero_object_task4,libero_object,4,2cd893e2133bca06,71845,5,0.01,6001845,False,1,1,1,0,127,131,M,0.8
0,1846,libero_10_task5,libero_10,5,f026669656ed0053,71846,6,0.01,6001846,False,1,1,1,0,202,160,M,0.8
0,1850,libero_goal_task7,libero_goal,7,3c08947bc0efeb36,71850,10,0.01,6001850,False,1,1,1,0,71,73,M,0.8
0,1851,libero_object_task8,libero_object,8,0cda30e7d9835dc7,71851,11,0.01,6001851,False,1,1,1,0,127,146,M,0.8
0,1852,libero_spatial_task0,libero_spatial,0,4dd6761184dcc5ea,71852,12,0.01,6001852,False,1,1,1,0,79,75,M,0.8
0,1853,libero_goal_task1,libero_goal,1,23a2b175fc7fb062,71853,13,0.01,6001853,False,1,1,1,0,80,85,M,0.8
0,1858,libero_object_task2,libero_object,2,4589a15b4a88afea,71858,18,0.01,6001858,False,1,1,1,0,116,118,M,0.8
0,1859,libero_object_task8,libero_object,8,019b80da856f4ce3,71859,19,0.01,6001859,False,1,1,0,1,137,280,M,0.8
0,1860,libero_spatial_task0,libero_spatial,0,58b2dd66cad350e7,71860,20,0.01,6001860,False,1,1,1,0,80,80,M,0.8
0,1861,libero_spatial_task3,libero_spatial,3,cad7eed6a2a45a39,81861,21,0.01,7001861,True,0,0,1,-1,220,80,M,0.816
0,1867,libero_object_task2,libero_object,2,9138fc73c4c60082,71867,27,0.01,6001867,False,1,1,1,0,115,116,M,0.8
0,1869,libero_goal_task7,libero_goal,7,7d70f8764b132719,71869,29,0.01,6001869,False,1,1,1,0,71,67,M,0.8
0,1873,libero_10_task5,libero_10,5,10bec74add9e98bf,71873,33,0.01,6001873,False,0,0,1,-1,520,175,M,0.816
0,1875,libero_goal_task7,libero_goal,7,fd0ac24fc7336db8,71875,35,0.01,6001875,False,1,1,1,0,71,72,M,0.8
0,1880,libero_spatial_task6,libero_spatial,6,1502ee7b2e790b5c,81880,0,0.01,7001880,True,1,1,1,0,107,103,M,0.8
0,1884,libero_10_task5,libero_10,5,40a16a1428566f7c,71884,4,0.01,6001884,False,1,1,1,0,154,164,M,0.812
0,1886,libero_object_task8,libero_object,8,1ac16d5986aafa80,71886,6,0.01,6001886,False,1,1,1,0,129,149,M,0.8
0,1887,libero_spatial_task6,libero_spatial,6,14a904d449ba4da1,81887,7,0.01,7001887,True,1,1,1,0,94,103,M,0.8
0,1891,libero_goal_task4,libero_goal,4,fdb836e92536ba60,71891,11,0.01,6001891,False,1,1,1,0,80,88,M,0.8
0,1894,libero_10_task5,libero_10,5,16ca14fb2f1ab32d,71894,14,0.01,6001894,False,1,1,1,0,174,181,M,0.808
0,1895,libero_goal_task7,libero_goal,7,935c247b6fd2c6d4,71895,15,0.01,6001895,False,1,1,1,0,72,72,M,0.8
0,1896,libero_object_task4,libero_object,4,ea3ecc2fd04df2ef,71896,16,0.01,6001896,False,1,1,1,0,130,130,M,0.8
0,1905,libero_spatial_task3,libero_spatial,3,4c6e3db00236174a,81905,25,0.01,7001905,True,1,1,1,0,89,86,M,0.812
0,1907,libero_object_task2,libero_object,2,987ad70c5ae023fd,71907,27,0.01,6001907,False,1,1,1,0,123,118,M,0.8
0,1908,libero_spatial_task0,libero_spatial,0,8a593d59f9a5bcff,71908,28,0.01,6001908,False,1,1,1,0,73,76,M,0.8
0,1909,libero_spatial_task6,libero_spatial,6,88c0d73deaf5e40c,81909,29,0.01,7001909,True,1,1,1,0,115,107,M,0.8
0,1920,libero_object_task4,libero_object,4,c8ec255fce405353,71920,0,0.01,6001920,False,1,1,1,0,142,146,M,0.8
0,1922,libero_spatial_task0,libero_spatial,0,1d24d6a346606c66,71922,2,0.01,6001922,False,1,1,1,0,77,76,M,0.8
0,1923,libero_object_task2,libero_object,2,aadc88e2cbce2600,71923,3,0.01,6001923,False,1,1,1,0,116,117,M,0.8
0,1925,libero_object_task4,libero_object,4,e8b0316df5d423ca,71925,5,0.01,6001925,False,1,1,1,0,128,143,M,0.8
0,1929,libero_object_task2,libero_object,2,b528fea1fe4e5278,71929,9,0.01,6001929,False,1,1,1,0,113,117,M,0.8
0,1930,libero_spatial_task3,libero_spatial,3,e8efe2f5366e123a,81930,10,0.01,7001930,True,1,1,1,0,82,81,M,0.808
0,1933,libero_goal_task4,libero_goal,4,28261823e2fdc414,71933,13,0.01,6001933,False,1,1,1,0,76,81,M,0.8
0,1934,libero_object_task2,libero_object,2,d942445f66248b67,71934,14,0.01,6001934,False,1,1,1,0,116,122,M,0.8
0,1936,libero_spatial_task6,libero_spatial,6,4dd2b5eaa6d3fda2,81936,16,0.01,7001936,True,1,1,1,0,94,93,M,0.8
0,1938,libero_object_task2,libero_object,2,55e022e1559e77a1,71938,18,0.01,6001938,False,1,1,1,0,118,122,M,0.8
0,1944,libero_goal_task4,libero_goal,4,7d2c101103f765ca,71944,24,0.01,6001944,False,1,1,1,0,98,80,M,0.8
0,1946,libero_spatial_task2,libero_spatial,2,26eb9291bdbcaff5,81946,26,0.01,7001946,True,1,1,1,0,102,88,M,0.8
0,1947,libero_goal_task1,libero_goal,1,0140ab89e1d63296,71947,27,0.01,6001947,False,1,1,1,0,82,89,M,0.8
0,1949,libero_goal_task2,libero_goal,2,0310c9f26e0f09a3,71949,29,0.01,6001949,False,1,1,1,0,83,87,M,0.8
0,1952,libero_spatial_task6,libero_spatial,6,dbb02612e8b46049,81952,32,0.01,7001952,True,1,1,1,0,102,107,M,0.8
0,1953,libero_object_task4,libero_object,4,b7f1041224c5691d,71953,33,0.01,6001953,False,1,1,1,0,134,143,M,0.8
0,1962,libero_object_task4,libero_object,4,73de582b35e2f64d,71962,2,0.01,6001962,False,1,1,1,0,127,140,M,0.8
0,1964,libero_goal_task2,libero_goal,2,47f9957065d93db8,71964,4,0.01,6001964,False,1,1,1,0,83,90,M,0.8
0,1970,libero_object_task8,libero_object,8,019199150f003c8e,71970,10,0.01,6001970,False,1,1,1,0,138,146,M,0.8
0,1974,libero_spatial_task3,libero_spatial,3,520dce38ef0b1064,81974,14,0.01,7001974,True,1,1,1,0,84,83,M,0.804
0,1975,libero_goal_task4,libero_goal,4,7c93838220840e90,71975,15,0.01,6001975,False,1,1,1,0,82,82,M,0.8
0,1978,libero_goal_task4,libero_goal,4,759414ead86bac81,71978,18,0.01,6001978,False,1,1,1,0,89,89,M,0.8
0,1979,libero_10_task5,libero_10,5,525909bd7624b1cc,71979,19,0.01,6001979,False,1,1,1,0,176,168,M,0.804
0,1982,libero_goal_task1,libero_goal,1,839af5e9a85803c3,71982,22,0.01,6001982,False,1,1,1,0,80,87,M,0.8
0,1986,libero_goal_task1,libero_goal,1,3808dc2b73621f91,71986,26,0.01,6001986,False,1,1,1,0,74,80,M,0.8
0,1988,libero_object_task8,libero_object,8,ed3df351ac7c7eec,71988,28,0.01,6001988,False,1,1,1,0,147,153,M,0.8
0,1990,libero_goal_task2,libero_goal,2,59f5d35f5301a7f7,71990,30,0.01,6001990,False,1,1,1,0,98,88,M,0.8
0,1992,libero_10_task5,libero_10,5,1d826fb55dbcad39,71992,32,0.01,6001992,False,1,1,1,0,173,174,M,0.8
0,1994,libero_object_task8,libero_object,8,034cfe6f18ed7bb7,71994,34,0.01,6001994,False,1,1,1,0,138,153,M,0.8
0,1995,libero_goal_task7,libero_goal,7,fd139bd8d482bce1,71995,35,0.01,6001995,False,1,1,1,0,71,73,M,0.8
0,1998,libero_object_task8,libero_object,8,dbb1c54098ea87a2,71998,38,0.01,6001998,False,1,1,1,0,137,194,M,0.8
0,1999,libero_object_task2,libero_object,2,30a72797b27796e4,71999,39,0.01,6001999,False,1,1,1,0,113,116,M,0.8
0,2005,libero_10_task5,libero_10,5,a27f77d0b1232820,72005,5,0.01,6002005,False,1,1,1,0,175,165,M,0.8
0,2013,libero_goal_task7,libero_goal,7,dfb1ca4f55cd5844,72013,13,0.01,6002013,False,1,1,1,0,71,68,M,0.8
0,2015,libero_object_task8,libero_object,8,b5eb69d2a614f76f,72015,15,0.01,6002015,False,1,1,1,0,137,194,M,0.8
0,2017,libero_object_task8,libero_object,8,9e03784b7d8e6460,72017,17,0.01,6002017,False,1,1,1,0,194,146,M,0.8
0,2020,libero_spatial_task2,libero_spatial,2,ecda408527ce0d31,82020,20,0.01,7002020,True,1,1,1,0,95,92,M,0.8
0,2023,libero_10_task5,libero_10,5,d46b99b7c1c4852e,72023,23,0.01,6002023,False,1,1,1,0,189,157,M,0.8
0,2027,libero_object_task4,libero_object,4,eceb56edad730dd5,72027,27,0.01,6002027,False,1,1,1,0,135,141,M,0.8
0,2028,libero_goal_task2,libero_goal,2,fdbea4429de46d47,72028,28,0.01,6002028,False,1,1,1,0,101,113,M,0.8
0,2029,libero_goal_task2,libero_goal,2,63728de1104e4344,72029,29,0.01,6002029,False,1,1,1,0,85,81,M,0.8
0,2031,libero_spatial_task0,libero_spatial,0,3848d69ce4e31772,72031,31,0.01,6002031,False,1,1,1,0,74,78,M,0.8
0,2036,libero_object_task4,libero_object,4,50dd72dffc0026f8,72036,36,0.01,6002036,False,1,1,1,0,128,131,M,0.8
0,2039,libero_object_task2,libero_object,2,9439f815ed355b13,72039,39,0.01,6002039,False,1,1,1,0,110,119,M,0.8
0,2043,libero_goal_task1,libero_goal,1,55d78425e8a4b15f,72043,3,0.01,6002043,False,1,1,1,0,82,81,M,0.8
0,2045,libero_object_task4,libero_object,4,999f326b3b6fe038,72045,5,0.01,6002045,False,1,1,1,0,126,133,M,0.8
0,2048,libero_goal_task2,libero_goal,2,335c84df1a20c029,72048,8,0.01,6002048,False,1,1,1,0,94,91,M,0.8
0,2049,libero_10_task5,libero_10,5,4058002e8297a34d,72049,9,0.01,6002049,False,1,1,1,0,154,166,M,0.8
0,2052,libero_spatial_task6,libero_spatial,6,8e9f059cd91d09e3,82052,12,0.01,7002052,True,1,1,1,0,105,101,M,0.8
0,2055,libero_10_task5,libero_10,5,39214c770e3625b0,72055,15,0.01,6002055,False,0,0,1,-1,520,132,M,0.816
0,2056,libero_goal_task1,libero_goal,1,6120d7b694c2aab9,72056,16,0.01,6002056,False,1,1,1,0,82,84,M,0.8
0,2059,libero_object_task2,libero_object,2,7f7677c090b2f60f,72059,19,0.01,6002059,False,1,1,1,0,115,132,M,0.8
0,2062,libero_goal_task2,libero_goal,2,68c73c124c5af9e2,72062,22,0.01,6002062,False,1,1,1,0,97,95,M,0.8
0,2063,libero_goal_task1,libero_goal,1,5844bda01caf409e,72063,23,0.01,6002063,False,1,1,1,0,93,92,M,0.8
0,2064,libero_goal_task1,libero_goal,1,41b8bc75dfd69208,72064,24,0.01,6002064,False,1,1,1,0,83,87,M,0.8
0,2068,libero_spatial_task0,libero_spatial,0,6cd7c753d5eb81c6,72068,28,0.01,6002068,False,1,1,1,0,74,77,M,0.8
0,2077,libero_goal_task1,libero_goal,1,b63d13e704a2aacb,72077,37,0.01,6002077,False,1,1,1,0,81,86,M,0.8
0,2078,libero_object_task8,libero_object,8,14619a98d385d62d,72078,38,0.01,6002078,False,1,1,1,0,137,148,M,0.8
0,2080,libero_object_task8,libero_object,8,4cc0107918c6ba25,72080,0,0.01,6002080,False,1,1,1,0,147,141,M,0.8
0,2081,libero_object_task8,libero_object,8,9c1ce29baa6b949b,72081,1,0.01,6002081,False,1,1,1,0,157,147,M,0.8
0,2082,libero_object_task8,libero_object,8,1ff73e67f81d022e,72082,2,0.01,6002082,False,1,1,1,0,137,156,M,0.8
0,2084,libero_spatial_task6,libero_spatial,6,7206cbb2f3cc2760,82084,4,0.01,7002084,True,1,1,1,0,98,103,M,0.8
0,2085,libero_spatial_task2,libero_spatial,2,0360d78f3ad5de28,82085,5,0.01,7002085,True,1,1,1,0,95,95,M,0.8
0,2087,libero_goal_task1,libero_goal,1,b144945fb5b98b84,72087,7,0.01,6002087,False,1,1,1,0,83,85,M,0.8
0,2088,libero_goal_task2,libero_goal,2,baaa6286fa5bff5f,72088,8,0.01,6002088,False,1,1,1,0,96,90,M,0.8
0,2090,libero_goal_task1,libero_goal,1,2d46e22b2aab5d61,72090,10,0.01,6002090,False,1,1,1,0,85,91,M,0.8
0,2091,libero_object_task4,libero_object,4,6a960e8aaa5ce888,72091,11,0.01,6002091,False,1,1,1,0,120,138,M,0.8
0,2092,libero_goal_task1,libero_goal,1,3fc6f05dc8e773b9,72092,12,0.01,6002092,False,1,1,1,0,84,84,M,0.8
0,2096,libero_spatial_task7,libero_spatial,7,b0367b97bfd73d65,82096,16,0.01,7002096,True,1,1,1,0,106,109,M,0.8
0,2098,libero_10_task5,libero_10,5,183733c3aca88254,72098,18,0.01,6002098,False,1,1,1,0,360,173,M,0.812
0,2099,libero_spatial_task7,libero_spatial,7,78d66450da0c117c,82099,19,0.01,7002099,True,1,1,1,0,105,109,M,0.8
0,2100,libero_goal_task7,libero_goal,7,e767ccc1e4a2593c,72100,20,0.01,6002100,False,1,1,1,0,73,71,M,0.8
0,2101,libero_goal_task1,libero_goal,1,93be0a0b373abdd0,72101,21,0.01,6002101,False,1,1,1,0,91,95,M,0.8
0,2104,libero_object_task8,libero_object,8,2d2b273709f1faa4,72104,24,0.01,6002104,False,1,1,1,0,136,153,M,0.8
0,2110,libero_object_task4,libero_object,4,452e62e939901767,72110,30,0.01,6002110,False,1,1,1,0,135,144,M,0.8
0,2111,libero_10_task5,libero_10,5,3b7abfe49a32c784,72111,31,0.01,6002111,False,1,1,1,0,167,191,M,0.808
0,2114,libero_10_task5,libero_10,5,04dcd609c570a613,72114,34,0.01,6002114,False,1,1,1,0,257,151,M,0.804
0,2116,libero_object_task8,libero_object,8,f969fe767699bbfb,72116,36,0.01,6002116,False,1,1,1,0,178,152,M,0.8
0,2123,libero_10_task5,libero_10,5,4d984e729cefb375,72123,3,0.01,6002123,False,1,1,1,0,275,175,M,0.8
0,2124,libero_spatial_task2,libero_spatial,2,41a9534e33cd1107,82124,4,0.01,7002124,True,1,1,1,0,100,96,M,0.8
0,2125,libero_goal_task4,libero_goal,4,a6c668cd38292485,72125,5,0.01,6002125,False,1,1,1,0,80,84,M,0.8
0,2128,libero_object_task8,libero_object,8,1b2886fd890e33b7,72128,8,0.01,6002128,False,1,1,1,0,191,151,M,0.8
0,2131,libero_goal_task2,libero_goal,2,b7ab2c472a8dc856,72131,11,0.01,6002131,False,1,1,1,0,85,85,M,0.8
0,2133,libero_object_task2,libero_object,2,941d42b37d13ea29,72133,13,0.01,6002133,False,1,1,1,0,115,115,M,0.8
0,2135,libero_spatial_task0,libero_spatial,0,a6609e35c0300179,72135,15,0.01,6002135,False,1,1,1,0,80,80,M,0.8
0,2136,libero_goal_task4,libero_goal,4,cd9fa6e7b9f77117,72136,16,0.01,6002136,False,1,1,1,0,77,84,M,0.8
0,2138,libero_10_task5,libero_10,5,571bc20789901642,72138,18,0.01,6002138,False,1,1,1,0,368,172,M,0.8
0,2139,libero_goal_task1,libero_goal,1,5af437a652e3cae5,72139,19,0.01,6002139,False,1,1,1,0,76,82,M,0.8
0,2145,libero_object_task4,libero_object,4,425600453abe5796,72145,25,0.01,6002145,False,1,1,1,0,127,135,M,0.8
0,2147,libero_spatial_task6,libero_spatial,6,69902dbbde41ad39,82147,27,0.01,7002147,True,1,1,1,0,107,102,M,0.8
0,2149,libero_object_task2,libero_object,2,573c1a66c7dd488a,72149,29,0.01,6002149,False,1,1,1,0,116,122,M,0.8
0,2154,libero_10_task5,libero_10,5,0bb563372f5f0f9a,72154,34,0.01,6002154,False,1,1,1,0,175,164,M,0.8
0,2155,libero_object_task8,libero_object,8,338e9526f50e1621,72155,35,0.01,6002155,False,1,1,1,0,141,150,M,0.8
0,2156,libero_object_task8,libero_object,8,413f3b54bae811c9,72156,36,0.01,6002156,False,1,1,1,0,140,144,M,0.8
0,2158,libero_10_task5,libero_10,5,e44706cb1f77252f,72158,38,0.01,6002158,False,1,1,1,0,196,182,M,0.8
0,2160,libero_object_task8,libero_object,8,3319de4c53bb260c,72160,0,0.01,6002160,False,1,1,1,0,138,141,M,0.8
0,2163,libero_goal_task7,libero_goal,7,888bf3a9154ad134,72163,3,0.01,6002163,False,1,1,1,0,68,82,M,0.8
0,2167,libero_object_task2,libero_object,2,d8e559a48611d914,72167,7,0.01,6002167,False,1,1,1,0,113,113,M,0.8
0,2168,libero_object_task2,libero_object,2,c0195f5464338640,72168,8,0.01,6002168,False,1,1,1,0,113,119,M,0.8
0,2169,libero_object_task4,libero_object,4,9c1ef2eeb9cf5a2b,72169,9,0.01,6002169,False,1,1,1,0,131,134,M,0.8
0,2176,libero_object_task2,libero_object,2,935067355f3d3a05,72176,16,0.01,6002176,False,1,1,1,0,115,116,M,0.8
0,2179,libero_spatial_task0,libero_spatial,0,41a0fe2a91ba847a,72179,19,0.01,6002179,False,1,1,1,0,77,82,M,0.8
0,2181,libero_goal_task1,libero_goal,1,e0a8be26bdc669f1,72181,21,0.01,6002181,False,1,1,1,0,88,87,M,0.8
0,2183,libero_object_task4,libero_object,4,8a3c26c41e2db1cd,72183,23,0.01,6002183,False,1,1,1,0,135,137,M,0.8
0,2189,libero_goal_task2,libero_goal,2,2f2582164add775d,72189,29,0.01,6002189,False,1,1,1,0,83,77,M,0.8
0,2190,libero_object_task4,libero_object,4,3a7c8786a53d3c15,72190,30,0.01,6002190,False,1,1,1,0,130,138,M,0.8
0,2194,libero_spatial_task0,libero_spatial,0,f8f3d4b3152d85c2,72194,34,0.01,6002194,False,1,1,1,0,75,74,M,0.8
0,2198,libero_spatial_task0,libero_spatial,0,09156d96bcb608d7,72198,38,0.01,6002198,False,1,1,1,0,78,78,M,0.8
0,2205,libero_spatial_task0,libero_spatial,0,5b42cc5fd7ac7420,72205,5,0.01,6002205,False,0,0,1,-1,220,81,M,0.816
0,2206,libero_goal_task4,libero_goal,4,a48433d67e0cbf23,72206,6,0.01,6002206,False,1,1,1,0,90,86,M,0.8
0,2207,libero_goal_task1,libero_goal,1,0672488398513528,72207,7,0.01,6002207,False,1,1,1,0,82,78,M,0.8
0,2210,libero_goal_task7,libero_goal,7,71dc35e70ed1958d,72210,10,0.01,6002210,False,1,1,1,0,70,75,M,0.8
0,2216,libero_goal_task1,libero_goal,1,2b064c63a4edffba,72216,16,0.01,6002216,False,1,1,1,0,82,88,M,0.8
0,2217,libero_spatial_task0,libero_spatial,0,f174a3c41c722ea0,72217,17,0.01,6002217,False,1,1,1,0,73,72,M,0.812
0,2219,libero_goal_task1,libero_goal,1,7a19b2f88cd7d6b9,72219,19,0.01,6002219,False,1,1,1,0,80,85,M,0.8
0,2222,libero_10_task5,libero_10,5,ef2efe0ea19faf7c,72222,22,0.01,6002222,False,1,1,1,0,158,158,M,0.8
0,2224,libero_goal_task1,libero_goal,1,e86c8903b26daa8e,72224,24,0.01,6002224,False,1,1,1,0,86,88,M,0.8
0,2225,libero_spatial_task0,libero_spatial,0,f77bb1b4d1724cf9,72225,25,0.01,6002225,False,0,0,0,0,220,220,M,0.828
0,2228,libero_10_task5,libero_10,5,8d606fceb97916b2,72228,28,0.01,6002228,False,1,1,1,0,154,168,M,0.8
0,2231,libero_spatial_task0,libero_spatial,0,ff57dafcca1dee6f,72231,31,0.01,6002231,False,1,1,1,0,77,76,M,0.824
0,2232,libero_object_task2,libero_object,2,a3ae22fbafc67f59,72232,32,0.01,6002232,False,1,1,1,0,111,119,M,0.8
0,2235,libero_spatial_task0,libero_spatial,0,4a3e0264dee559bf,72235,35,0.01,6002235,False,1,1,1,0,78,79,M,0.82
0,2236,libero_spatial_task6,libero_spatial,6,39023f5b9b8cec3b,82236,36,0.01,7002236,True,1,1,1,0,103,106,M,0.8
0,2240,libero_goal_task2,libero_goal,2,d24f31f930ba8ceb,72240,0,0.01,6002240,False,1,1,1,0,82,77,M,0.8
0,2241,libero_goal_task4,libero_goal,4,0789a2e2461016f0,72241,1,0.01,6002241,False,1,1,1,0,81,85,M,0.8
0,2243,libero_object_task4,libero_object,4,6ef74b2e3e5c441b,72243,3,0.01,6002243,False,1,1,1,0,138,131,M,0.8
0,2244,libero_goal_task7,libero_goal,7,b869277a539c33c5,72244,4,0.01,6002244,False,1,1,1,0,71,73,M,0.8
0,2245,libero_spatial_task7,libero_spatial,7,ebaa8146352fe8d3,82245,5,0.01,7002245,True,1,1,1,0,111,117,M,0.8
0,2249,libero_10_task5,libero_10,5,6b807348f741d5e8,72249,9,0.01,6002249,False,1,1,1,0,152,161,M,0.8
0,2250,libero_goal_task7,libero_goal,7,e18214dc1497d023,72250,10,0.01,6002250,False,1,1,1,0,73,74,M,0.8
0,2251,libero_goal_task4,libero_goal,4,825ed3cff07beaab,72251,11,0.01,6002251,False,1,1,1,0,86,93,M,0.8
0,2252,libero_object_task8,libero_object,8,64c549f41ff8b26b,72252,12,0.01,6002252,False,1,1,1,0,137,153,M,0.8
0,2254,libero_goal_task7,libero_goal,7,0cf7f80180780796,72254,14,0.01,6002254,False,1,1,1,0,71,68,M,0.8
0,2255,libero_goal_task4,libero_goal,4,f9dfcb93f483e6d8,72255,15,0.01,6002255,False,1,1,1,0,78,81,M,0.8
0,2263,libero_goal_task4,libero_goal,4,65db59dce32d9d51,72263,23,0.01,6002263,False,1,1,1,0,80,86,M,0.8
0,2268,libero_goal_task5,libero_goal,5,ba6b404c06c38b6f,72268,28,0.01,6002268,False,1,1,1,0,130,118,M,0.8
0,2271,libero_goal_task5,libero_goal,5,a48a04a9f4ccd288,72271,31,0.01,6002271,False,1,1,1,0,111,111,M,0.8
0,2272,libero_spatial_task2,libero_spatial,2,e24b69f1c24d1e49,82272,32,0.01,7002272,True,1,1,1,0,97,88,M,0.8
0,2273,libero_object_task4,libero_object,4,9264c6ca130bcddd,72273,33,0.01,6002273,False,1,1,1,0,135,140,M,0.8
0,2277,libero_object_task8,libero_object,8,6e0a757de30384ff,72277,37,0.01,6002277,False,1,1,0,1,174,280,M,0.8
0,2279,libero_goal_task1,libero_goal,1,824b06ad45ab77b5,72279,39,0.01,6002279,False,1,1,1,0,92,86,M,0.8
0,2280,libero_goal_task7,libero_goal,7,90ac4cf469588e6e,72280,0,0.01,6002280,False,1,1,1,0,73,77,M,0.8
0,2281,libero_10_task5,libero_10,5,45bbbd4f4f0c9eed,72281,1,0.01,6002281,False,1,1,1,0,167,160,M,0.8
0,2283,libero_10_task5,libero_10,5,b5aba3992c9942bb,72283,3,0.01,6002283,False,1,1,1,0,163,174,M,0.8
0,2287,libero_10_task5,libero_10,5,8b4ea3c305b17cd6,72287,7,0.01,6002287,False,1,1,1,0,179,151,M,0.8
0,2291,libero_object_task4,libero_object,4,f51f6660fb986292,72291,11,0.01,6002291,False,1,1,1,0,128,134,M,0.8
0,2292,libero_spatial_task0,libero_spatial,0,aaef0c1a2f5aacf5,72292,12,0.01,6002292,False,1,1,1,0,81,82,M,0.816
0,2294,libero_goal_task7,libero_goal,7,1166cfde786c1c0a,72294,14,0.01,6002294,False,1,1,1,0,71,72,M,0.8
0,2295,libero_object_task2,libero_object,2,0afd8bb3fe027ac7,72295,15,0.01,6002295,False,1,1,0,1,115,280,M,0.8
0,2301,libero_goal_task5,libero_goal,5,3609d4678d2defa6,72301,21,0.01,6002301,False,1,1,1,0,133,115,M,0.8
0,2305,libero_10_task5,libero_10,5,e34157762668872b,72305,25,0.01,6002305,False,1,1,1,0,207,175,M,0.8
0,2307,libero_spatial_task3,libero_spatial,3,7df40a39e0275ab8,82307,27,0.01,7002307,True,1,1,1,0,82,81,M,0.8
0,2309,libero_goal_task4,libero_goal,4,aea684c1e7b1a4f5,72309,29,0.01,6002309,False,1,1,1,0,83,87,M,0.8
0,2313,libero_spatial_task3,libero_spatial,3,793219258f2d9e71,82313,33,0.01,7002313,True,1,1,0,1,85,220,M,0.8
0,2315,libero_spatial_task7,libero_spatial,7,93ac37da86f7078c,82315,35,0.01,7002315,True,1,1,1,0,114,112,M,0.8
0,2325,libero_spatial_task0,libero_spatial,0,ca6e85b22f1b566f,72325,5,0.01,6002325,False,1,1,1,0,79,78,M,0.812
0,2328,libero_object_task4,libero_object,4,72a3a3d485b2de1e,72328,8,0.01,6002328,False,1,1,1,0,128,136,M,0.8
0,2330,libero_goal_task7,libero_goal,7,5b7b3d02c7fef2fa,72330,10,0.01,6002330,False,1,1,1,0,72,69,M,0.8
0,2331,libero_object_task2,libero_object,2,2eb937f3329af7d5,72331,11,0.01,6002331,False,1,1,1,0,116,113,M,0.8
0,2336,libero_10_task5,libero_10,5,f2a87b2458a22de7,72336,16,0.01,6002336,False,0,0,1,-1,520,147,M,0.816
0,2340,libero_goal_task2,libero_goal,2,96fe09d62d229473,72340,20,0.01,6002340,False,1,1,1,0,94,80,M,0.8
0,2343,libero_goal_task5,libero_goal,5,18b5171fed16c7ef,72343,23,0.01,6002343,False,0,0,1,-1,300,137,M,0.816
0,2346,libero_goal_task8,libero_goal,8,9c36c0fe9728849b,72346,26,0.01,6002346,False,1,1,1,0,77,77,M,0.8
0,2347,libero_spatial_task0,libero_spatial,0,ec057d29289b8dfa,72347,27,0.01,6002347,False,1,1,1,0,76,77,M,0.808
0,2348,libero_goal_task5,libero_goal,5,d4d2863d8a26c73a,72348,28,0.01,6002348,False,1,1,1,0,119,117,M,0.812
0,2349,libero_10_task5,libero_10,5,7abc67f0feb52e07,72349,29,0.01,6002349,False,1,1,1,0,179,187,M,0.812
0,2351,libero_10_task5,libero_10,5,c02b7d68707a579b,72351,31,0.01,6002351,False,1,1,1,0,166,158,M,0.808
0,2352,libero_10_task5,libero_10,5,86034f08afcd5fbd,72352,32,0.01,6002352,False,1,1,1,0,190,273,M,0.804
0,2353,libero_goal_task2,libero_goal,2,13c0b8324cc7a97d,72353,33,0.01,6002353,False,1,1,1,0,91,98,M,0.8
0,2354,libero_goal_task8,libero_goal,8,c3f8b59fba28c505,72354,34,0.01,6002354,False,1,1,1,0,78,79,M,0.8
0,2357,libero_object_task8,libero_object,8,b4d187c426e83efd,72357,37,0.01,6002357,False,1,1,1,0,144,149,M,0.8
0,2359,libero_object_task4,libero_object,4,6dfa9ec2dc5ea56f,72359,39,0.01,6002359,False,1,1,1,0,137,142,M,0.8
0,2360,libero_10_task5,libero_10,5,f8b76a2ec5ba9142,72360,0,0.01,6002360,False,1,1,1,0,161,172,M,0.8
0,2361,libero_goal_task8,libero_goal,8,aed8ae02b4fed1f2,72361,1,0.01,6002361,False,1,1,1,0,75,76,M,0.8
0,2363,libero_10_task5,libero_10,5,3a7ad9c5869a2a05,72363,3,0.01,6002363,False,1,1,1,0,161,208,M,0.8
0,2364,libero_goal_task8,libero_goal,8,cf4e03e378524c3d,72364,4,0.01,6002364,False,1,1,1,0,78,80,M,0.8
0,2365,libero_object_task2,libero_object,2,8c9c897867d53117,72365,5,0.01,6002365,False,1,1,1,0,114,114,M,0.8
0,2369,libero_goal_task8,libero_goal,8,95e42f0fc8a3e64d,72369,9,0.01,6002369,False,1,1,1,0,77,76,M,0.8
0,2370,libero_spatial_task0,libero_spatial,0,36b074bfa093bcf7,72370,10,0.01,6002370,False,1,1,1,0,80,80,M,0.804
0,2371,libero_goal_task7,libero_goal,7,fe79d8274cc10ba8,72371,11,0.01,6002371,False,1,1,1,0,82,71,M,0.8
0,2377,libero_goal_task1,libero_goal,1,845f8309d08c4222,72377,17,0.01,6002377,False,1,1,0,1,80,300,M,0.8
0,2378,libero_goal_task2,libero_goal,2,909cc6ac49430ffd,72378,18,0.01,6002378,False,1,1,1,0,96,97,M,0.8
0,2381,libero_object_task8,libero_object,8,9781f2c85c9401da,72381,21,0.01,6002381,False,1,1,1,0,137,144,M,0.8
0,2382,libero_goal_task8,libero_goal,8,ffabda847e974d79,72382,22,0.01,6002382,False,1,1,1,0,70,76,M,0.8
0,2384,libero_goal_task4,libero_goal,4,954a7233de562b48,72384,24,0.01,6002384,False,1,1,1,0,82,80,M,0.8
0,2389,libero_goal_task2,libero_goal,2,21db8bd5912cc28f,72389,29,0.01,6002389,False,1,1,1,0,83,84,M,0.8
0,2390,libero_object_task2,libero_object,2,c386c85793cf850d,72390,30,0.01,6002390,False,1,1,1,0,109,113,M,0.8
0,2392,libero_spatial_task7,libero_spatial,7,2f90339c50e9a3da,82392,32,0.01,7002392,True,1,1,1,0,115,113,M,0.8
0,2394,libero_goal_task8,libero_goal,8,a3005c2aa6762fd3,72394,34,0.01,6002394,False,1,1,1,0,76,79,M,0.8
0,2395,libero_object_task4,libero_object,4,842805af22da086b,72395,35,0.01,6002395,False,1,1,1,0,128,137,M,0.8
0,2396,libero_goal_task7,libero_goal,7,d2222ed9d09e74d5,72396,36,0.01,6002396,False,1,1,1,0,70,71,M,0.8
0,2399,libero_10_task5,libero_10,5,58b4ab50e71a91d7,72399,39,0.01,6002399,False,0,0,1,-1,520,162,M,0.816
0,2400,libero_goal_task6,libero_goal,6,4751e65bae33e1ea,72400,0,0.01,6002400,False,1,1,1,0,89,93,M,0.8
0,2403,libero_goal_task6,libero_goal,6,1f9755260d8f0660,72403,3,0.01,6002403,False,0,0,1,-1,300,97,M,0.816
0,2407,libero_spatial_task3,libero_spatial,3,59bdd51eb8175d57,82407,7,0.01,7002407,True,1,1,1,0,83,82,M,0.8
0,2408,libero_object_task8,libero_object,8,74fe1fbf5d91a568,72408,8,0.01,6002408,False,1,1,1,0,145,153,M,0.8
0,2409,libero_goal_task5,libero_goal,5,9a5bd4740688f5a3,72409,9,0.01,6002409,False,1,1,1,0,123,142,M,0.808
0,2410,libero_spatial_task0,libero_spatial,0,303cd955cddf0e96,72410,10,0.01,6002410,False,1,1,1,0,77,75,M,0.8
0,2412,libero_goal_task8,libero_goal,8,5e36bf660f6ab72d,72412,12,0.01,6002412,False,1,1,1,0,73,73,M,0.8
0,2414,libero_object_task8,libero_object,8,f16724afc23a9934,72414,14,0.01,6002414,False,1,1,1,0,133,139,M,0.8
0,2416,libero_10_task5,libero_10,5,f22e99cc2334c1aa,72416,16,0.01,6002416,False,1,1,1,0,329,160,M,0.812
0,2422,libero_goal_task4,libero_goal,4,a0286e76003be7be,72422,22,0.01,6002422,False,1,1,1,0,97,87,M,0.8
0,2424,libero_goal_task1,libero_goal,1,109956b1a997ba11,72424,24,0.01,6002424,False,1,1,1,0,82,90,M,0.8
0,2426,libero_goal_task1,libero_goal,1,33d3070f05247e8a,72426,26,0.01,6002426,False,1,1,1,0,73,81,M,0.8
0,2427,libero_goal_task4,libero_goal,4,41bc7ab99a39d8d4,72427,27,0.01,6002427,False,1,1,1,0,76,82,M,0.8
0,2429,libero_10_task5,libero_10,5,bc6c4d8a3c451696,72429,29,0.01,6002429,False,1,1,1,0,148,170,M,0.808
0,2431,libero_spatial_task7,libero_spatial,7,7b8f38db1460c3c6,82431,31,0.01,7002431,True,1,1,0,1,115,220,M,0.8
0,2436,libero_object_task8,libero_object,8,97056f74c06de6af,72436,36,0.01,6002436,False,1,1,1,0,137,152,M,0.8
0,2438,libero_spatial_task3,libero_spatial,3,6b4c4d82b4a1db52,82438,38,0.01,7002438,True,1,1,1,0,84,85,M,0.8
0,2440,libero_goal_task2,libero_goal,2,4fe62ffdb5ef0e1c,72440,0,0.01,6002440,False,1,1,1,0,81,78,M,0.8
0,2445,libero_10_task5,libero_10,5,9a5e4cd12740a335,72445,5,0.01,6002445,False,1,1,1,0,171,162,M,0.804
0,2447,libero_spatial_task0,libero_spatial,0,91ecc63cfd299143,72447,7,0.01,6002447,False,1,1,1,0,75,80,M,0.8
0,2449,libero_spatial_task2,libero_spatial,2,10f4afd767e02184,82449,9,0.01,7002449,True,1,1,1,0,99,98,M,0.8
0,2453,libero_goal_task7,libero_goal,7,63e1222417eb7622,72453,13,0.01,6002453,False,1,1,1,0,71,66,M,0.8
0,2454,libero_goal_task2,libero_goal,2,282fa1b135c9f8f7,72454,14,0.01,6002454,False,1,1,1,0,91,85,M,0.8
0,2455,libero_object_task5,libero_object,5,abdcfeb0b8d61814,72455,15,0.01,6002455,False,1,1,1,0,115,127,M,0.8
0,2456,libero_goal_task2,libero_goal,2,60acff44567dd5d2,72456,16,0.01,6002456,False,1,1,1,0,97,87,M,0.8
0,2457,libero_goal_task4,libero_goal,4,86593fcf75bc01f8,72457,17,0.01,6002457,False,1,1,1,0,83,88,M,0.8
0,2459,libero_goal_task4,libero_goal,4,b64a63239e594644,72459,19,0.01,6002459,False,1,1,1,0,83,87,M,0.8
0,2460,libero_goal_task5,libero_goal,5,6fc7ab9f1b3109e7,72460,20,0.01,6002460,False,1,1,1,0,122,126,M,0.804
0,2462,libero_object_task8,libero_object,8,f663aabf07daa6ee,72462,22,0.01,6002462,False,1,1,1,0,128,145,M,0.8
0,2463,libero_spatial_task0,libero_spatial,0,c475be36e7f1b1a3,72463,23,0.01,6002463,False,1,1,1,0,80,74,M,0.8
0,2473,libero_object_task5,libero_object,5,5def7661b8eeab68,72473,33,0.01,6002473,False,1,1,1,0,133,130,M,0.8
0,2474,libero_10_task5,libero_10,5,bffe57a5c85ff53b,72474,34,0.01,6002474,False,0,0,1,-1,520,172,M,0.82
0,2475,libero_10_task5,libero_10,5,1650f0d5805037f1,72475,35,0.01,6002475,False,1,1,1,0,198,178,M,0.816
0,2476,libero_object_task5,libero_object,5,bbf441bfe55d7bf2,72476,36,0.01,6002476,False,1,1,1,0,124,121,M,0.8
0,2484,libero_goal_task7,libero_goal,7,852df6eb0bbb5205,72484,4,0.01,6002484,False,1,1,1,0,73,73,M,0.8
0,2487,libero_spatial_task2,libero_spatial,2,e1b93bbf6320e487,82487,7,0.01,7002487,True,1,1,1,0,97,98,M,0.8
0,2488,libero_spatial_task0,libero_spatial,0,36e420575dc3a2c8,72488,8,0.01,6002488,False,1,1,1,0,82,77,M,0.8
0,2489,libero_object_task2,libero_object,2,e80a796fcf9f9346,72489,9,0.01,6002489,False,1,1,1,0,114,114,M,0.8
0,2490,libero_object_task4,libero_object,4,4948dd2e904c8bda,72490,10,0.01,6002490,False,1,1,1,0,129,144,M,0.8
0,2493,libero_goal_task5,libero_goal,5,143285c2101fcd79,72493,13,0.01,6002493,False,1,1,1,0,137,116,M,0.8
0,2494,libero_goal_task4,libero_goal,4,ccd80ecf9480e3eb,72494,14,0.01,6002494,False,1,1,1,0,82,87,M,0.8
0,2495,libero_spatial_task0,libero_spatial,0,55c62c06207ee80b,72495,15,0.01,6002495,False,1,1,1,0,71,77,M,0.8
0,2499,libero_goal_task1,libero_goal,1,b61fc7d2b70b554f,72499,19,0.01,6002499,False,0,0,1,-1,300,84,M,0.816
0,2504,libero_goal_task8,libero_goal,8,a9f0066dc3c80b61,72504,24,0.01,6002504,False,1,1,1,0,79,79,M,0.8
0,2506,libero_object_task8,libero_object,8,d88131eeafa4f78b,72506,26,0.01,6002506,False,1,1,1,0,136,173,M,0.8
0,2510,libero_object_task2,libero_object,2,c35ff6b18994bbe2,72510,30,0.01,6002510,False,1,1,1,0,110,164,M,0.8
0,2512,libero_object_task5,libero_object,5,ff320c4463f0757e,72512,32,0.01,6002512,False,1,1,1,0,130,129,M,0.8
0,2514,libero_spatial_task0,libero_spatial,0,a93868e684121c04,72514,34,0.01,6002514,False,1,1,1,0,76,75,M,0.8
0,2516,libero_goal_task2,libero_goal,2,2f06986a3368ea22,72516,36,0.01,6002516,False,1,1,1,0,92,93,M,0.8
0,2517,libero_goal_task5,libero_goal,5,2c97cd26dabffd32,72517,37,0.01,6002517,False,1,1,1,0,124,137,M,0.8
0,2519,libero_goal_task1,libero_goal,1,e9ac69f4419b0e9e,72519,39,0.01,6002519,False,1,1,1,0,86,87,M,0.812
0,2520,libero_spatial_task1,libero_spatial,1,98be8e3942a0920f,72520,0,0.01,6002520,False,1,1,1,0,110,112,M,0.8
0,2521,libero_goal_task1,libero_goal,1,322ef0dca776e57f,72521,1,0.01,6002521,False,0,0,1,-1,300,88,M,0.828
0,2525,libero_object_task8,libero_object,8,e664b69cb478ce50,72525,5,0.01,6002525,False,1,1,1,0,136,145,M,0.8
0,2526,libero_goal_task7,libero_goal,7,6c570a57b67eb5a4,72526,6,0.01,6002526,False,1,1,1,0,77,76,M,0.8
0,2530,libero_spatial_task0,libero_spatial,0,4afe87ab049595a3,72530,10,0.01,6002530,False,1,1,1,0,79,78,M,0.8
0,2533,libero_object_task4,libero_object,4,bcb40ae76ceed6e4,72533,13,0.01,6002533,False,1,1,1,0,130,130,M,0.8
0,2534,libero_goal_task1,libero_goal,1,c9cded69a318eed9,72534,14,0.01,6002534,False,1,1,1,0,81,83,M,0.824
0,2537,libero_object_task4,libero_object,4,7e00a14d1a1f9c62,72537,17,0.01,6002537,False,1,1,1,0,130,132,M,0.8
0,2538,libero_spatial_task1,libero_spatial,1,dce386b4d30caa8a,72538,18,0.01,6002538,False,1,1,1,0,104,106,M,0.8
0,2539,libero_object_task4,libero_object,4,0553c444dfcfee75,72539,19,0.01,6002539,False,1,1,1,0,133,135,M,0.8
0,2540,libero_goal_task2,libero_goal,2,c2c591e641b71639,72540,20,0.01,6002540,False,1,1,1,0,93,85,M,0.8
0,2541,libero_spatial_task0,libero_spatial,0,ead8c02bb24df461,72541,21,0.01,6002541,False,1,1,1,0,78,79,M,0.8
0,2543,libero_object_task5,libero_object,5,2c4a96ac647ad26d,72543,23,0.01,6002543,False,1,1,1,0,116,122,M,0.8
0,2545,libero_object_task5,libero_object,5,0f87a5c8c369f352,72545,25,0.01,6002545,False,1,1,0,1,161,280,M,0.8
0,2546,libero_object_task5,libero_object,5,12f0a5165fe48b32,72546,26,0.01,6002546,False,1,1,1,0,109,124,M,0.8
0,2549,libero_object_task5,libero_object,5,df547b794ec5a46b,72549,29,0.01,6002549,False,1,1,1,0,116,107,M,0.8
0,2552,libero_goal_task5,libero_goal,5,15c7473a47a87131,72552,32,0.01,6002552,False,1,1,1,0,131,118,M,0.8
0,2553,libero_goal_task4,libero_goal,4,5567eb5fa0b59e84,72553,33,0.01,6002553,False,1,1,1,0,81,84,M,0.8
0,2554,libero_spatial_task0,libero_spatial,0,ef8775fb6fe78b8a,72554,34,0.01,6002554,False,1,1,1,0,77,72,M,0.8
0,2557,libero_spatial_task1,libero_spatial,1,dd2aa87c7388ba17,72557,37,0.01,6002557,False,1,1,1,0,112,115,M,0.8
0,2558,libero_goal_task2,libero_goal,2,4514d12e3077e93b,72558,38,0.01,6002558,False,1,1,0,1,88,300,M,0.8
0,2561,libero_object_task2,libero_object,2,cd6695a2b4ff1471,72561,1,0.01,6002561,False,1,1,1,0,115,118,M,0.8
0,2565,libero_spatial_task7,libero_spatial,7,2cd7ed112b787252,82565,5,0.01,7002565,True,1,1,1,0,113,116,M,0.8
0,2566,libero_spatial_task0,libero_spatial,0,167372e1cb4d512c,72566,6,0.01,6002566,False,1,1,1,0,74,72,M,0.8
0,2569,libero_goal_task7,libero_goal,7,8db69ac62eede050,72569,9,0.01,6002569,False,1,1,1,0,67,77,M,0.8
0,2570,libero_object_task4,libero_object,4,d49e520d8feba99e,72570,10,0.01,6002570,False,1,1,1,0,136,142,M,0.8
0,2571,libero_goal_task5,libero_goal,5,f79db074b0a3fc4a,72571,11,0.01,6002571,False,1,1,1,0,115,205,M,0.8
0,2574,libero_spatial_task0,libero_spatial,0,7259a610c31768d3,72574,14,0.01,6002574,False,0,0,0,0,220,220,M,0.816
0,2575,libero_goal_task1,libero_goal,1,7b353efd8ab6c0aa,72575,15,0.01,6002575,False,1,1,1,0,82,92,M,0.82
0,2577,libero_goal_task8,libero_goal,8,e48a555e9583e2da,72577,17,0.01,6002577,False,1,1,1,0,74,78,M,0.8
0,2578,libero_spatial_task2,libero_spatial,2,78eccea2c33c7732,82578,18,0.01,7002578,True,1,1,1,0,100,93,M,0.8
0,2579,libero_goal_task4,libero_goal,4,810d3d4a08390de6,72579,19,0.01,6002579,False,1,1,1,0,83,88,M,0.8
0,2580,libero_goal_task1,libero_goal,1,f1fffcbd29073365,72580,20,0.01,6002580,False,1,1,1,0,81,90,M,0.816
0,2583,libero_spatial_task0,libero_spatial,0,7a97368c78a53aa7,72583,23,0.01,6002583,False,1,1,1,0,77,75,M,0.812
0,2584,libero_goal_task5,libero_goal,5,188cf67c822f4a2e,72584,24,0.01,6002584,False,1,1,1,0,120,125,M,0.8
0,2585,libero_object_task2,libero_object,2,002e4b7b86e9108f,72585,25,0.01,6002585,False,1,1,1,0,118,117,M,0.8
0,2586,libero_goal_task5,libero_goal,5,c2d8a947f1e9c47b,72586,26,0.01,6002586,False,1,1,1,0,117,119,M,0.8
0,2587,libero_goal_task2,libero_goal,2,fd78d4c67f9c236b,72587,27,0.01,6002587,False,1,1,1,0,98,85,M,0.8
0,2594,libero_goal_task2,libero_goal,2,b328b4309dc521f4,72594,34,0.01,6002594,False,1,1,1,0,97,97,M,0.8
0,2595,libero_spatial_task3,libero_spatial,3,0d8993c106b24f4e,82595,35,0.01,7002595,True,1,1,1,0,79,86,M,0.8
0,2596,libero_object_task4,libero_object,4,6a9f0ba81cbb9ea6,72596,36,0.01,6002596,False,1,1,1,0,127,135,M,0.8
0,2597,libero_goal_task2,libero_goal,2,3e5d4af58805ae09,72597,37,0.01,6002597,False,1,1,1,0,97,92,M,0.8
0,2598,libero_goal_task4,libero_goal,4,2d6f11ede217cb1f,72598,38,0.01,6002598,False,1,1,1,0,91,84,M,0.8
0,2599,libero_spatial_task1,libero_spatial,1,5ede1259ca1e7e09,72599,39,0.01,6002599,False,1,1,1,0,107,108,M,0.8
0,2601,libero_spatial_task2,libero_spatial,2,95eee8c419fed9fe,82601,1,0.01,7002601,True,1,1,1,0,96,95,M,0.8
0,2602,libero_goal_task1,libero_goal,1,fa4054155959bf22,72602,2,0.01,6002602,False,1,1,1,0,68,82,M,0.812
0,2603,libero_object_task8,libero_object,8,92f70ce197fd7413,72603,3,0.01,6002603,False,1,1,1,0,133,140,M,0.8
0,2604,libero_spatial_task6,libero_spatial,6,67da21398f4512b0,82604,4,0.01,7002604,True,1,1,1,0,93,104,M,0.8
0,2605,libero_goal_task5,libero_goal,5,9dedc3848c407df5,72605,5,0.01,6002605,False,1,1,0,1,124,300,M,0.8
0,2607,libero_goal_task1,libero_goal,1,5d8ae62118783d40,72607,7,0.01,6002607,False,1,1,1,0,80,84,M,0.808
0,2608,libero_spatial_task0,libero_spatial,0,d444e77127bc320f,72608,8,0.01,6002608,False,1,1,1,0,76,74,M,0.808
0,2610,libero_goal_task7,libero_goal,7,74dbb821d1f34ddd,72610,10,0.01,6002610,False,1,1,1,0,71,70,M,0.8
0,2611,libero_goal_task2,libero_goal,2,b5e09c0f236a31a4,72611,11,0.01,6002611,False,1,1,1,0,84,79,M,0.8
0,2612,libero_object_task4,libero_object,4,8790024e0d226435,72612,12,0.01,6002612,False,1,1,1,0,121,137,M,0.8
0,2614,libero_goal_task4,libero_goal,4,034558964c8acadf,72614,14,0.01,6002614,False,1,1,1,0,81,89,M,0.8
0,2615,libero_goal_task4,libero_goal,4,7cbdf29e7958aea4,72615,15,0.01,6002615,False,1,1,1,0,80,83,M,0.8
0,2616,libero_10_task5,libero_10,5,dcd8f893c81cf3ff,72616,16,0.01,6002616,False,1,1,1,0,159,147,M,0.812
0,2617,libero_spatial_task0,libero_spatial,0,a091206a407710db,72617,17,0.01,6002617,False,1,1,1,0,79,72,M,0.804
0,2621,libero_spatial_task1,libero_spatial,1,d35beb19fe11eed5,72621,21,0.01,6002621,False,1,1,1,0,102,102,M,0.8
0,2622,libero_spatial_task1,libero_spatial,1,9015ff85b3a77f49,72622,22,0.01,6002622,False,1,1,1,0,106,111,M,0.8
0,2624,libero_goal_task1,libero_goal,1,93525aa84a197cfc,72624,24,0.01,6002624,False,1,1,1,0,83,87,M,0.804
0,2628,libero_object_task4,libero_object,4,65a60f4ad8f8001b,72628,28,0.01,6002628,False,1,1,1,0,131,141,M,0.8
0,2629,libero_object_task4,libero_object,4,b366420f147e505f,72629,29,0.01,6002629,False,0,0,1,-1,280,132,M,0.816
0,2630,libero_spatial_task6,libero_spatial,6,112f24f215c51d9f,82630,30,0.01,7002630,True,1,1,1,0,107,101,M,0.8
0,2631,libero_object_task2,libero_object,2,30fee23413efcf23,72631,31,0.01,6002631,False,1,1,1,0,114,122,M,0.8
0,2632,libero_spatial_task7,libero_spatial,7,eebcf5ffc5b4e695,82632,32,0.01,7002632,True,1,1,1,0,113,112,M,0.8
0,2633,libero_goal_task2,libero_goal,2,e9cac42cd4daae32,72633,33,0.01,6002633,False,1,1,1,0,93,96,M,0.8
0,2636,libero_goal_task7,libero_goal,7,074e27a3d4ae07da,72636,36,0.01,6002636,False,1,1,1,0,71,64,M,0.8
0,2637,libero_goal_task8,libero_goal,8,e28c6bb4ae940315,72637,37,0.01,6002637,False,1,1,1,0,78,80,M,0.8
0,2638,libero_spatial_task2,libero_spatial,2,4c4dfb164b978492,82638,38,0.01,7002638,True,1,1,1,0,97,94,M,0.8
0,2642,libero_goal_task8,libero_goal,8,5fd25e88e5acd0b2,72642,2,0.01,6002642,False,1,1,1,0,78,77,M,0.8
0,2643,libero_goal_task7,libero_goal,7,62dab7981eeaec12,72643,3,0.01,6002643,False,1,1,1,0,71,69,M,0.8
0,2644,libero_goal_task8,libero_goal,8,e731bc7bc9fd95e6,72644,4,0.01,6002644,False,1,1,1,0,72,77,M,0.8
0,2645,libero_goal_task1,libero_goal,1,65f1f830747a3c43,72645,5,0.01,6002645,False,1,1,1,0,86,84,M,0.8
0,2646,libero_goal_task1,libero_goal,1,2804e57bd7119404,72646,6,0.01,6002646,False,1,1,1,0,87,91,M,0.8
0,2648,libero_goal_task8,libero_goal,8,585f213011f214ee,72648,8,0.01,6002648,False,1,1,1,0,74,77,M,0.8
0,2653,libero_spatial_task6,libero_spatial,6,a4318950c3662d13,82653,13,0.01,7002653,True,1,1,1,0,93,107,M,0.8
0,2654,libero_object_task2,libero_object,2,24afbc0653a4dc14,72654,14,0.01,6002654,False,1,1,1,0,115,121,M,0.8
0,2655,libero_goal_task2,libero_goal,2,6390a6616d857d8d,72655,15,0.01,6002655,False,1,1,1,0,92,92,M,0.8
0,2656,libero_10_task2,libero_10,2,64bb48daa23243d0,72656,16,0.01,6002656,False,1,1,1,0,240,242,M,0.812
0,2657,libero_object_task4,libero_object,4,e6c13320d7acaad6,72657,17,0.01,6002657,False,1,1,1,0,138,138,M,0.812
0,2659,libero_spatial_task1,libero_spatial,1,dfe6df9c3176dc2f,72659,19,0.01,6002659,False,1,1,1,0,103,108,M,0.8
0,2662,libero_object_task2,libero_object,2,7f27722ef663a458,72662,22,0.01,6002662,False,1,1,1,0,115,117,M,0.8
0,2663,libero_10_task2,libero_10,2,0c6ec79fe88d021f,72663,23,0.01,6002663,False,1,1,1,0,255,261,M,0.808
0,2666,libero_goal_task8,libero_goal,8,b28692b9957b6fb2,72666,26,0.01,6002666,False,1,1,1,0,75,74,M,0.8
0,2668,libero_10_task5,libero_10,5,3f0c2d27c8114724,72668,28,0.01,6002668,False,1,1,1,0,346,170,M,0.808
0,2669,libero_object_task5,libero_object,5,43fc6aee9cb5f940,72669,29,0.01,6002669,False,1,1,1,0,121,123,M,0.8
0,2672,libero_spatial_task1,libero_spatial,1,3806df2079e2c2bb,72672,32,0.01,6002672,False,1,1,1,0,103,103,M,0.8
0,2673,libero_object_task5,libero_object,5,5fc039760f55cabf,72673,33,0.01,6002673,False,1,1,0,1,125,280,M,0.8
0,2674,libero_goal_task7,libero_goal,7,40382f517454807f,72674,34,0.01,6002674,False,1,1,1,0,73,79,M,0.8
0,2675,libero_spatial_task2,libero_spatial,2,204105841cddcb35,82675,35,0.01,7002675,True,1,1,1,0,99,95,M,0.8
0,2676,libero_goal_task2,libero_goal,2,7436619c36649f8c,72676,36,0.01,6002676,False,1,1,1,0,92,89,M,0.8
0,2679,libero_goal_task1,libero_goal,1,48fbcfa39867d3ee,72679,39,0.01,6002679,False,1,1,1,0,90,90,M,0.8
0,2680,libero_10_task5,libero_10,5,c95d41b7b6f086d8,72680,0,0.01,6002680,False,1,1,1,0,155,168,M,0.804
0,2681,libero_spatial_task1,libero_spatial,1,4aa63bfe4d9bbdd7,72681,1,0.01,6002681,False,1,1,1,0,101,102,M,0.8
0,2683,libero_10_task2,libero_10,2,78d82898ea61315d,72683,3,0.01,6002683,False,1,1,1,0,238,258,M,0.804
0,2685,libero_10_task5,libero_10,5,29cc957f954be3c9,72685,5,0.01,6002685,False,1,1,1,0,152,162,M,0.8
0,2686,libero_goal_task4,libero_goal,4,d9c7595c35173e61,72686,6,0.01,6002686,False,1,1,1,0,88,87,M,0.8
0,2688,libero_goal_task2,libero_goal,2,ea598b58031e4572,72688,8,0.01,6002688,False,1,1,1,0,93,100,M,0.8
0,2689,libero_goal_task8,libero_goal,8,edd4875589ca6d8a,72689,9,0.01,6002689,False,1,1,1,0,73,72,M,0.8
0,2690,libero_object_task2,libero_object,2,a71e612524e4ad88,72690,10,0.01,6002690,False,1,1,1,0,113,116,M,0.8
0,2693,libero_object_task5,libero_object,5,11ebbbf0e1de53eb,72693,13,0.01,6002693,False,1,1,1,0,127,128,M,0.8
0,2695,libero_spatial_task2,libero_spatial,2,29ebc8489b5ed354,82695,15,0.01,7002695,True,1,1,1,0,98,100,M,0.8
0,2696,libero_object_task2,libero_object,2,a1713aee866f6df0,72696,16,0.01,6002696,False,1,1,1,0,114,119,M,0.8
0,2697,libero_goal_task7,libero_goal,7,996468063cd4a2d4,72697,17,0.01,6002697,False,1,1,1,0,72,68,M,0.8
0,2699,libero_spatial_task2,libero_spatial,2,536396beed0502f9,82699,19,0.01,7002699,True,1,1,1,0,96,92,M,0.8
0,2700,libero_goal_task7,libero_goal,7,1f47760deb7fa2f3,72700,20,0.01,6002700,False,1,1,1,0,74,71,M,0.8
0,2701,libero_spatial_task1,libero_spatial,1,a10bc4b31073ac71,72701,21,0.01,6002701,False,1,1,1,0,102,120,M,0.8
0,2702,libero_goal_task1,libero_goal,1,683b01e21ad26626,72702,22,0.01,6002702,False,1,1,1,0,80,84,M,0.8
0,2703,libero_goal_task5,libero_goal,5,4808ace15ce533b4,72703,23,0.01,6002703,False,1,1,1,0,124,117,M,0.8
0,2704,libero_spatial_task1,libero_spatial,1,67384735de2cd0c3,72704,24,0.01,6002704,False,1,1,1,0,104,106,M,0.8
0,2705,libero_goal_task8,libero_goal,8,3dfa771f79f22f82,72705,25,0.01,6002705,False,1,1,1,0,74,78,M,0.8
0,2706,libero_spatial_task1,libero_spatial,1,9784b8c1e2fd8e6a,72706,26,0.01,6002706,False,1,1,1,0,101,103,M,0.8
0,2707,libero_goal_task8,libero_goal,8,6d4e4cc5e633541a,72707,27,0.01,6002707,False,1,1,1,0,75,74,M,0.8
0,2709,libero_goal_task7,libero_goal,7,18abb9a767956dca,72709,29,0.01,6002709,False,1,1,1,0,71,68,M,0.8
0,2711,libero_spatial_task6,libero_spatial,6,7bd35df5f94baa8b,82711,31,0.01,7002711,True,1,1,1,0,103,105,M,0.8
0,2712,libero_goal_task7,libero_goal,7,e68a2d4f4382a26d,72712,32,0.01,6002712,False,1,1,1,0,72,75,M,0.8
0,2715,libero_goal_task7,libero_goal,7,a4ee8d2b3fc80c98,72715,35,0.01,6002715,False,1,1,1,0,72,68,M,0.8
0,2716,libero_goal_task1,libero_goal,1,9a3e7843203eb79f,72716,36,0.01,6002716,False,1,1,1,0,82,86,M,0.8
0,2717,libero_spatial_task2,libero_spatial,2,9f2fbb4a475f3c0a,82717,37,0.01,7002717,True,1,1,1,0,96,106,M,0.8
0,2718,libero_goal_task2,libero_goal,2,803fd08d35d93715,72718,38,0.01,6002718,False,1,1,1,0,89,89,M,0.8
0,2720,libero_object_task5,libero_object,5,1244bf685fff7673,72720,0,0.01,6002720,False,1,1,1,0,127,115,M,0.8
0,2725,libero_object_task8,libero_object,8,1e51acb6ca97df37,72725,5,0.01,6002725,False,1,1,1,0,136,144,M,0.8
0,2727,libero_goal_task8,libero_goal,8,ab0020bdad11a750,72727,7,0.01,6002727,False,1,1,1,0,75,73,M,0.8
0,2731,libero_10_task2,libero_10,2,ba27b02218a03cf8,72731,11,0.01,6002731,False,1,1,1,0,234,243,M,0.8
0,2732,libero_goal_task2,libero_goal,2,b639e9e6e87632f6,72732,12,0.01,6002732,False,1,1,1,0,97,88,M,0.8
0,2739,libero_object_task5,libero_object,5,68b919f9b7b1268f,72739,19,0.01,6002739,False,1,1,1,0,108,128,M,0.8
0,2740,libero_object_task8,libero_object,8,a74522f0b3691348,72740,20,0.01,6002740,False,1,1,1,0,137,141,M,0.8
0,2741,libero_object_task5,libero_object,5,7802140f57ee7d5c,72741,21,0.01,6002741,False,1,1,1,0,125,123,M,0.8
0,2745,libero_goal_task2,libero_goal,2,9f3cc6e8f0df5d07,72745,25,0.01,6002745,False,1,1,1,0,91,86,M,0.8
0,2746,libero_goal_task8,libero_goal,8,7965b8db29294fe1,72746,26,0.01,6002746,False,1,1,1,0,73,77,M,0.8
0,2749,libero_goal_task7,libero_goal,7,f6b656c391b4e16c,72749,29,0.01,6002749,False,1,1,1,0,70,75,M,0.8
0,2752,libero_object_task8,libero_object,8,3f828f2474da3eb4,72752,32,0.01,6002752,False,0,0,1,-1,280,145,M,0.816
0,2753,libero_10_task5,libero_10,5,a6df254ab788fb21,72753,33,0.01,6002753,False,1,1,1,0,412,185,M,0.8
0,2756,libero_object_task4,libero_object,4,bc63dc50e3d483a9,72756,36,0.01,6002756,False,1,1,1,0,134,138,M,0.808
0,2757,libero_goal_task7,libero_goal,7,9cec5e7fe63b43d5,72757,37,0.01,6002757,False,1,1,1,0,74,71,M,0.8
0,2758,libero_object_task5,libero_object,5,3bf07f420acc1144,72758,38,0.01,6002758,False,1,1,1,0,123,134,M,0.8
0,2759,libero_object_task2,libero_object,2,3bf196d5e1963b11,72759,39,0.01,6002759,False,1,1,1,0,111,113,M,0.8
0,2760,libero_object_task4,libero_object,4,c2c4ee99ec0dd226,72760,0,0.01,6002760,False,1,1,1,0,142,142,M,0.804
0,2761,libero_spatial_task1,libero_spatial,1,353191d733d4f195,72761,1,0.01,6002761,False,1,1,1,0,101,98,M,0.8
0,2762,libero_goal_task2,libero_goal,2,81ea6e9075188498,72762,2,0.01,6002762,False,1,1,1,0,96,92,M,0.8
0,2763,libero_spatial_task1,libero_spatial,1,1beeeadae281beb1,72763,3,0.01,6002763,False,1,1,1,0,106,99,M,0.8
0,2764,libero_spatial_task2,libero_spatial,2,73c81d39881cabad,82764,4,0.01,7002764,True,1,1,1,0,100,91,M,0.8
0,2766,libero_spatial_task2,libero_spatial,2,7ff858deb0918e11,82766,6,0.01,7002766,True,1,1,1,0,92,95,M,0.8
0,2768,libero_goal_task1,libero_goal,1,39a32025b5383e28,72768,8,0.01,6002768,False,1,1,1,0,85,90,M,0.8
0,2769,libero_spatial_task7,libero_spatial,7,61e2ae94cab207f2,82769,9,0.01,7002769,True,1,1,1,0,122,115,M,0.8
0,2770,libero_goal_task5,libero_goal,5,f8c360c4d793d3c8,72770,10,0.01,6002770,False,1,1,1,0,116,121,M,0.8
0,2771,libero_spatial_task7,libero_spatial,7,01fedc14c1c0aff9,82771,11,0.01,7002771,True,1,1,1,0,122,129,M,0.8
0,2772,libero_spatial_task0,libero_spatial,0,3c0a8a122fd8db19,72772,12,0.01,6002772,False,1,1,1,0,77,74,M,0.8
0,2777,libero_10_task5,libero_10,5,13f79971f98d6a06,72777,17,0.01,6002777,False,1,1,1,0,170,167,M,0.8
0,2778,libero_object_task2,libero_object,2,1fa03b25b3469f27,72778,18,0.01,6002778,False,1,1,1,0,114,121,M,0.8
0,2780,libero_spatial_task0,libero_spatial,0,61adda05aee5fc36,72780,20,0.01,6002780,False,1,1,1,0,79,80,M,0.8
0,2782,libero_goal_task1,libero_goal,1,532b89737772f83f,72782,22,0.01,6002782,False,1,1,1,0,78,80,M,0.8
0,2783,libero_goal_task7,libero_goal,7,1d4faa9b316d8f81,72783,23,0.01,6002783,False,1,1,1,0,74,69,M,0.8
0,2788,libero_10_task2,libero_10,2,a8b273fd3576530a,72788,28,0.01,6002788,False,1,1,1,0,239,245,M,0.8
0,2791,libero_object_task5,libero_object,5,84716e41fb22b5dc,72791,31,0.01,6002791,False,1,1,1,0,124,130,M,0.8
0,2793,libero_object_task2,libero_object,2,de8f0014db0123f0,72793,33,0.01,6002793,False,1,1,1,0,115,118,M,0.8
0,2794,libero_spatial_task1,libero_spatial,1,f7be68eb006cb8f9,72794,34,0.01,6002794,False,1,1,1,0,103,104,M,0.8
0,2796,libero_10_task2,libero_10,2,4aceeb6364424c32,72796,36,0.01,6002796,False,1,1,1,0,228,242,M,0.8
0,2798,libero_10_task5,libero_10,5,44464a8bd5f5eeb3,72798,38,0.01,6002798,False,0,0,1,-1,520,182,M,0.816
0,2801,libero_goal_task2,libero_goal,2,595336775fd44350,72801,1,0.01,6002801,False,1,1,1,0,88,93,M,0.8
0,2805,libero_goal_task5,libero_goal,5,2144b8755a209d3d,72805,5,0.01,6002805,False,1,1,1,0,121,112,M,0.8
0,2806,libero_spatial_task1,libero_spatial,1,08926ba8317eb5a6,72806,6,0.01,6002806,False,1,1,1,0,104,110,M,0.8
0,2808,libero_goal_task1,libero_goal,1,8a22e24a96dd6420,72808,8,0.01,6002808,False,1,1,1,0,81,87,M,0.8
0,2809,libero_object_task2,libero_object,2,9249c22a9a3f6c85,72809,9,0.01,6002809,False,1,1,1,0,111,116,M,0.8
0,2810,libero_goal_task2,libero_goal,2,de486d6ae927a4dd,72810,10,0.01,6002810,False,1,1,1,0,82,82,M,0.8
0,2811,libero_goal_task8,libero_goal,8,914774436d201c90,72811,11,0.01,6002811,False,1,1,1,0,74,70,M,0.8
0,2812,libero_spatial_task0,libero_spatial,0,17d7cadda663572c,72812,12,0.01,6002812,False,1,1,1,0,79,78,M,0.8
0,2813,libero_object_task2,libero_object,2,bffc408ba2b28a86,72813,13,0.01,6002813,False,1,1,1,0,115,118,M,0.8
0,2815,libero_object_task4,libero_object,4,f7e8c36d6c5c30e7,72815,15,0.01,6002815,False,1,1,1,0,135,150,M,0.8
0,2816,libero_object_task4,libero_object,4,b7aeb79d9e385aca,72816,16,0.01,6002816,False,1,1,1,0,132,133,M,0.8
0,2817,libero_spatial_task7,libero_spatial,7,5c3409b75b027f0c,82817,17,0.01,7002817,True,1,1,1,0,113,116,M,0.8
0,2818,libero_goal_task4,libero_goal,4,e58b005bab31abee,72818,18,0.01,6002818,False,1,1,1,0,85,94,M,0.8
0,2820,libero_object_task2,libero_object,2,5e57521db33a3e4b,72820,20,0.01,6002820,False,1,1,1,0,115,112,M,0.8
0,2822,libero_spatial_task3,libero_spatial,3,fbb9a22be965665a,82822,22,0.01,7002822,True,1,1,1,0,84,84,M,0.8
0,2823,libero_object_task8,libero_object,8,61dd3d9f9d47209b,72823,23,0.01,6002823,False,1,1,1,0,137,146,M,0.812
0,2824,libero_10_task5,libero_10,5,04af9bbffbb11b45,72824,24,0.01,6002824,False,1,1,1,0,251,172,M,0.812
0,2826,libero_goal_task8,libero_goal,8,84a124f0c2144bd3,72826,26,0.01,6002826,False,1,1,1,0,73,79,M,0.8
0,2827,libero_goal_task4,libero_goal,4,8e04216e9670ae94,72827,27,0.01,6002827,False,1,1,1,0,77,87,M,0.8
0,2831,libero_goal_task7,libero_goal,7,c009626e6eafa662,72831,31,0.01,6002831,False,1,1,1,0,72,73,M,0.8
0,2832,libero_goal_task8,libero_goal,8,f65f355b9bb1d65c,72832,32,0.01,6002832,False,1,1,1,0,73,72,M,0.8
0,2834,libero_10_task2,libero_10,2,ea8b0df3308ecf7a,72834,34,0.01,6002834,False,1,1,1,0,242,258,M,0.8
0,2836,libero_goal_task7,libero_goal,7,3cbc56b624e90064,72836,36,0.01,6002836,False,1,1,1,0,70,70,M,0.8
0,2837,libero_spatial_task0,libero_spatial,0,f97485539a6e492c,72837,37,0.01,6002837,False,1,1,1,0,79,76,M,0.8
0,2838,libero_goal_task2,libero_goal,2,827aa05980fa8dc7,72838,38,0.01,6002838,False,1,1,1,0,93,94,M,0.8
0,2839,libero_10_task2,libero_10,2,bf0c43502f7e4165,72839,39,0.01,6002839,False,1,1,1,0,217,222,M,0.8
0,2842,libero_goal_task2,libero_goal,2,923356cb660b4e75,72842,2,0.01,6002842,False,1,1,1,0,96,93,M,0.8
0,2843,libero_object_task8,libero_object,8,db0f18f0025d36cc,72843,3,0.01,6002843,False,1,1,1,0,136,139,M,0.808
0,2844,libero_10_task2,libero_10,2,ab6cd25ee2a9ddf1,72844,4,0.01,6002844,False,1,1,1,0,213,218,M,0.8
0,2847,libero_object_task8,libero_object,8,d78d116e1b7104c6,72847,7,0.01,6002847,False,1,1,1,0,138,148,M,0.804
0,2848,libero_goal_task5,libero_goal,5,11a9ba8211d24c22,72848,8,0.01,6002848,False,1,1,1,0,123,128,M,0.8
0,2849,libero_object_task2,libero_object,2,19b7e4af7f1233be,72849,9,0.01,6002849,False,1,1,1,0,113,128,M,0.8
0,2850,libero_object_task8,libero_object,8,f33c06df472013fb,72850,10,0.01,6002850,False,1,1,1,0,139,147,M,0.8
0,2853,libero_goal_task1,libero_goal,1,98ee01d770bd1550,72853,13,0.01,6002853,False,1,1,1,0,83,90,M,0.8
0,2854,libero_spatial_task2,libero_spatial,2,2a086bf41ab6f864,82854,14,0.01,7002854,True,1,1,1,0,98,93,M,0.8
0,2857,libero_10_task5,libero_10,5,14d6c646cb859e0a,72857,17,0.01,6002857,False,1,1,1,0,189,194,M,0.808
0,2858,libero_object_task5,libero_object,5,f6c4db95ee0cb718,72858,18,0.01,6002858,False,1,1,1,0,123,123,M,0.8
0,2859,libero_goal_task7,libero_goal,7,d3b33d9119ab0229,72859,19,0.01,6002859,False,1,1,1,0,70,77,M,0.8
0,2860,libero_goal_task2,libero_goal,2,cb637bcbfd6fde8b,72860,20,0.01,6002860,False,1,1,1,0,98,86,M,0.8
0,2861,libero_goal_task7,libero_goal,7,7aa7acfea7df8640,72861,21,0.01,6002861,False,1,1,1,0,70,71,M,0.8
0,2862,libero_object_task5,libero_object,5,6363467c48862036,72862,22,0.01,6002862,False,1,1,1,0,121,130,M,0.8
0,2865,libero_10_task5,libero_10,5,7ee65733f3a04468,72865,25,0.01,6002865,False,1,1,1,0,189,157,M,0.804
0,2866,libero_spatial_task0,libero_spatial,0,828c441efb0c01fe,72866,26,0.01,6002866,False,1,1,1,0,81,79,M,0.8
0,2868,libero_spatial_task3,libero_spatial,3,d30cddfba47ff219,82868,28,0.01,7002868,True,1,1,1,0,84,80,M,0.8
0,2872,libero_object_task8,libero_object,8,689983ad14e9ad60,72872,32,0.01,6002872,False,1,1,1,0,132,145,M,0.8
0,2874,libero_object_task2,libero_object,2,0ea27b1819664bf0,72874,34,0.01,6002874,False,1,1,1,0,110,117,M,0.8
0,2876,libero_goal_task4,libero_goal,4,921c2e1f44cee198,72876,36,0.01,6002876,False,1,1,1,0,80,85,M,0.8
0,2877,libero_spatial_task1,libero_spatial,1,a0a720a935e1d544,72877,37,0.01,6002877,False,1,1,1,0,106,112,M,0.8
0,2879,libero_object_task4,libero_object,4,5482c9f7d3bf6a05,72879,39,0.01,6002879,False,1,1,1,0,142,138,M,0.8
0,2880,libero_goal_task2,libero_goal,2,d432cc09b112fcce,72880,0,0.01,6002880,False,1,1,1,0,85,81,M,0.8
0,2883,libero_object_task4,libero_object,4,b796e750300a4d7b,72883,3,0.01,6002883,False,1,1,1,0,145,143,M,0.8
0,2884,libero_10_task2,libero_10,2,fba6908edf2521ee,72884,4,0.01,6002884,False,1,1,1,0,211,216,M,0.8
0,2885,libero_10_task2,libero_10,2,600a64792aeb4827,72885,5,0.01,6002885,False,1,1,1,0,233,219,M,0.8
0,2887,libero_object_task2,libero_object,2,75c00c533a0e4c2f,72887,7,0.01,6002887,False,1,1,1,0,110,117,M,0.8
0,2888,libero_spatial_task1,libero_spatial,1,d1766ad0466b5b37,72888,8,0.01,6002888,False,0,0,1,-1,220,100,M,0.816
0,2889,libero_spatial_task0,libero_spatial,0,750f718c57d4489e,72889,9,0.01,6002889,False,1,1,1,0,80,80,M,0.8
0,2890,libero_spatial_task0,libero_spatial,0,e742268b9c04f2b7,72890,10,0.01,6002890,False,1,1,1,0,82,80,M,0.8
0,2892,libero_goal_task7,libero_goal,7,a7e1980c8d89663a,72892,12,0.01,6002892,False,1,1,1,0,71,75,M,0.8
0,2894,libero_10_task5,libero_10,5,8378d4c976c3f6e5,72894,14,0.01,6002894,False,1,1,1,0,176,182,M,0.8
0,2897,libero_goal_task5,libero_goal,5,553e08f039fe8bd9,72897,17,0.01,6002897,False,1,1,1,0,129,117,M,0.8
0,2898,libero_goal_task8,libero_goal,8,2e1f00a3c4750c34,72898,18,0.01,6002898,False,1,1,1,0,78,76,M,0.8
0,2901,libero_spatial_task0,libero_spatial,0,50b78f60dfa18447,72901,21,0.01,6002901,False,1,1,1,0,78,72,M,0.8
0,2902,libero_object_task8,libero_object,8,a4ee5656dc3b668d,72902,22,0.01,6002902,False,1,1,1,0,145,156,M,0.8
0,2903,libero_goal_task7,libero_goal,7,20cdcef71bb6c100,72903,23,0.01,6002903,False,1,1,1,0,71,72,M,0.8
0,2904,libero_goal_task8,libero_goal,8,7f18eeeebe0d30a4,72904,24,0.01,6002904,False,1,1,1,0,68,71,M,0.8
0,2907,libero_object_task8,libero_object,8,f94b19657a481024,72907,27,0.01,6002907,False,1,1,1,0,183,143,M,0.8
0,2908,libero_object_task2,libero_object,2,dc7c1256a9e022c6,72908,28,0.01,6002908,False,1,1,1,0,121,120,M,0.8
0,2909,libero_goal_task8,libero_goal,8,b08769303923c010,72909,29,0.01,6002909,False,1,1,1,0,72,74,M,0.8
0,2910,libero_goal_task4,libero_goal,4,146ba977798f5735,72910,30,0.01,6002910,False,1,1,1,0,89,91,M,0.8
0,2911,libero_goal_task5,libero_goal,5,e4d20598dcdc602a,72911,31,0.01,6002911,False,1,1,1,0,114,106,M,0.8
0,2912,libero_goal_task1,libero_goal,1,9ff606da7b50331e,72912,32,0.01,6002912,False,1,1,1,0,81,84,M,0.8
0,2913,libero_10_task2,libero_10,2,38e0e970e1ef4e6b,72913,33,0.01,6002913,False,1,1,1,0,256,235,M,0.8
0,2915,libero_spatial_task2,libero_spatial,2,1fbe6a618e614dc5,82915,35,0.01,7002915,True,1,1,1,0,94,93,M,0.8
0,2916,libero_goal_task8,libero_goal,8,670cd0bb7abf3808,72916,36,0.01,6002916,False,1,1,1,0,72,71,M,0.8
0,2918,libero_goal_task8,libero_goal,8,f5b860aa97c2773d,72918,38,0.01,6002918,False,1,1,1,0,76,76,M,0.8
0,2919,libero_10_task5,libero_10,5,ff9afbf0671a4d13,72919,39,0.01,6002919,False,0,0,1,-1,520,157,M,0.816
0,2920,libero_goal_task5,libero_goal,5,e0ab25138c5e1267,72920,0,0.01,6002920,False,1,1,1,0,130,131,M,0.8
0,2921,libero_spatial_task0,libero_spatial,0,ea0eb46737eb62f3,72921,1,0.01,6002921,False,1,1,1,0,78,76,M,0.8
0,2926,libero_goal_task1,libero_goal,1,92113cd2a00262bb,72926,6,0.01,6002926,False,1,1,1,0,91,91,M,0.8
0,2927,libero_object_task2,libero_object,2,b98cd710da31993c,72927,7,0.01,6002927,False,1,1,1,0,111,116,M,0.8
0,2929,libero_goal_task4,libero_goal,4,92387260903d1eed,72929,9,0.01,6002929,False,0,0,1,-1,300,83,M,0.816
0,2931,libero_goal_task4,libero_goal,4,af5b1fa3b59cca16,72931,11,0.01,6002931,False,1,1,1,0,85,85,M,0.812
0,2933,libero_spatial_task2,libero_spatial,2,e7dda39fda49a5f3,82933,13,0.01,7002933,True,1,1,1,0,95,97,M,0.8
0,2936,libero_object_task8,libero_object,8,05f8ce6f837c75a9,72936,16,0.01,6002936,False,1,1,1,0,137,153,M,0.8
0,2937,libero_object_task5,libero_object,5,181994558a754b8c,72937,17,0.01,6002937,False,1,1,0,1,122,280,M,0.8
0,2938,libero_goal_task5,libero_goal,5,e9aa5982a935181a,72938,18,0.01,6002938,False,1,1,1,0,124,113,M,0.8
0,2941,libero_goal_task4,libero_goal,4,b65a89806478c4e9,72941,21,0.01,6002941,False,1,1,1,0,81,86,M,0.808
0,2942,libero_goal_task7,libero_goal,7,5570476509447703,72942,22,0.01,6002942,False,1,1,1,0,68,77,M,0.8
0,2943,libero_object_task2,libero_object,2,1b40bcd206d4e695,72943,23,0.01,6002943,False,1,1,1,0,115,111,M,0.8
0,2944,libero_goal_task4,libero_goal,4,468f9afe145ee4af,72944,24,0.01,6002944,False,1,1,1,0,82,81,M,0.804
0,2946,libero_10_task2,libero_10,2,76da4bae1439f7d4,72946,26,0.01,6002946,False,1,1,1,0,251,294,M,0.8
0,2949,libero_10_task2,libero_10,2,2f0dae6ae8d90ead,72949,29,0.01,6002949,False,1,1,1,0,233,241,M,0.8
0,2951,libero_object_task8,libero_object,8,3ae98e7e0ecbad17,72951,31,0.01,6002951,False,1,1,1,0,142,149,M,0.8
0,2952,libero_object_task2,libero_object,2,d7714dfb7f3e288e,72952,32,0.01,6002952,False,1,1,1,0,119,117,M,0.8
0,2954,libero_spatial_task1,libero_spatial,1,6fbacfe6d4eb4007,72954,34,0.01,6002954,False,1,1,1,0,108,104,M,0.812
0,2955,libero_object_task5,libero_object,5,e7b7638145841bf0,72955,35,0.01,6002955,False,1,1,1,0,127,122,M,0.8
0,2956,libero_goal_task4,libero_goal,4,673b13ed2b173750,72956,36,0.01,6002956,False,1,1,1,0,84,85,M,0.8
0,2958,libero_spatial_task1,libero_spatial,1,e6dab9a907c4af33,72958,38,0.01,6002958,False,1,1,1,0,97,106,M,0.808
0,2959,libero_object_task4,libero_object,4,102bdecac0d0d937,72959,39,0.01,6002959,False,1,1,1,0,143,142,M,0.8
0,2960,libero_goal_task5,libero_goal,5,fff78560f44ba09a,72960,0,0.01,6002960,False,1,1,1,0,117,115,M,0.8
0,2962,libero_10_task5,libero_10,5,ee6d19402d2efbd4,72962,2,0.01,6002962,False,1,1,1,0,162,153,M,0.812
0,2964,libero_spatial_task0,libero_spatial,0,7409de26f070d478,72964,4,0.01,6002964,False,1,1,1,0,78,77,M,0.8
0,2965,libero_object_task4,libero_object,4,a8a940e21812f56f,72965,5,0.01,6002965,False,1,1,1,0,125,136,M,0.8
0,2966,libero_spatial_task0,libero_spatial,0,2ef0e6830b6e094c,72966,6,0.01,6002966,False,1,1,1,0,83,79,M,0.8
0,2969,libero_goal_task8,libero_goal,8,1a4fee2360ea99e5,72969,9,0.01,6002969,False,1,1,1,0,73,76,M,0.8
0,2972,libero_10_task5,libero_10,5,2013a0dae941fb36,72972,12,0.01,6002972,False,0,0,1,-1,520,308,M,0.828
0,2975,libero_spatial_task2,libero_spatial,2,9018724f564bc3dc,82975,15,0.01,7002975,True,1,1,1,0,97,98,M,0.8
0,2976,libero_goal_task5,libero_goal,5,144ec69112280c46,72976,16,0.01,6002976,False,1,1,1,0,126,119,M,0.8
0,2977,libero_object_task4,libero_object,4,f7eea1d1420e3f97,72977,17,0.01,6002977,False,1,1,1,0,143,147,M,0.8
0,2978,libero_spatial_task0,libero_spatial,0,86a45bc938eedb2c,72978,18,0.01,6002978,False,1,1,1,0,79,83,M,0.8
0,2979,libero_object_task4,libero_object,4,6131f3fee9bdc2b8,72979,19,0.01,6002979,False,1,1,1,0,129,136,M,0.8
0,2981,libero_object_task8,libero_object,8,0d7515631cb4da8f,72981,21,0.01,6002981,False,1,1,1,0,137,152,M,0.8
0,2983,libero_spatial_task6,libero_spatial,6,d40d58a6af485da7,82983,23,0.01,7002983,True,1,1,1,0,103,106,M,0.8
0,2985,libero_goal_task2,libero_goal,2,ef396c21ba28a724,72985,25,0.01,6002985,False,1,1,1,0,89,92,M,0.8
0,2988,libero_spatial_task1,libero_spatial,1,4e136be89b4c2581,72988,28,0.01,6002988,False,1,1,1,0,102,103,M,0.804
0,2989,libero_object_task8,libero_object,8,3ce54782418a304d,72989,29,0.01,6002989,False,1,1,1,0,137,146,M,0.8
0,2990,libero_goal_task5,libero_goal,5,84195256d1297731,72990,30,0.01,6002990,False,1,1,1,0,131,127,M,0.8
0,2991,libero_goal_task1,libero_goal,1,f5bfa2fc412f75fb,72991,31,0.01,6002991,False,1,1,1,0,88,94,M,0.8
0,2992,libero_spatial_task0,libero_spatial,0,76b0fb3e0803e15d,72992,32,0.01,6002992,False,1,1,1,0,78,77,M,0.8
0,2994,libero_goal_task4,libero_goal,4,e9d91d832140a189,72994,34,0.01,6002994,False,1,1,1,0,85,87,M,0.8
0,2995,libero_spatial_task1,libero_spatial,1,ef90b1b258358948,72995,35,0.01,6002995,False,1,1,1,0,102,105,M,0.8
0,2996,libero_spatial_task3,libero_spatial,3,5fb8601184db50ad,82996,36,0.01,7002996,True,1,1,1,0,89,86,M,0.8
0,2997,libero_10_task5,libero_10,5,963a591a2167befa,72997,37,0.01,6002997,False,1,1,1,0,150,287,M,0.824
0,3000,libero_goal_task4,libero_goal,4,66af7751385c48c5,73000,0,0.01,6003000,False,1,1,1,0,91,90,M,0.8
0,3002,libero_10_task2,libero_10,2,78347aecdb5e4689,73002,2,0.01,6003002,False,1,1,1,0,235,239,M,0.8
0,3003,libero_goal_task2,libero_goal,2,acbf1ea167048d9d,73003,3,0.01,6003003,False,1,1,1,0,86,87,M,0.8
0,3006,libero_10_task5,libero_10,5,0806ed6c6744f42c,73006,6,0.01,6003006,False,1,1,1,0,162,170,M,0.82
0,3007,libero_object_task8,libero_object,8,07ce6a00eb78c9a4,73007,7,0.01,6003007,False,1,1,1,0,130,147,M,0.8
0,3008,libero_spatial_task0,libero_spatial,0,58c9a9187b5271b7,73008,8,0.01,6003008,False,1,1,1,0,80,78,M,0.8
0,3009,libero_spatial_task1,libero_spatial,1,03792cb3202fb1e1,73009,9,0.01,6003009,False,1,1,1,0,101,105,M,0.8
0,3010,libero_10_task5,libero_10,5,171fe88f4bc29ee3,73010,10,0.01,6003010,False,0,0,1,-1,520,164,M,0.836
0,3011,libero_object_task4,libero_object,4,be8a4ca504f91236,73011,11,0.01,6003011,False,1,1,1,0,130,134,M,0.8
0,3012,libero_spatial_task3,libero_spatial,3,9ed491fae2b865a5,83012,12,0.01,7003012,True,0,0,1,-1,220,112,M,0.816
0,3013,libero_goal_task4,libero_goal,4,c395752d6741cb82,73013,13,0.01,6003013,False,1,1,1,0,76,84,M,0.8
0,3016,libero_10_task2,libero_10,2,bbf43ccd5b496902,73016,16,0.01,6003016,False,1,1,1,0,242,244,M,0.8
0,3019,libero_spatial_task2,libero_spatial,2,8177cae4b56cab41,83019,19,0.01,7003019,True,1,1,1,0,96,96,M,0.8
0,3020,libero_spatial_task1,libero_spatial,1,3f508c0c1174b96e,73020,20,0.01,6003020,False,0,0,1,-1,220,111,M,0.816
0,3022,libero_10_task5,libero_10,5,ad4b3dfc550f8ed0,73022,22,0.01,6003022,False,1,1,1,0,150,164,M,0.832
0,3023,libero_spatial_task6,libero_spatial,6,c011b9d44686add5,83023,23,0.01,7003023,True,1,1,1,0,100,99,M,0.8
0,3027,libero_spatial_task6,libero_spatial,6,8fb2a4cb7805cb91,83027,27,0.01,7003027,True,1,1,1,0,108,103,M,0.8
0,3028,libero_object_task5,libero_object,5,35a6a720fc2dd6b6,73028,28,0.01,6003028,False,1,1,1,0,118,164,M,0.8
0,3029,libero_object_task4,libero_object,4,04beec44dd790372,73029,29,0.01,6003029,False,1,1,1,0,129,136,M,0.8
0,3035,libero_object_task2,libero_object,2,f151f51b9453404c,73035,35,0.01,6003035,False,1,1,1,0,106,111,M,0.8
0,3036,libero_spatial_task3,libero_spatial,3,0faf96229542ba81,83036,36,0.01,7003036,True,0,0,1,-1,220,84,M,0.832
0,3038,libero_object_task5,libero_object,5,48db6a8e4fe533a8,73038,38,0.01,6003038,False,1,1,1,0,125,123,M,0.8
0,3039,libero_goal_task5,libero_goal,5,b39cddb7144b76a9,73039,39,0.01,6003039,False,1,1,1,0,127,112,M,0.8
0,3046,libero_goal_task5,libero_goal,5,a298b539843200cd,73046,6,0.01,6003046,False,1,1,1,0,129,124,M,0.8
0,3047,libero_goal_task1,libero_goal,1,c81706ad44a755fa,73047,7,0.01,6003047,False,1,1,1,0,78,81,M,0.8
0,3050,libero_10_task2,libero_10,2,aeade4d450cc46ae,73050,10,0.01,6003050,False,1,1,1,0,229,228,M,0.8
0,3051,libero_10_task5,libero_10,5,f6e2a8dc7455f19f,73051,11,0.01,6003051,False,1,1,1,0,184,226,M,0.828
0,3052,libero_object_task2,libero_object,2,4fa3abe4ec63868b,73052,12,0.01,6003052,False,1,1,1,0,112,113,M,0.8
0,3055,libero_10_task5,libero_10,5,ceb9de34ea473471,73055,15,0.01,6003055,False,0,0,1,-1,520,245,M,0.844
0,3057,libero_object_task4,libero_object,4,ece0c343a66255bf,73057,17,0.01,6003057,False,1,1,1,0,142,148,M,0.8
0,3061,libero_goal_task8,libero_goal,8,7849d974c868047a,73061,21,0.01,6003061,False,1,1,1,0,70,77,M,0.8
0,3063,libero_goal_task4,libero_goal,4,9968fe3b5585ee3a,73063,23,0.01,6003063,False,1,1,1,0,81,84,M,0.8
0,3064,libero_object_task8,libero_object,8,1bd2e009b443a91e,73064,24,0.01,6003064,False,0,0,1,-1,280,152,M,0.816
0,3066,libero_spatial_task0,libero_spatial,0,b422cdf3a2e212bd,73066,26,0.01,6003066,False,1,1,1,0,78,79,M,0.8
0,3068,libero_object_task8,libero_object,8,251641607eb73bf9,73068,28,0.01,6003068,False,1,1,1,0,146,165,M,0.812
0,3069,libero_goal_task8,libero_goal,8,09cb605027ee9a91,73069,29,0.01,6003069,False,0,0,1,-1,300,75,M,0.816
0,3071,libero_spatial_task0,libero_spatial,0,764f871feccea7ed,73071,31,0.01,6003071,False,1,1,1,0,80,75,M,0.8
0,3072,libero_spatial_task7,libero_spatial,7,7e539d771379597f,83072,32,0.01,7003072,True,1,1,1,0,113,119,M,0.8
0,3074,libero_goal_task8,libero_goal,8,76497ff9af801ec7,73074,34,0.01,6003074,False,1,1,1,0,80,85,M,0.812
0,3075,libero_goal_task2,libero_goal,2,a64f01676737e38c,73075,35,0.01,6003075,False,1,1,1,0,90,90,M,0.8
0,3077,libero_goal_task4,libero_goal,4,ded126126fd1fda7,73077,37,0.01,6003077,False,1,1,1,0,80,89,M,0.8
0,3080,libero_goal_task8,libero_goal,8,46ed37635a831d2d,73080,0,0.01,6003080,False,1,1,1,0,74,77,M,0.808
0,3082,libero_object_task8,libero_object,8,85a354802b7b7722,73082,2,0.01,6003082,False,1,1,1,0,133,149,M,0.808
0,3083,libero_spatial_task3,libero_spatial,3,78ce5aa6fec147c1,83083,3,0.01,7003083,True,1,1,1,0,86,84,M,0.828
0,3086,libero_goal_task7,libero_goal,7,b20a3d588f174fbd,73086,6,0.01,6003086,False,1,1,1,0,122,74,M,0.8
0,3088,libero_spatial_task3,libero_spatial,3,97a3b03aee3a4a96,83088,8,0.01,7003088,True,0,0,1,-1,220,84,M,0.844
0,3090,libero_goal_task7,libero_goal,7,4c309c5390554149,73090,10,0.01,6003090,False,1,1,1,0,71,70,M,0.8
0,3091,libero_object_task5,libero_object,5,7c9cb59767a27af9,73091,11,0.01,6003091,False,1,1,1,0,107,117,M,0.8
0,3094,libero_goal_task5,libero_goal,5,220546bac32b5e64,73094,14,0.01,6003094,False,1,1,1,0,111,125,M,0.8
0,3096,libero_goal_task2,libero_goal,2,2ce2908bb60194e4,73096,16,0.01,6003096,False,1,1,1,0,87,88,M,0.8
0,3097,libero_spatial_task1,libero_spatial,1,801e96ec509566ad,73097,17,0.01,6003097,False,1,1,1,0,101,102,M,0.812
0,3099,libero_goal_task2,libero_goal,2,a246d8276815d442,73099,19,0.01,6003099,False,1,1,1,0,85,86,M,0.8
0,3101,libero_10_task2,libero_10,2,fe22acd887943317,73101,21,0.01,6003101,False,1,1,1,0,216,230,M,0.8
0,3103,libero_object_task2,libero_object,2,606bac78e594f7d5,73103,23,0.01,6003103,False,1,1,1,0,112,118,M,0.8
0,3106,libero_goal_task2,libero_goal,2,132cf1019174696b,73106,26,0.01,6003106,False,1,1,1,0,96,89,M,0.8
0,3107,libero_goal_task2,libero_goal,2,b14845d4d8f58f86,73107,27,0.01,6003107,False,1,1,1,0,91,93,M,0.8
0,3109,libero_goal_task7,libero_goal,7,35519fca1f0f7ccf,73109,29,0.01,6003109,False,1,1,1,0,71,69,M,0.8
0,3111,libero_goal_task1,libero_goal,1,8db3ee3bb140d6f4,73111,31,0.01,6003111,False,1,1,1,0,78,82,M,0.8
0,3113,libero_10_task2,libero_10,2,758d2e681e6cbd7e,73113,33,0.01,6003113,False,1,1,1,0,234,221,M,0.8
0,3114,libero_spatial_task1,libero_spatial,1,f257c6217008cba1,73114,34,0.01,6003114,False,1,1,1,0,102,106,M,0.808
0,3115,libero_goal_task7,libero_goal,7,ee74fdead8090aec,73115,35,0.01,6003115,False,1,1,1,0,71,70,M,0.8
0,3119,libero_10_task2,libero_10,2,28cd4e907d054df6,73119,39,0.01,6003119,False,1,1,1,0,220,225,M,0.8
0,3120,libero_goal_task1,libero_goal,1,f6d7ab9a6635c301,73120,0,0.01,6003120,False,1,1,1,0,81,84,M,0.8
0,3123,libero_object_task5,libero_object,5,63bc96b5f0b57068,73123,3,0.01,6003123,False,1,1,1,0,119,130,M,0.8
0,3124,libero_object_task5,libero_object,5,96d3a8444ea3bfa7,73124,4,0.01,6003124,False,1,1,0,1,124,280,M,0.8
0,3125,libero_goal_task1,libero_goal,1,4bab588dbed071c4,73125,5,0.01,6003125,False,1,1,1,0,83,87,M,0.8
0,3127,libero_spatial_task2,libero_spatial,2,ddf5b626a57452c5,83127,7,0.01,7003127,True,1,1,1,0,97,99,M,0.8
0,3128,libero_10_task2,libero_10,2,1b1f5d9ff64c3b52,73128,8,0.01,6003128,False,1,1,1,0,241,239,M,0.8
0,3129,libero_goal_task7,libero_goal,7,8c058b40a3b0f65b,73129,9,0.01,6003129,False,1,1,1,0,70,76,M,0.8
0,3131,libero_object_task4,libero_object,4,031170b21a787d27,73131,11,0.01,6003131,False,1,1,1,0,129,137,M,0.8
0,3134,libero_goal_task4,libero_goal,4,800db17ec66ea9b1,73134,14,0.01,6003134,False,1,1,1,0,84,93,M,0.8
0,3135,libero_goal_task5,libero_goal,5,0cc0adb6f0efcf3b,73135,15,0.01,6003135,False,1,1,1,0,113,122,M,0.8
0,3136,libero_spatial_task0,libero_spatial,0,d11585ae78567bb8,73136,16,0.01,6003136,False,1,1,1,0,77,78,M,0.8
0,3137,libero_object_task4,libero_object,4,e50d06087b599d72,73137,17,0.01,6003137,False,1,1,1,0,137,141,M,0.8
0,3138,libero_10_task2,libero_10,2,4994433e480b4a88,73138,18,0.01,6003138,False,1,1,1,0,248,256,M,0.8
0,3139,libero_goal_task4,libero_goal,4,672772b8dbab09b4,73139,19,0.01,6003139,False,1,1,1,0,82,82,M,0.8
0,3140,libero_goal_task4,libero_goal,4,072b40769a349a78,73140,20,0.01,6003140,False,1,1,1,0,78,85,M,0.8
0,3142,libero_goal_task5,libero_goal,5,9a40af667737fff7,73142,22,0.01,6003142,False,1,1,1,0,119,118,M,0.8
0,3143,libero_goal_task5,libero_goal,5,aaead30de3bc5823,73143,23,0.01,6003143,False,1,1,1,0,125,119,M,0.8
0,3144,libero_object_task4,libero_object,4,e37777d7b8188f18,73144,24,0.01,6003144,False,1,1,1,0,139,139,M,0.8
0,3145,libero_goal_task7,libero_goal,7,1234fdd2317ca09c,73145,25,0.01,6003145,False,1,1,1,0,70,69,M,0.8
0,3146,libero_10_task5,libero_10,5,de365d41c5c37ab5,73146,26,0.01,6003146,False,1,1,1,0,381,298,M,0.84
0,3147,libero_object_task5,libero_object,5,882972e0203cb95a,73147,27,0.01,6003147,False,1,1,1,0,118,129,M,0.8
0,3149,libero_object_task2,libero_object,2,6918b1cf261a2385,73149,29,0.01,6003149,False,1,1,1,0,115,111,M,0.8
0,3153,libero_object_task4,libero_object,4,900af1a3f23b73bc,73153,33,0.01,6003153,False,1,1,1,0,138,138,M,0.8
0,3154,libero_goal_task2,libero_goal,2,cbf6b8ded72f21c2,73154,34,0.01,6003154,False,1,1,1,0,94,87,M,0.8
0,3156,libero_goal_task2,libero_goal,2,9ddcd82c4ee3079e,73156,36,0.01,6003156,False,1,1,1,0,93,94,M,0.8
0,3158,libero_goal_task8,libero_goal,8,2a41be7c89f41fed,73158,38,0.01,6003158,False,1,1,1,0,75,75,M,0.804
0,3160,libero_spatial_task7,libero_spatial,7,175e0237d156f66f,83160,0,0.01,7003160,True,1,1,1,0,111,112,M,0.8
0,3161,libero_object_task4,libero_object,4,ce8f190dee215169,73161,1,0.01,6003161,False,1,1,1,0,129,143,M,0.8
0,3164,libero_goal_task4,libero_goal,4,57434e30d019e2e0,73164,4,0.01,6003164,False,1,1,1,0,79,87,M,0.8
0,3169,libero_spatial_task1,libero_spatial,1,ca3a02350b94de5a,73169,9,0.01,6003169,False,1,1,1,0,101,111,M,0.804
0,3170,libero_spatial_task1,libero_spatial,1,b6122e745923aae5,73170,10,0.01,6003170,False,1,1,1,0,109,110,M,0.8
0,3171,libero_object_task5,libero_object,5,5a90931eb853324c,73171,11,0.01,6003171,False,1,1,1,0,110,124,M,0.8
0,3172,libero_goal_task7,libero_goal,7,b327c1e25a72b42f,73172,12,0.01,6003172,False,1,1,1,0,70,69,M,0.8
0,3173,libero_spatial_task1,libero_spatial,1,a2093b3c50c1b3d8,73173,13,0.01,6003173,False,1,1,1,0,101,184,M,0.8
0,3174,libero_spatial_task1,libero_spatial,1,e0b358fb26dc74e7,73174,14,0.01,6003174,False,1,1,1,0,106,106,M,0.8
0,3176,libero_spatial_task0,libero_spatial,0,5bc3bcc9c70f9255,73176,16,0.01,6003176,False,1,1,1,0,77,77,M,0.8
0,3177,libero_object_task8,libero_object,8,90ab1897b3c23f59,73177,17,0.01,6003177,False,1,1,1,0,145,242,M,0.804
0,3178,libero_spatial_task7,libero_spatial,7,87b35300efee9b6b,83178,18,0.01,7003178,True,0,0,0,0,220,220,M,0.816
0,3179,libero_goal_task4,libero_goal,4,6e60d7cb02411342,73179,19,0.01,6003179,False,1,1,1,0,81,82,M,0.8
0,3180,libero_goal_task2,libero_goal,2,b38179cf10d93025,73180,20,0.01,6003180,False,1,1,1,0,96,88,M,0.8
0,3185,libero_goal_task8,libero_goal,8,ce43009870d7d338,73185,25,0.01,6003185,False,1,1,1,0,72,76,M,0.8
0,3186,libero_10_task2,libero_10,2,dc8e9de251f8cae1,73186,26,0.01,6003186,False,1,1,1,0,252,246,M,0.8
0,3187,libero_goal_task4,libero_goal,4,df4f12593c570bfc,73187,27,0.01,6003187,False,1,1,1,0,77,84,M,0.8
0,3190,libero_goal_task5,libero_goal,5,a8df07fb8838484d,73190,30,0.01,6003190,False,1,1,1,0,130,121,M,0.8
0,3193,libero_object_task8,libero_object,8,f4da6b81146dced4,73193,33,0.01,6003193,False,1,1,1,0,132,144,M,0.8
0,3196,libero_object_task5,libero_object,5,0b3ce88d98dfba6e,73196,36,0.01,6003196,False,1,1,1,0,121,125,M,0.8
0,3199,libero_object_task4,libero_object,4,5b736fa891b6c2df,73199,39,0.01,6003199,False,1,1,1,0,141,137,M,0.8
0,3200,libero_goal_task7,libero_goal,7,aead937ff945bddc,73200,0,0.01,6003200,False,1,1,1,0,77,76,M,0.8
0,3202,libero_object_task5,libero_object,5,b545a1296a054d33,73202,2,0.01,6003202,False,1,1,1,0,126,129,M,0.8
0,3203,libero_goal_task8,libero_goal,8,f7c61bc78fe3ec94,73203,3,0.01,6003203,False,1,1,1,0,67,70,M,0.8
0,3205,libero_object_task8,libero_object,8,5f7b02573b280931,73205,5,0.01,6003205,False,1,1,1,0,137,147,M,0.8
0,3207,libero_10_task2,libero_10,2,c70a18a1e907d663,73207,7,0.01,6003207,False,1,1,1,0,246,253,M,0.8
0,3208,libero_object_task4,libero_object,4,8a45274fcbbc0378,73208,8,0.01,6003208,False,1,1,1,0,127,137,M,0.8
0,3209,libero_spatial_task6,libero_spatial,6,eb422dfa089c60fa,83209,9,0.01,7003209,True,1,1,1,0,94,104,M,0.8
0,3211,libero_object_task8,libero_object,8,c6b81f6f649887f0,73211,11,0.01,6003211,False,1,1,1,0,131,145,M,0.8
0,3212,libero_spatial_task6,libero_spatial,6,63f0adceff5b73bb,83212,12,0.01,7003212,True,1,1,1,0,104,106,M,0.8
0,3214,libero_goal_task5,libero_goal,5,215ff0d4f4abffc8,73214,14,0.01,6003214,False,1,1,1,0,126,121,M,0.8
0,3215,libero_goal_task8,libero_goal,8,4f37514652ccf249,73215,15,0.01,6003215,False,1,1,1,0,75,78,M,0.8
0,3216,libero_goal_task5,libero_goal,5,c4fdb502d8479d57,73216,16,0.01,6003216,False,1,1,1,0,119,121,M,0.8
0,3218,libero_object_task2,libero_object,2,ef57e7612ceaa2ca,73218,18,0.01,6003218,False,1,1,1,0,115,130,M,0.8
0,3220,libero_object_task4,libero_object,4,24733c484e10b15e,73220,20,0.01,6003220,False,1,1,1,0,128,136,M,0.8
0,3222,libero_spatial_task0,libero_spatial,0,1678eabcc1622f20,73222,22,0.01,6003222,False,1,1,1,0,78,79,M,0.8
0,3224,libero_goal_task7,libero_goal,7,c431f43902dd69dc,73224,24,0.01,6003224,False,1,1,1,0,81,71,M,0.8
0,3225,libero_10_task5,libero_10,5,e22995e95ccb819b,73225,25,0.01,6003225,False,1,1,0,1,239,520,M,0.836
0,3227,libero_object_task8,libero_object,8,c6efe6a3c0780c3b,73227,27,0.01,6003227,False,1,1,1,0,136,147,M,0.8
0,3228,libero_goal_task1,libero_goal,1,946b5e14d6dbd78d,73228,28,0.01,6003228,False,1,1,1,0,84,82,M,0.8
0,3230,libero_goal_task7,libero_goal,7,694462ed7dfc041e,73230,30,0.01,6003230,False,1,1,1,0,73,77,M,0.8
0,3232,libero_object_task4,libero_object,4,fe051dde12b87a49,73232,32,0.01,6003232,False,1,1,1,0,131,143,M,0.8
0,3233,libero_goal_task8,libero_goal,8,dbd505af92a84bda,73233,33,0.01,6003233,False,1,1,1,0,76,75,M,0.8
0,3235,libero_goal_task7,libero_goal,7,9ff9703fc8353b6e,73235,35,0.01,6003235,False,1,1,1,0,71,72,M,0.8
0,3236,libero_goal_task1,libero_goal,1,d6f95c7946631690,73236,36,0.01,6003236,False,1,1,1,0,80,85,M,0.8
0,3237,libero_goal_task1,libero_goal,1,27bca44d00399d3f,73237,37,0.01,6003237,False,1,1,1,0,82,80,M,0.8
0,3238,libero_object_task2,libero_object,2,bfc5654540f603f4,73238,38,0.01,6003238,False,1,1,1,0,114,122,M,0.8
0,3239,libero_goal_task1,libero_goal,1,5133664f77e1dc57,73239,39,0.01,6003239,False,1,1,1,0,91,84,M,0.8
0,3240,libero_object_task2,libero_object,2,2dd3d3c37d2f79ce,73240,0,0.01,6003240,False,1,1,1,0,119,117,M,0.8
0,3241,libero_spatial_task7,libero_spatial,7,8eacd97a5e9dc86c,83241,1,0.01,7003241,True,1,1,1,0,107,108,M,0.812
0,3243,libero_goal_task4,libero_goal,4,0a7f6abdbad2da42,73243,3,0.01,6003243,False,1,1,1,0,83,87,M,0.8
0,3244,libero_goal_task1,libero_goal,1,942b73bc24145eff,73244,4,0.01,6003244,False,1,1,1,0,79,85,M,0.8
0,3245,libero_goal_task1,libero_goal,1,96cf0586ce72caf8,73245,5,0.01,6003245,False,1,1,1,0,84,84,M,0.8
0,3248,libero_object_task2,libero_object,2,5bc59b38ed478d4f,73248,8,0.01,6003248,False,1,1,1,0,114,117,M,0.8
0,3249,libero_10_task2,libero_10,2,5b1f2c241bc7bda2,73249,9,0.01,6003249,False,1,1,1,0,226,235,M,0.8
0,3252,libero_object_task4,libero_object,4,397ae7f113362dd3,73252,12,0.01,6003252,False,1,1,1,0,117,136,M,0.8
0,3253,libero_object_task5,libero_object,5,47fed3489a3c5d2d,73253,13,0.01,6003253,False,1,1,1,0,124,127,M,0.8
0,3255,libero_10_task2,libero_10,2,4c2813d37a4b1a05,73255,15,0.01,6003255,False,1,1,1,0,227,231,M,0.8
0,3256,libero_object_task5,libero_object,5,1de90ebc7c431f62,73256,16,0.01,6003256,False,1,1,1,0,116,134,M,0.8
0,3257,libero_10_task2,libero_10,2,4db7ec4ca57688b7,73257,17,0.01,6003257,False,1,1,1,0,227,250,M,0.8
0,3260,libero_goal_task7,libero_goal,7,864f6241d2274069,73260,20,0.01,6003260,False,1,1,1,0,72,73,M,0.8
0,3263,libero_object_task5,libero_object,5,97cca5a34782f033,73263,23,0.01,6003263,False,1,1,1,0,123,130,M,0.8
0,3265,libero_object_task2,libero_object,2,891c3314a19d0b4e,73265,25,0.01,6003265,False,1,1,1,0,116,122,M,0.8
0,3266,libero_goal_task4,libero_goal,4,8c5ac7162422a96f,73266,26,0.01,6003266,False,1,1,1,0,88,90,M,0.8
0,3269,libero_10_task2,libero_10,2,53740827719d9912,73269,29,0.01,6003269,False,1,1,1,0,229,240,M,0.8
0,3270,libero_object_task2,libero_object,2,a8b8466a6490a1de,73270,30,0.01,6003270,False,1,1,1,0,110,110,M,0.8
0,3271,libero_spatial_task7,libero_spatial,7,3e24194a29946a44,83271,31,0.01,7003271,True,1,1,1,0,111,116,M,0.808
0,3273,libero_spatial_task1,libero_spatial,1,9511604b8c2381f6,73273,33,0.01,6003273,False,1,1,1,0,109,111,M,0.8
0,3275,libero_goal_task1,libero_goal,1,952351b945a220f4,73275,35,0.01,6003275,False,1,1,1,0,80,84,M,0.8
0,3276,libero_spatial_task1,libero_spatial,1,bb6678a372f5d544,73276,36,0.01,6003276,False,1,1,1,0,106,113,M,0.8
0,3277,libero_object_task4,libero_object,4,e57cbc3dd36d2917,73277,37,0.01,6003277,False,1,1,1,0,133,136,M,0.8
0,3278,libero_object_task2,libero_object,2,7d4e957289a87c38,73278,38,0.01,6003278,False,1,1,1,0,114,118,M,0.8
0,3279,libero_spatial_task0,libero_spatial,0,c5880da640026b66,73279,39,0.01,6003279,False,1,1,1,0,72,74,M,0.8
0,3280,libero_10_task2,libero_10,2,ed2bac62af8a773d,73280,0,0.01,6003280,False,1,1,1,0,225,241,M,0.8
0,3281,libero_spatial_task1,libero_spatial,1,f850652004845d85,73281,1,0.01,6003281,False,1,1,1,0,100,101,M,0.8
0,3283,libero_goal_task7,libero_goal,7,57548be2bbdbb437,73283,3,0.01,6003283,False,1,1,1,0,72,77,M,0.8
0,3284,libero_object_task4,libero_object,4,628b833a662a03f5,73284,4,0.01,6003284,False,1,1,1,0,128,130,M,0.8
0,3285,libero_goal_task1,libero_goal,1,d04dbe93b55ef5ae,73285,5,0.01,6003285,False,1,1,1,0,90,90,M,0.8
0,3286,libero_object_task2,libero_object,2,8897d711c80d182a,73286,6,0.01,6003286,False,1,1,1,0,113,110,M,0.8
0,3287,libero_goal_task5,libero_goal,5,57305b38a339ebe7,73287,7,0.01,6003287,False,0,0,1,-1,300,112,M,0.816
0,3289,libero_goal_task2,libero_goal,2,3bc1f70625b90cb4,73289,9,0.01,6003289,False,1,1,1,0,86,89,M,0.8
0,3290,libero_goal_task8,libero_goal,8,777356f2667f6350,73290,10,0.01,6003290,False,1,1,1,0,76,74,M,0.8
0,3291,libero_10_task5,libero_10,5,e88dd28823ae52bd,73291,11,0.01,6003291,False,1,1,1,0,151,225,M,0.832
0,3293,libero_goal_task8,libero_goal,8,c35ab24404f36dd4,73293,13,0.01,6003293,False,1,1,1,0,76,79,M,0.8
0,3295,libero_goal_task5,libero_goal,5,c36deff2445407cd,73295,15,0.01,6003295,False,1,1,1,0,120,125,M,0.812
0,3296,libero_object_task5,libero_object,5,d58b3a6f698c6e9e,73296,16,0.01,6003296,False,1,1,1,0,127,130,M,0.8
0,3297,libero_spatial_task1,libero_spatial,1,635bdd83f0f16c93,73297,17,0.01,6003297,False,1,1,1,0,95,103,M,0.8
0,3298,libero_spatial_task6,libero_spatial,6,fda0597570961bf8,83298,18,0.01,7003298,True,1,1,1,0,102,105,M,0.8
0,3300,libero_10_task5,libero_10,5,33ff52b7056122d7,73300,20,0.01,6003300,False,1,1,1,0,177,187,M,0.828
0,3303,libero_spatial_task0,libero_spatial,0,37f7d8ccb312f71a,73303,23,0.01,6003303,False,1,1,1,0,78,77,M,0.8
0,3305,libero_goal_task8,libero_goal,8,be40a43497a35b94,73305,25,0.01,6003305,False,0,0,1,-1,300,73,M,0.816
0,3307,libero_spatial_task1,libero_spatial,1,873afa06ff6b125a,73307,27,0.01,6003307,False,1,1,1,0,104,103,M,0.8
0,3313,libero_10_task5,libero_10,5,b9b836984c89b93a,73313,33,0.01,6003313,False,1,1,1,0,253,227,M,0.824
0,3314,libero_object_task8,libero_object,8,b3407b5ab4879980,73314,34,0.01,6003314,False,1,1,1,0,138,193,M,0.8
0,3315,libero_spatial_task6,libero_spatial,6,29fe714527d889fd,83315,35,0.01,7003315,True,1,1,1,0,107,106,M,0.8
0,3317,libero_spatial_task1,libero_spatial,1,e1df5c4fe43dd5c7,73317,37,0.01,6003317,False,1,1,1,0,110,113,M,0.8
0,3318,libero_goal_task2,libero_goal,2,77898543bf5aa815,73318,38,0.01,6003318,False,1,1,1,0,93,97,M,0.8
0,3321,libero_object_task5,libero_object,5,aa4409b511afc43a,73321,1,0.01,6003321,False,1,1,1,0,110,117,M,0.8
0,3322,libero_object_task2,libero_object,2,4e37f6ebff1f4d66,73322,2,0.01,6003322,False,1,1,1,0,106,118,M,0.8
0,3325,libero_spatial_task6,libero_spatial,6,57fde377e9f0e748,83325,5,0.01,7003325,True,1,1,1,0,109,100,M,0.8
0,3326,libero_goal_task1,libero_goal,1,bf9836b9b381495a,73326,6,0.01,6003326,False,1,1,1,0,80,83,M,0.8
0,3328,libero_goal_task5,libero_goal,5,fe57eaa471da5689,73328,8,0.01,6003328,False,1,1,1,0,135,129,M,0.808
0,3331,libero_goal_task7,libero_goal,7,1afdaa1e993c0337,73331,11,0.01,6003331,False,1,1,1,0,73,78,M,0.8
0,3332,libero_goal_task8,libero_goal,8,7a30272f9600b12a,73332,12,0.01,6003332,False,0,0,1,-1,300,77,M,0.832
0,3335,libero_spatial_task7,libero_spatial,7,c7f26202c8304914,83335,15,0.01,7003335,True,1,1,1,0,114,117,M,0.804
0,3336,libero_goal_task7,libero_goal,7,f74855408adbfd45,73336,16,0.01,6003336,False,1,1,1,0,81,79,M,0.8
0,3339,libero_spatial_task2,libero_spatial,2,d6489f6206afb5c3,83339,19,0.01,7003339,True,1,1,1,0,98,97,M,0.8
0,3342,libero_goal_task1,libero_goal,1,1441d932e9493e6c,73342,22,0.01,6003342,False,0,0,1,-1,300,83,M,0.816
0,3343,libero_goal_task4,libero_goal,4,c072f0a6e65d8108,73343,23,0.01,6003343,False,1,1,1,0,88,85,M,0.8
0,3346,libero_goal_task1,libero_goal,1,6be0f32954acd33e,73346,26,0.01,6003346,False,1,1,1,0,74,82,M,0.812
0,3347,libero_object_task8,libero_object,8,7934f1b3960ced27,73347,27,0.01,6003347,False,1,1,1,0,136,199,M,0.8
0,3352,libero_goal_task2,libero_goal,2,4e87c4a03ed6e4a1,73352,32,0.01,6003352,False,1,1,1,0,89,90,M,0.8
0,3357,libero_goal_task4,libero_goal,4,b4c82b3bf8c2f585,73357,37,0.01,6003357,False,1,1,1,0,81,90,M,0.8
0,3358,libero_spatial_task7,libero_spatial,7,a57e13c00ca883ca,83358,38,0.01,7003358,True,1,1,1,0,107,104,M,0.8
0,3359,libero_goal_task7,libero_goal,7,d9bb2ab63b09c91e,73359,39,0.01,6003359,False,1,1,1,0,72,67,M,0.8
0,3360,libero_object_task4,libero_object,4,143a422eedbee341,73360,0,0.01,6003360,False,1,1,1,0,129,148,M,0.8
0,3361,libero_goal_task1,libero_goal,1,19d914d18773bc27,73361,1,0.01,6003361,False,1,1,1,0,77,86,M,0.808
0,3363,libero_goal_task5,libero_goal,5,c8a4d4ec2db78bd3,73363,3,0.01,6003363,False,1,1,1,0,119,123,M,0.804
0,3364,libero_10_task5,libero_10,5,0f1c7d8fc99395bf,73364,4,0.01,6003364,False,1,1,1,0,155,161,M,0.82
0,3366,libero_spatial_task1,libero_spatial,1,d66ceaffa09cde6e,73366,6,0.01,6003366,False,1,1,1,0,103,105,M,0.8
0,3370,libero_10_task5,libero_10,5,e666c0b15b77a542,73370,10,0.01,6003370,False,1,1,1,0,377,153,M,0.816
0,3375,libero_object_task2,libero_object,2,b1c92c59ca8a409f,73375,15,0.01,6003375,False,1,1,0,1,112,280,M,0.8
0,3379,libero_goal_task5,libero_goal,5,a7441179df06e3a1,73379,19,0.01,6003379,False,1,1,1,0,121,135,M,0.8
0,3381,libero_10_task5,libero_10,5,32dd5b181aaf194d,73381,21,0.01,6003381,False,1,1,1,0,160,174,M,0.812
0,3382,libero_spatial_task0,libero_spatial,0,38e3e185625b1803,73382,22,0.01,6003382,False,1,1,1,0,80,79,M,0.8
0,3383,libero_goal_task7,libero_goal,7,b8196ae0b2623f8e,73383,23,0.01,6003383,False,1,1,1,0,76,74,M,0.8
0,3384,libero_goal_task2,libero_goal,2,a677d7193cab4a35,73384,24,0.01,6003384,False,1,1,1,0,86,86,M,0.8
0,3385,libero_goal_task8,libero_goal,8,ea856c1a7fae3f67,73385,25,0.01,6003385,False,1,1,1,0,71,76,M,0.828
0,3386,libero_object_task5,libero_object,5,3e4c4b63eba3d8bd,73386,26,0.01,6003386,False,1,1,1,0,133,128,M,0.8
0,3387,libero_goal_task5,libero_goal,5,969b4c5ac39ff03d,73387,27,0.01,6003387,False,1,1,1,0,120,120,M,0.8
0,3388,libero_goal_task8,libero_goal,8,2da155db9e377810,73388,28,0.01,6003388,False,1,1,1,0,76,78,M,0.824
0,3391,libero_spatial_task1,libero_spatial,1,23e63bc3f3d61e50,73391,31,0.01,6003391,False,0,0,1,-1,220,106,M,0.816
0,3392,libero_object_task5,libero_object,5,b40a52b869f4c4ec,73392,32,0.01,6003392,False,1,1,1,0,127,129,M,0.8
0,3393,libero_object_task5,libero_object,5,c3111a48f967c54d,73393,33,0.01,6003393,False,1,1,1,0,129,134,M,0.8
0,3396,libero_goal_task5,libero_goal,5,6dfc5278fac3533f,73396,36,0.01,6003396,False,1,1,1,0,122,125,M,0.8
0,3400,libero_object_task5,libero_object,5,1177c83b07ad7cfc,73400,0,0.01,6003400,False,1,1,1,0,119,117,M,0.8
0,3401,libero_object_task4,libero_object,4,2d9722d024bb1019,73401,1,0.01,6003401,False,1,1,1,0,136,141,M,0.8
0,3402,libero_goal_task8,libero_goal,8,c6fb337e291b0ce6,73402,2,0.01,6003402,False,1,1,1,0,75,79,M,0.82
0,3404,libero_object_task8,libero_object,8,0b08787642c3e72c,73404,4,0.01,6003404,False,1,1,1,0,184,147,M,0.8
0,3405,libero_goal_task4,libero_goal,4,34c87cd2d6708506,73405,5,0.01,6003405,False,1,1,1,0,81,82,M,0.8
0,3406,libero_goal_task4,libero_goal,4,7c5b1cde1cdc06ed,73406,6,0.01,6003406,False,1,1,1,0,85,86,M,0.8
0,3407,libero_spatial_task1,libero_spatial,1,e490d20df389cf57,73407,7,0.01,6003407,False,1,1,1,0,104,113,M,0.812
0,3408,libero_10_task5,libero_10,5,deba1ed800b5767c,73408,8,0.01,6003408,False,1,1,1,0,204,179,M,0.808
0,3409,libero_goal_task1,libero_goal,1,6d36580f1233b70d,73409,9,0.01,6003409,False,1,1,1,0,87,92,M,0.804
0,3411,libero_goal_task5,libero_goal,5,3ad36a047b34043d,73411,11,0.01,6003411,False,1,1,1,0,112,122,M,0.8
0,3412,libero_10_task5,libero_10,5,4035c6ae33640166,73412,12,0.01,6003412,False,1,1,1,0,267,245,M,0.804
0,3413,libero_10_task2,libero_10,2,446a8802f8bdd8f1,73413,13,0.01,6003413,False,1,1,1,0,230,245,M,0.8
0,3415,libero_spatial_task2,libero_spatial,2,4c9ac5060e7d6a00,83415,15,0.01,7003415,True,1,1,1,0,98,97,M,0.8
0,3417,libero_goal_task1,libero_goal,1,648f6633161d2ab3,73417,17,0.01,6003417,False,1,1,1,0,78,84,M,0.8
0,3418,libero_goal_task7,libero_goal,7,c377884d6e26e8a7,73418,18,0.01,6003418,False,1,1,1,0,71,69,M,0.8
0,3419,libero_object_task8,libero_object,8,9e919415410d7789,73419,19,0.01,6003419,False,1,1,1,0,140,156,M,0.8
0,3420,libero_goal_task7,libero_goal,7,a04b093dc69823c0,73420,20,0.01,6003420,False,1,1,1,0,72,75,M,0.8
0,3421,libero_10_task2,libero_10,2,8ec5ba1c77f63171,73421,21,0.01,6003421,False,1,1,1,0,234,241,M,0.8
0,3422,libero_10_task2,libero_10,2,6c2995c5b9207994,73422,22,0.01,6003422,False,1,1,1,0,223,217,M,0.8
0,3423,libero_goal_task4,libero_goal,4,9063fb54621eb2da,73423,23,0.01,6003423,False,1,1,1,0,79,85,M,0.8
0,3424,libero_goal_task4,libero_goal,4,facc61a60c9da3eb,73424,24,0.01,6003424,False,1,1,1,0,86,81,M,0.8
0,3425,libero_spatial_task1,libero_spatial,1,0031b6a9b87378e6,73425,25,0.01,6003425,False,0,0,1,-1,220,104,M,0.828
0,3426,libero_goal_task5,libero_goal,5,4679da708acd05cf,73426,26,0.01,6003426,False,1,1,1,0,127,125,M,0.8
0,3428,libero_10_task5,libero_10,5,0b9daff04b4d2af9,73428,28,0.01,6003428,False,1,1,1,0,435,166,M,0.8
0,3429,libero_goal_task4,libero_goal,4,844ccfc8f3cf6a15,73429,29,0.01,6003429,False,1,1,1,0,85,85,M,0.8
0,3430,libero_goal_task2,libero_goal,2,9aea091a72e47b57,73430,30,0.01,6003430,False,1,1,1,0,97,87,M,0.8
0,3432,libero_object_task5,libero_object,5,71629dad678b8b41,73432,32,0.01,6003432,False,1,1,1,0,127,129,M,0.8
0,3433,libero_goal_task1,libero_goal,1,28bc8a5c23978e7f,73433,33,0.01,6003433,False,1,1,1,0,81,85,M,0.8
0,3435,libero_goal_task8,libero_goal,8,23967f768a9b21cd,73435,35,0.01,6003435,False,0,0,0,0,300,300,M,0.836
0,3442,libero_10_task2,libero_10,2,985932321e464cb1,73442,2,0.01,6003442,False,1,1,1,0,241,242,M,0.8
0,3446,libero_spatial_task6,libero_spatial,6,8329b4ff803fb051,83446,6,0.01,7003446,True,1,1,1,0,108,105,M,0.8
0,3447,libero_object_task2,libero_object,2,9860b8c293c29ad1,73447,7,0.01,6003447,False,1,1,1,0,113,109,M,0.8
0,3448,libero_spatial_task0,libero_spatial,0,509163dec26d87ca,73448,8,0.01,6003448,False,1,1,1,0,81,78,M,0.8
0,3449,libero_goal_task4,libero_goal,4,5e479f2e1eb6affa,73449,9,0.01,6003449,False,1,1,1,0,83,87,M,0.8
0,3451,libero_10_task2,libero_10,2,3ad71397b37c3d3d,73451,11,0.01,6003451,False,1,1,1,0,228,226,M,0.8
0,3453,libero_spatial_task7,libero_spatial,7,5ae0eab084c76f30,83453,13,0.01,7003453,True,0,0,0,0,220,220,M,0.816
0,3454,libero_object_task4,libero_object,4,3e6c2db630731b0b,73454,14,0.01,6003454,False,1,1,1,0,136,146,M,0.8
0,3456,libero_goal_task7,libero_goal,7,1e4253b38bb4e532,73456,16,0.01,6003456,False,1,1,1,0,76,78,M,0.8
0,3457,libero_10_task2,libero_10,2,527b4097e0e052e2,73457,17,0.01,6003457,False,1,1,1,0,226,245,M,0.8
0,3459,libero_spatial_task6,libero_spatial,6,112d83740d2946de,83459,19,0.01,7003459,True,1,1,1,0,100,98,M,0.8
0,3460,libero_goal_task1,libero_goal,1,2b6f70cb0e2ade20,73460,20,0.01,6003460,False,1,1,0,1,81,300,M,0.8
0,3464,libero_spatial_task0,libero_spatial,0,791bf3964ed4959d,73464,24,0.01,6003464,False,0,0,0,0,220,220,M,0.816
0,3466,libero_object_task2,libero_object,2,6d158c6dd1ab7f34,73466,26,0.01,6003466,False,1,1,1,0,115,113,M,0.8
0,3469,libero_goal_task5,libero_goal,5,1044ca4ffe0678e5,73469,29,0.01,6003469,False,1,1,1,0,122,120,M,0.8
0,3472,libero_spatial_task1,libero_spatial,1,3199fe479791bba9,73472,32,0.01,6003472,False,1,1,1,0,104,145,M,0.824
0,3473,libero_10_task2,libero_10,2,73761e70365d74e9,73473,33,0.01,6003473,False,1,1,1,0,247,232,M,0.8
0,3475,libero_goal_task7,libero_goal,7,c0f461b11055290a,73475,35,0.01,6003475,False,1,1,1,0,71,69,M,0.8
0,3481,libero_10_task2,libero_10,2,0e1ab8071da6fdff,73481,1,0.01,6003481,False,1,1,1,0,269,225,M,0.8
0,3483,libero_10_task2,libero_10,2,b4fdee18b1099218,73483,3,0.01,6003483,False,1,1,1,0,237,227,M,0.8
0,3485,libero_object_task8,libero_object,8,f29e3f9cac84a12b,73485,5,0.01,6003485,False,1,1,1,0,138,145,M,0.8
0,3487,libero_object_task2,libero_object,2,17f109f5a9a98c66,73487,7,0.01,6003487,False,1,1,1,0,111,113,M,0.8
0,3488,libero_object_task8,libero_object,8,96a7c58ab436a169,73488,8,0.01,6003488,False,1,1,1,0,140,154,M,0.8
0,3489,libero_goal_task5,libero_goal,5,135dadedf9a19174,73489,9,0.01,6003489,False,1,1,1,0,137,143,M,0.8
0,3490,libero_goal_task2,libero_goal,2,4f20c2a0602080c0,73490,10,0.01,6003490,False,1,1,1,0,85,94,M,0.8
0,3491,libero_spatial_task6,libero_spatial,6,f248a52deef27413,83491,11,0.01,7003491,True,1,1,1,0,95,108,M,0.8
0,3495,libero_goal_task2,libero_goal,2,8df65496eb496ea1,73495,15,0.01,6003495,False,1,1,1,0,93,96,M,0.8
0,3496,libero_goal_task5,libero_goal,5,339d58a5c1fa5288,73496,16,0.01,6003496,False,1,1,1,0,126,117,M,0.8
0,3498,libero_10_task5,libero_10,5,7f57cefdbd667699,73498,18,0.01,6003498,False,1,1,1,0,183,147,M,0.8
0,3501,libero_goal_task7,libero_goal,7,b2e8a3342c5ad3c0,73501,21,0.01,6003501,False,1,1,1,0,68,65,M,0.8
0,3502,libero_object_task4,libero_object,4,d0c907391bc908d9,73502,22,0.01,6003502,False,1,1,1,0,129,135,M,0.8
0,3503,libero_goal_task8,libero_goal,8,8ec189039cd825fe,73503,23,0.01,6003503,False,1,1,1,0,73,78,M,0.832
0,3504,libero_spatial_task0,libero_spatial,0,0a7e1165f9299f03,73504,24,0.01,6003504,False,1,1,1,0,69,72,M,0.812
0,3507,libero_spatial_task0,libero_spatial,0,6d703de0f55ad671,73507,27,0.01,6003507,False,1,1,1,0,83,85,M,0.808
0,3508,libero_goal_task7,libero_goal,7,2c4bd0c2a822f9f2,73508,28,0.01,6003508,False,1,1,1,0,69,67,M,0.8
0,3510,libero_object_task5,libero_object,5,a062f9c1b25205ad,73510,30,0.01,6003510,False,1,1,1,0,124,121,M,0.8
0,3511,libero_goal_task4,libero_goal,4,947669ec0ff2abef,73511,31,0.01,6003511,False,1,1,1,0,81,87,M,0.8
0,3512,libero_spatial_task2,libero_spatial,2,30ef277ddd8e0aba,83512,32,0.01,7003512,True,1,1,1,0,99,106,M,0.8
0,3513,libero_object_task4,libero_object,4,7df55118ab0bb8c5,73513,33,0.01,6003513,False,1,1,1,0,135,145,M,0.8
0,3515,libero_10_task2,libero_10,2,fa529380544b4440,73515,35,0.01,6003515,False,1,1,0,1,246,520,M,0.8
0,3518,libero_goal_task1,libero_goal,1,3e53de40ad399ebb,73518,38,0.01,6003518,False,1,1,1,0,89,99,M,0.8
0,3519,libero_goal_task8,libero_goal,8,ed55de99f75663ca,73519,39,0.01,6003519,False,1,1,1,0,73,75,M,0.828
0,3520,libero_goal_task2,libero_goal,2,e1639eab340587d7,73520,0,0.01,6003520,False,1,1,1,0,82,87,M,0.8
0,3522,libero_goal_task7,libero_goal,7,80334247339f3b46,73522,2,0.01,6003522,False,1,1,1,0,79,73,M,0.8
0,3523,libero_10_task2,libero_10,2,561dd357dfce9103,73523,3,0.01,6003523,False,1,1,1,0,248,295,M,0.8
0,3530,libero_object_task8,libero_object,8,edae914f5e85d0fe,73530,10,0.01,6003530,False,1,1,1,0,145,152,M,0.8
0,3533,libero_object_task2,libero_object,2,9bf592a66528e788,73533,13,0.01,6003533,False,1,1,1,0,116,115,M,0.8
0,3534,libero_goal_task2,libero_goal,2,fbd53af3080a00cd,73534,14,0.01,6003534,False,1,1,1,0,94,86,M,0.8
0,3535,libero_object_task8,libero_object,8,abe40ce19e9c5738,73535,15,0.01,6003535,False,1,1,1,0,183,188,M,0.8
0,3540,libero_object_task5,libero_object,5,822f5a100a4174a8,73540,20,0.01,6003540,False,1,1,1,0,123,123,M,0.8
0,3543,libero_10_task2,libero_10,2,6510f4bb63d959ec,73543,23,0.01,6003543,False,1,1,1,0,249,253,M,0.8
0,3546,libero_goal_task5,libero_goal,5,6709d677d10d15e7,73546,26,0.01,6003546,False,1,1,1,0,131,119,M,0.8
0,3547,libero_goal_task8,libero_goal,8,cb936b92024ca0f4,73547,27,0.01,6003547,False,1,1,1,0,74,76,M,0.824
0,3550,libero_goal_task5,libero_goal,5,17cfb960741cea46,73550,30,0.01,6003550,False,1,1,1,0,129,123,M,0.8
0,3551,libero_goal_task1,libero_goal,1,d64b00da2644645d,73551,31,0.01,6003551,False,1,1,1,0,80,94,M,0.8
0,3555,libero_object_task4,libero_object,4,fbb3ff317a15c9f7,73555,35,0.01,6003555,False,1,1,1,0,128,139,M,0.8
0,3557,libero_10_task2,libero_10,2,a9da306b9c4b47c2,73557,37,0.01,6003557,False,1,1,1,0,256,251,M,0.8
0,3558,libero_object_task5,libero_object,5,9d577426b7f10a72,73558,38,0.01,6003558,False,1,1,1,0,123,129,M,0.8
0,3561,libero_spatial_task0,libero_spatial,0,a0e1d3ffe9207891,73561,1,0.01,6003561,False,1,1,1,0,81,78,M,0.804
0,3562,libero_goal_task5,libero_goal,5,e10d3c7c72104374,73562,2,0.01,6003562,False,1,1,1,0,122,131,M,0.8
0,3564,libero_10_task2,libero_10,2,06bd9730b2b7cc6f,73564,4,0.01,6003564,False,1,1,1,0,207,210,M,0.8
0,3565,libero_10_task5,libero_10,5,13ad262661cbb903,73565,5,0.01,6003565,False,1,1,1,0,164,158,M,0.8
0,3567,libero_goal_task7,libero_goal,7,daaaad5fbd1544ba,73567,7,0.01,6003567,False,1,1,1,0,71,82,M,0.8
0,3569,libero_object_task2,libero_object,2,96d49b41aa92e26a,73569,9,0.01,6003569,False,1,1,1,0,114,114,M,0.8
0,3571,libero_object_task5,libero_object,5,df2e8fd77b9c85c7,73571,11,0.01,6003571,False,1,1,1,0,115,128,M,0.8
0,3572,libero_object_task2,libero_object,2,4055c8b19535f7b8,73572,12,0.01,6003572,False,1,1,1,0,115,115,M,0.8
0,3573,libero_spatial_task1,libero_spatial,1,2c0352a2391dbba3,73573,13,0.01,6003573,False,1,1,1,0,101,105,M,0.82
0,3574,libero_goal_task4,libero_goal,4,7163092f726cf86a,73574,14,0.01,6003574,False,1,1,1,0,91,89,M,0.8
0,3578,libero_object_task4,libero_object,4,9d1d8864e1ddc14f,73578,18,0.01,6003578,False,1,1,1,0,142,148,M,0.8
0,3579,libero_goal_task1,libero_goal,1,832b2a55ca7438d1,73579,19,0.01,6003579,False,1,1,1,0,83,81,M,0.8
0,3580,libero_spatial_task1,libero_spatial,1,b3461eb3510817e5,73580,20,0.01,6003580,False,1,1,1,0,103,109,M,0.816
0,3582,libero_goal_task4,libero_goal,4,7d0537a08d2ae6c9,73582,22,0.01,6003582,False,1,1,1,0,87,89,M,0.8
0,3583,libero_object_task2,libero_object,2,b6d5368b78b6801b,73583,23,0.01,6003583,False,1,1,1,0,108,120,M,0.8
0,3584,libero_10_task5,libero_10,5,6a5690da7b0077d1,73584,24,0.01,6003584,False,1,1,1,0,161,168,M,0.8
0,3586,libero_goal_task7,libero_goal,7,a89a78cb7c6988a5,73586,26,0.01,6003586,False,1,1,1,0,71,74,M,0.8
0,3587,libero_spatial_task0,libero_spatial,0,e4b49bbbb1002f61,73587,27,0.01,6003587,False,0,0,1,-1,220,90,M,0.82
0,3589,libero_spatial_task1,libero_spatial,1,f5c6d567dfee39dd,73589,29,0.01,6003589,False,1,1,1,0,107,109,M,0.812
0,3594,libero_10_task5,libero_10,5,b641e7fea2d62fd3,73594,34,0.01,6003594,False,1,1,1,0,271,156,M,0.8
0,3595,libero_spatial_task1,libero_spatial,1,41acc6d813c637e4,73595,35,0.01,6003595,False,1,1,1,0,106,108,M,0.808
0,3596,libero_object_task8,libero_object,8,e232de7907210687,73596,36,0.01,6003596,False,1,1,1,0,134,153,M,0.8
0,3597,libero_goal_task1,libero_goal,1,7e22d1aae638e98e,73597,37,0.01,6003597,False,1,1,1,0,83,79,M,0.8
0,3602,libero_goal_task5,libero_goal,5,e5b0daa2c21160b5,73602,2,0.01,6003602,False,1,1,1,0,132,136,M,0.8
0,3604,libero_spatial_task0,libero_spatial,0,01000bc48507bf9b,73604,4,0.01,6003604,False,1,1,1,0,72,76,M,0.816
0,3606,libero_spatial_task0,libero_spatial,0,4d9b6d3255874ed0,73606,6,0.01,6003606,False,1,1,1,0,73,76,M,0.812
0,3609,libero_object_task2,libero_object,2,d7b9383b6c25bcab,73609,9,0.01,6003609,False,1,1,1,0,115,115,M,0.8
0,3612,libero_goal_task2,libero_goal,2,9a25ca14ecc497a9,73612,12,0.01,6003612,False,1,1,1,0,98,90,M,0.8
0,3613,libero_goal_task2,libero_goal,2,631d0d7f667fb41c,73613,13,0.01,6003613,False,1,1,1,0,99,94,M,0.8
0,3614,libero_spatial_task0,libero_spatial,0,6a50850e833eb455,73614,14,0.01,6003614,False,1,1,1,0,76,83,M,0.808
0,3621,libero_goal_task4,libero_goal,4,b5c1917cc5cd2b3d,73621,21,0.01,6003621,False,1,1,1,0,78,82,M,0.8
0,3622,libero_goal_task2,libero_goal,2,c346dc5d69847fa3,73622,22,0.01,6003622,False,1,1,1,0,95,96,M,0.8
0,3623,libero_object_task5,libero_object,5,af9d820a9384f41d,73623,23,0.01,6003623,False,1,1,1,0,132,129,M,0.8
0,3624,libero_goal_task5,libero_goal,5,2130087f226e2467,73624,24,0.01,6003624,False,1,1,1,0,128,123,M,0.8
0,3625,libero_10_task2,libero_10,2,0e7245e4cfe76a02,73625,25,0.01,6003625,False,1,1,1,0,224,219,M,0.8
0,3633,libero_goal_task5,libero_goal,5,f951f164c9ea1b95,73633,33,0.01,6003633,False,1,1,1,0,123,128,M,0.8
0,3639,libero_10_task2,libero_10,2,ccc52af0cde3512b,73639,39,0.01,6003639,False,1,1,1,0,231,231,M,0.8
0,3640,libero_goal_task5,libero_goal,5,ba9f6d90305f26e8,73640,0,0.01,6003640,False,1,1,1,0,128,117,M,0.8
0,3641,libero_object_task8,libero_object,8,81463a38c9a6e67f,73641,1,0.01,6003641,False,1,1,1,0,136,149,M,0.8
0,3642,libero_spatial_task6,libero_spatial,6,cc8c3e620861decc,83642,2,0.01,7003642,True,1,1,1,0,95,93,M,0.8
0,3645,libero_spatial_task1,libero_spatial,1,3de1cff025e15b96,73645,5,0.01,6003645,False,1,1,1,0,106,106,M,0.804
0,3647,libero_object_task5,libero_object,5,638d09124594a826,73647,7,0.01,6003647,False,1,1,1,0,125,127,M,0.8
0,3651,libero_object_task5,libero_object,5,83db986b318f9ae7,73651,11,0.01,6003651,False,1,1,1,0,168,120,M,0.8
0,3652,libero_object_task2,libero_object,2,d5d0a274cfc533e8,73652,12,0.01,6003652,False,1,1,1,0,111,118,M,0.8
0,3655,libero_goal_task4,libero_goal,4,71bb070877e25521,73655,15,0.01,6003655,False,1,1,1,0,80,86,M,0.8
0,3657,libero_goal_task8,libero_goal,8,4ec68750c8017298,73657,17,0.01,6003657,False,0,0,0,0,300,300,M,0.84
0,3658,libero_spatial_task1,libero_spatial,1,6eeb43f74cbbdd46,73658,18,0.01,6003658,False,1,1,1,0,104,111,M,0.8
0,3663,libero_spatial_task1,libero_spatial,1,13e95e5318e8d782,73663,23,0.01,6003663,False,1,1,1,0,107,110,M,0.8
0,3664,libero_goal_task7,libero_goal,7,d07a0d55ed64392a,73664,24,0.01,6003664,False,1,1,1,0,73,73,M,0.8
0,3666,libero_goal_task8,libero_goal,8,0a6e3c97fb875f80,73666,26,0.01,6003666,False,1,1,1,0,76,77,M,0.836
0,3667,libero_goal_task2,libero_goal,2,cdb657c7ae0fe62b,73667,27,0.01,6003667,False,1,1,1,0,91,89,M,0.8
0,3668,libero_10_task2,libero_10,2,323a2b14e3a409d1,73668,28,0.01,6003668,False,1,1,1,0,215,217,M,0.8
0,3671,libero_goal_task4,libero_goal,4,f779ed8c98d07f38,73671,31,0.01,6003671,False,1,1,1,0,77,85,M,0.8
0,3672,libero_object_task8,libero_object,8,4c9cce27bae67ad2,73672,32,0.01,6003672,False,1,1,1,0,129,153,M,0.8
0,3673,libero_goal_task8,libero_goal,8,c7fb3f5058366a07,73673,33,0.01,6003673,False,1,1,1,0,76,77,M,0.832
0,3674,libero_object_task8,libero_object,8,7b45e05e874100a2,73674,34,0.01,6003674,False,1,1,1,0,137,145,M,0.8
0,3676,libero_goal_task1,libero_goal,1,0c9d04fcfa215602,73676,36,0.01,6003676,False,1,1,1,0,83,86,M,0.8
0,3677,libero_spatial_task7,libero_spatial,7,e849509f6b60478f,83677,37,0.01,7003677,True,1,1,1,0,113,123,M,0.812
0,3678,libero_spatial_task1,libero_spatial,1,c84cf22b1a617aa6,73678,38,0.01,6003678,False,1,1,1,0,99,109,M,0.8
0,3680,libero_object_task5,libero_object,5,4c55bfef8e4e1a89,73680,0,0.01,6003680,False,1,1,1,0,113,118,M,0.8
0,3682,libero_10_task2,libero_10,2,2563f8a58dc8606c,73682,2,0.01,6003682,False,1,1,1,0,242,244,M,0.8
0,3684,libero_goal_task5,libero_goal,5,ac28192de9153284,73684,4,0.01,6003684,False,1,1,1,0,130,135,M,0.8
0,3685,libero_spatial_task1,libero_spatial,1,5b284113d4b8d801,73685,5,0.01,6003685,False,1,1,1,0,103,105,M,0.8
0,3686,libero_goal_task8,libero_goal,8,f8290256d226a8d6,73686,6,0.01,6003686,False,1,1,1,0,72,75,M,0.828
0,3687,libero_spatial_task1,libero_spatial,1,71437a0ded855e1e,73687,7,0.01,6003687,False,1,1,1,0,105,108,M,0.8
0,3689,libero_goal_task4,libero_goal,4,8c3dca96567d5782,73689,9,0.01,6003689,False,1,1,1,0,84,91,M,0.8
0,3694,libero_goal_task7,libero_goal,7,2fe2e62f36d7e471,73694,14,0.01,6003694,False,1,1,1,0,69,70,M,0.8
0,3695,libero_goal_task1,libero_goal,1,a9db526263a8b75b,73695,15,0.01,6003695,False,1,1,1,0,90,92,M,0.8
0,3702,libero_goal_task5,libero_goal,5,7f498de742f11a6e,73702,22,0.01,6003702,False,1,1,1,0,121,120,M,0.8
0,3703,libero_10_task2,libero_10,2,072ecea2ede349e6,73703,23,0.01,6003703,False,1,1,1,0,244,266,M,0.8
0,3704,libero_goal_task4,libero_goal,4,e30529d402139b51,73704,24,0.01,6003704,False,0,0,1,-1,300,86,M,0.816
0,3705,libero_10_task5,libero_10,5,66e7e76d1bb6dece,73705,25,0.01,6003705,False,1,1,1,0,191,170,M,0.8
0,3707,libero_10_task5,libero_10,5,0992d8db216c12bc,73707,27,0.01,6003707,False,1,1,1,0,358,183,M,0.8
0,3708,libero_10_task2,libero_10,2,95b8d32ed13eef9f,73708,28,0.01,6003708,False,1,1,1,0,236,256,M,0.8
0,3714,libero_10_task2,libero_10,2,e88f063384e574dc,73714,34,0.01,6003714,False,1,1,1,0,245,242,M,0.8
0,3716,libero_spatial_task1,libero_spatial,1,c66ba847055eeda5,73716,36,0.01,6003716,False,1,1,1,0,107,120,M,0.8
0,3722,libero_spatial_task1,libero_spatial,1,2d43cf68fee4ab90,73722,2,0.01,6003722,False,1,1,1,0,102,118,M,0.8
0,3725,libero_10_task5,libero_10,5,35969e54066b378a,73725,5,0.01,6003725,False,1,1,1,0,366,174,M,0.8
0,3728,libero_goal_task7,libero_goal,7,c6793eab0480936d,73728,8,0.01,6003728,False,1,1,1,0,70,72,M,0.8
0,3729,libero_object_task2,libero_object,2,b24b9083e1218ab5,73729,9,0.01,6003729,False,1,1,1,0,112,118,M,0.8
0,3731,libero_goal_task1,libero_goal,1,151079b4cc56ef3d,73731,11,0.01,6003731,False,1,1,1,0,91,97,M,0.8
0,3732,libero_goal_task2,libero_goal,2,cad3309fac759ed5,73732,12,0.01,6003732,False,1,1,1,0,97,96,M,0.8
0,3733,libero_object_task4,libero_object,4,7803d1d41d6c9d9b,73733,13,0.01,6003733,False,1,1,1,0,135,144,M,0.8
0,3735,libero_object_task8,libero_object,8,d100597b0728d84f,73735,15,0.01,6003735,False,1,1,1,0,135,144,M,0.8
0,3736,libero_object_task8,libero_object,8,a47345dafdaf1918,73736,16,0.01,6003736,False,1,1,1,0,146,146,M,0.8
0,3737,libero_object_task2,libero_object,2,21eea6b46b441b00,73737,17,0.01,6003737,False,1,1,1,0,115,116,M,0.8
0,3738,libero_spatial_task7,libero_spatial,7,7827b253776698b7,83738,18,0.01,7003738,True,0,0,1,-1,220,104,M,0.828
0,3739,libero_object_task5,libero_object,5,fe0167d153499df4,73739,19,0.01,6003739,False,1,1,1,0,119,118,M,0.8
0,3743,libero_10_task2,libero_10,2,7d327c59927096e0,73743,23,0.01,6003743,False,1,1,1,0,250,255,M,0.8
0,3745,libero_spatial_task0,libero_spatial,0,8ccd00fb6626f787,73745,25,0.01,6003745,False,1,1,1,0,77,70,M,0.804
0,3747,libero_spatial_task6,libero_spatial,6,7596829ae29b43c7,83747,27,0.01,7003747,True,1,1,1,0,104,102,M,0.8
0,3748,libero_spatial_task0,libero_spatial,0,a4f4f145955f6036,73748,28,0.01,6003748,False,1,1,1,0,74,74,M,0.8
0,3749,libero_spatial_task0,libero_spatial,0,1ca410812a037e76,73749,29,0.01,6003749,False,1,1,1,0,78,78,M,0.8
0,3751,libero_goal_task2,libero_goal,2,8cf5c004596652e3,73751,31,0.01,6003751,False,1,1,1,0,96,93,M,0.8
0,3752,libero_object_task5,libero_object,5,f8383028e7fe13e7,73752,32,0.01,6003752,False,1,1,1,0,127,129,M,0.8
0,3753,libero_goal_task4,libero_goal,4,f0f12ddcac032ad3,73753,33,0.01,6003753,False,1,1,1,0,82,86,M,0.812
0,3754,libero_10_task2,libero_10,2,0bd4fe2cff7569c0,73754,34,0.01,6003754,False,1,1,1,0,246,255,M,0.8
0,3757,libero_10_task2,libero_10,2,22f96930ced140f9,73757,37,0.01,6003757,False,1,1,1,0,241,247,M,0.8
0,3758,libero_object_task2,libero_object,2,5dcae52e86f6132f,73758,38,0.01,6003758,False,1,1,1,0,114,121,M,0.8
0,3759,libero_spatial_task7,libero_spatial,7,5b0ca7874336787d,83759,39,0.01,7003759,True,1,1,1,0,112,115,M,0.824
0,3762,libero_object_task8,libero_object,8,754f4136f5afeb2f,73762,2,0.01,6003762,False,1,1,1,0,141,144,M,0.8
0,3763,libero_10_task5,libero_10,5,f0d948faefb58e5a,73763,3,0.01,6003763,False,1,1,1,0,159,224,M,0.8
0,3764,libero_10_task5,libero_10,5,5833e621eba0fa0a,73764,4,0.01,6003764,False,1,1,1,0,159,170,M,0.8
0,3765,libero_goal_task5,libero_goal,5,24e47617944c13b1,73765,5,0.01,6003765,False,1,1,1,0,123,114,M,0.8
0,3766,libero_goal_task8,libero_goal,8,80ffc4efd89c5e94,73766,6,0.01,6003766,False,0,0,0,0,300,300,M,0.844
0,3767,libero_object_task5,libero_object,5,b31ab39aaa07ba19,73767,7,0.01,6003767,False,1,1,1,0,126,130,M,0.8
0,3769,libero_goal_task7,libero_goal,7,996132cbbe269271,73769,9,0.01,6003769,False,1,1,1,0,73,71,M,0.8
0,3770,libero_object_task2,libero_object,2,b156b10b43ce86d9,73770,10,0.01,6003770,False,1,1,1,0,113,115,M,0.8
0,3771,libero_10_task2,libero_10,2,c9df7bd1eab78342,73771,11,0.01,6003771,False,1,1,1,0,231,251,M,0.8
0,3775,libero_goal_task5,libero_goal,5,b0922f23f8345f52,73775,15,0.01,6003775,False,1,1,1,0,132,124,M,0.8
0,3778,libero_object_task8,libero_object,8,5248372d9846a39e,73778,18,0.01,6003778,False,1,1,1,0,157,144,M,0.8
0,3779,libero_object_task2,libero_object,2,c3aa9dd450d02264,73779,19,0.01,6003779,False,1,1,1,0,118,119,M,0.8
0,3780,libero_goal_task5,libero_goal,5,7c58957d3bd2b431,73780,20,0.01,6003780,False,1,1,1,0,120,115,M,0.8
0,3781,libero_spatial_task1,libero_spatial,1,ec16be0bbdcf62ed,73781,21,0.01,6003781,False,1,1,1,0,108,119,M,0.8
0,3783,libero_object_task8,libero_object,8,2fa6faba37257899,73783,23,0.01,6003783,False,1,1,1,0,136,165,M,0.8
0,3784,libero_spatial_task1,libero_spatial,1,2f96ef0d051dc2e6,73784,24,0.01,6003784,False,1,1,1,0,105,110,M,0.8
0,3788,libero_goal_task2,libero_goal,2,299f7476e9312805,73788,28,0.01,6003788,False,1,1,1,0,102,113,M,0.8
0,3789,libero_object_task5,libero_object,5,536dbede083d9406,73789,29,0.01,6003789,False,1,1,1,0,108,119,M,0.8
0,3790,libero_goal_task1,libero_goal,1,287e318390f05293,73790,30,0.01,6003790,False,1,1,1,0,81,95,M,0.8
0,3793,libero_spatial_task1,libero_spatial,1,3a89b2ec50593058,73793,33,0.01,6003793,False,1,1,1,0,109,108,M,0.8
0,3795,libero_goal_task4,libero_goal,4,47404ad4990c794b,73795,35,0.01,6003795,False,1,1,1,0,77,84,M,0.808
0,3797,libero_goal_task4,libero_goal,4,d456bf312fa855f3,73797,37,0.01,6003797,False,1,1,1,0,79,86,M,0.804
0,3798,libero_goal_task1,libero_goal,1,9e28078c5659bc1a,73798,38,0.01,6003798,False,1,1,1,0,86,95,M,0.8
0,3801,libero_object_task2,libero_object,2,62aa464545d20f1e,73801,1,0.01,6003801,False,1,1,1,0,110,120,M,0.8
0,3803,libero_spatial_task2,libero_spatial,2,758cb6ddefb9f137,83803,3,0.01,7003803,True,1,1,1,0,86,91,M,0.8
0,3804,libero_object_task2,libero_object,2,6746269d6fbd3686,73804,4,0.01,6003804,False,1,1,1,0,107,106,M,0.8
0,3806,libero_10_task2,libero_10,2,2d402f1d3e948dd2,73806,6,0.01,6003806,False,1,1,1,0,255,259,M,0.8
0,3807,libero_goal_task7,libero_goal,7,a3f1e97d940adb38,73807,7,0.01,6003807,False,1,1,1,0,73,83,M,0.8
0,3808,libero_goal_task1,libero_goal,1,a174da972280db6c,73808,8,0.01,6003808,False,1,1,1,0,88,90,M,0.8
0,3811,libero_goal_task4,libero_goal,4,e3d2b947503f7c27,73811,11,0.01,6003811,False,1,1,1,0,80,88,M,0.8
0,3812,libero_goal_task1,libero_goal,1,b3a28693b0682c98,73812,12,0.01,6003812,False,1,1,1,0,87,83,M,0.8
0,3814,libero_goal_task7,libero_goal,7,044b14618545c78a,73814,14,0.01,6003814,False,1,1,1,0,70,71,M,0.8
0,3815,libero_goal_task4,libero_goal,4,c423cd0046a4124a,73815,15,0.01,6003815,False,1,1,1,0,81,86,M,0.8
0,3817,libero_spatial_task1,libero_spatial,1,d172bc315bc98374,73817,17,0.01,6003817,False,1,1,1,0,98,106,M,0.8
0,3821,libero_goal_task4,libero_goal,4,cd3d99bd77f88a66,73821,21,0.01,6003821,False,0,0,1,-1,300,83,M,0.816
0,3822,libero_goal_task7,libero_goal,7,818dd2a992c25c6b,73822,22,0.01,6003822,False,1,1,1,0,66,78,M,0.8
0,3828,libero_spatial_task0,libero_spatial,0,37d6c14ba63b8d72,73828,28,0.01,6003828,False,1,1,1,0,76,77,M,0.8
0,3830,libero_object_task2,libero_object,2,f594de81b51f758d,73830,30,0.01,6003830,False,1,1,1,0,108,114,M,0.8
0,3831,libero_goal_task5,libero_goal,5,580991b20b10e276,73831,31,0.01,6003831,False,1,1,1,0,115,117,M,0.8
0,3832,libero_goal_task5,libero_goal,5,706c04828032e742,73832,32,0.01,6003832,False,1,1,1,0,129,128,M,0.8
0,3835,libero_object_task2,libero_object,2,0ac1c9ac9f980545,73835,35,0.01,6003835,False,1,1,1,0,118,112,M,0.8
0,3837,libero_goal_task8,libero_goal,8,babf920f3afbb780,73837,37,0.01,6003837,False,1,1,1,0,77,78,M,0.84
0,3839,libero_goal_task8,libero_goal,8,fab0906ccce672b7,73839,39,0.01,6003839,False,1,1,1,0,74,78,M,0.836
0,3840,libero_goal_task4,libero_goal,4,54799cd990f5b76c,73840,0,0.01,6003840,False,1,1,1,0,99,87,M,0.812
0,3842,libero_goal_task1,libero_goal,1,50f553b62bfc1662,73842,2,0.01,6003842,False,0,0,1,-1,300,80,M,0.816
0,3843,libero_spatial_task1,libero_spatial,1,c1db2849da128a1f,73843,3,0.01,6003843,False,1,1,1,0,103,99,M,0.8
0,3844,libero_spatial_task1,libero_spatial,1,ff929daba2ce19d0,73844,4,0.01,6003844,False,1,1,1,0,106,108,M,0.8
0,3847,libero_object_task2,libero_object,2,6d8693a18611aee5,73847,7,0.01,6003847,False,1,1,1,0,109,113,M,0.8
0,3848,libero_goal_task8,libero_goal,8,35687a86e2aae3f1,73848,8,0.01,6003848,False,1,1,1,0,73,76,M,0.832
0,3849,libero_object_task8,libero_object,8,2c0850350c4cbae5,73849,9,0.01,6003849,False,1,1,1,0,132,143,M,0.8
0,3851,libero_object_task4,libero_object,4,7c39d37af7e8667d,73851,11,0.01,6003851,False,1,1,1,0,134,135,M,0.8
0,3852,libero_object_task8,libero_object,8,91add90d9b816491,73852,12,0.01,6003852,False,1,1,1,0,138,146,M,0.8
0,3853,libero_object_task2,libero_object,2,dc47fb56fe4708da,73853,13,0.01,6003853,False,1,1,1,0,114,112,M,0.8
0,3856,libero_spatial_task1,libero_spatial,1,e3adeed855df43ef,73856,16,0.01,6003856,False,1,1,0,1,101,220,M,0.8
0,3862,libero_goal_task7,libero_goal,7,5fee5146e6556148,73862,22,0.01,6003862,False,1,1,1,0,67,68,M,0.8
0,3864,libero_object_task5,libero_object,5,f127c6660b4b5738,73864,24,0.01,6003864,False,1,1,1,0,124,121,M,0.8
0,3865,libero_spatial_task0,libero_spatial,0,bb83b48d6da24cf2,73865,25,0.01,6003865,False,1,1,1,0,80,73,M,0.8
0,3866,libero_object_task8,libero_object,8,bb27d25d69809c89,73866,26,0.01,6003866,False,1,1,1,0,160,146,M,0.8
0,3867,libero_object_task2,libero_object,2,603a46d0b2778a58,73867,27,0.01,6003867,False,1,1,1,0,120,115,M,0.8
0,3868,libero_spatial_task0,libero_spatial,0,ae1d6fbe6acbfc4b,73868,28,0.01,6003868,False,1,1,1,0,72,77,M,0.8
0,3869,libero_goal_task8,libero_goal,8,9151552abfbe0b5a,73869,29,0.01,6003869,False,1,1,1,0,79,80,M,0.828
0,3871,libero_goal_task5,libero_goal,5,32d9dd2baba95536,73871,31,0.01,6003871,False,1,1,1,0,113,125,M,0.8
0,3872,libero_goal_task7,libero_goal,7,2e34b404a83d87b5,73872,32,0.01,6003872,False,1,1,1,0,103,69,M,0.8
0,3877,libero_spatial_task2,libero_spatial,2,d15ffc04c47620ca,83877,37,0.01,7003877,True,1,1,1,0,97,98,M,0.8
0,3879,libero_object_task8,libero_object,8,c3c9814cff688293,73879,39,0.01,6003879,False,1,1,1,0,134,156,M,0.8
0,3881,libero_object_task8,libero_object,8,b02d6ef1907abe4f,73881,1,0.01,6003881,False,1,1,1,0,137,154,M,0.8
0,3882,libero_object_task4,libero_object,4,c53a028335d960a7,73882,2,0.01,6003882,False,1,1,1,0,135,147,M,0.8
0,3883,libero_goal_task1,libero_goal,1,6af389185df7d47e,73883,3,0.01,6003883,False,1,1,1,0,79,80,M,0.812
0,3885,libero_goal_task7,libero_goal,7,859b6a2fed5a9a9f,73885,5,0.01,6003885,False,1,1,1,0,77,74,M,0.8
0,3886,libero_object_task4,libero_object,4,d4bb1fbf30449b27,73886,6,0.01,6003886,False,1,1,1,0,128,135,M,0.8
0,3887,libero_spatial_task0,libero_spatial,0,2c4cbc6ead0a98ed,73887,7,0.01,6003887,False,1,1,1,0,75,80,M,0.8
0,3888,libero_spatial_task6,libero_spatial,6,cb1aa882374f368e,83888,8,0.01,7003888,True,1,1,1,0,106,105,M,0.8
0,3890,libero_goal_task7,libero_goal,7,5d309740203f75b8,73890,10,0.01,6003890,False,1,1,1,0,72,70,M,0.8
0,3892,libero_goal_task7,libero_goal,7,0e6dc49c63f3f31e,73892,12,0.01,6003892,False,1,1,1,0,70,68,M,0.8
0,3893,libero_object_task4,libero_object,4,0d39a73ddc8483b3,73893,13,0.01,6003893,False,1,1,1,0,129,143,M,0.8
0,3895,libero_spatial_task1,libero_spatial,1,fe690e1b181f5241,73895,15,0.01,6003895,False,1,1,1,0,103,106,M,0.8
0,3897,libero_object_task2,libero_object,2,b42f4dbf2a2a2a6e,73897,17,0.01,6003897,False,1,1,1,0,113,118,M,0.8
0,3898,libero_10_task5,libero_10,5,7fdc5ed2fbde231a,73898,18,0.01,6003898,False,1,1,1,0,159,166,M,0.8
0,3900,libero_10_task5,libero_10,5,d58269888f713a08,73900,20,0.01,6003900,False,1,1,0,1,180,520,M,0.8
0,3901,libero_goal_task8,libero_goal,8,05a172df73c018f3,73901,21,0.01,6003901,False,1,1,1,0,74,90,M,0.824
0,3902,libero_object_task5,libero_object,5,67f4048518b88331,73902,22,0.01,6003902,False,1,1,1,0,123,127,M,0.8
0,3904,libero_goal_task4,libero_goal,4,6ef735c6ae4233b9,73904,24,0.01,6003904,False,1,1,1,0,93,80,M,0.808
0,3907,libero_goal_task8,libero_goal,8,e13197f1162e9bba,73907,27,0.01,6003907,False,1,1,1,0,72,76,M,0.82
0,3909,libero_10_task5,libero_10,5,9e2c5c9a602b2555,73909,29,0.01,6003909,False,1,1,1,0,152,176,M,0.8
0,3914,libero_object_task4,libero_object,4,cae22bfe5592f9cf,73914,34,0.01,6003914,False,1,1,1,0,127,147,M,0.8
0,3916,libero_goal_task1,libero_goal,1,65a1085662240e64,73916,36,0.01,6003916,False,1,1,1,0,83,87,M,0.808
0,3921,libero_goal_task1,libero_goal,1,3e4b2c7edaf13166,73921,1,0.01,6003921,False,1,1,1,0,78,92,M,0.804
0,3925,libero_object_task2,libero_object,2,fb440d18c57b14c0,73925,5,0.01,6003925,False,1,1,1,0,118,118,M,0.8
0,3927,libero_object_task4,libero_object,4,a640197f68d77336,73927,7,0.01,6003927,False,1,1,1,0,140,137,M,0.8
0,3928,libero_goal_task5,libero_goal,5,cccb2af03a87ccb6,73928,8,0.01,6003928,False,1,1,1,0,138,126,M,0.8
0,3929,libero_goal_task7,libero_goal,7,3c0e6d6bdf4af7b9,73929,9,0.01,6003929,False,1,1,1,0,69,76,M,0.8
0,3935,libero_goal_task4,libero_goal,4,0965b342585fda03,73935,15,0.01,6003935,False,1,1,1,0,79,83,M,0.804
0,3936,libero_goal_task1,libero_goal,1,dffe619f81dbc697,73936,16,0.01,6003936,False,1,1,1,0,82,88,M,0.8
0,3938,libero_spatial_task6,libero_spatial,6,12f0f57493bc3098,83938,18,0.01,7003938,True,1,1,1,0,104,104,M,0.8
0,3939,libero_goal_task8,libero_goal,8,46d5fc4ab46f42e3,73939,19,0.01,6003939,False,0,0,1,-1,300,79,M,0.836
0,3942,libero_object_task5,libero_object,5,f80fbb4dfee43f11,73942,22,0.01,6003942,False,1,1,1,0,119,124,M,0.8
0,3943,libero_goal_task5,libero_goal,5,9fa30a8d4e2c420f,73943,23,0.01,6003943,False,1,1,1,0,120,125,M,0.8
0,3944,libero_spatial_task0,libero_spatial,0,4bf0e0caf9a91d69,73944,24,0.01,6003944,False,1,1,1,0,73,74,M,0.8
0,3945,libero_spatial_task1,libero_spatial,1,7d68e8e854bf726b,73945,25,0.01,6003945,False,1,1,1,0,109,106,M,0.8
0,3946,libero_10_task5,libero_10,5,cf5da0fbbc7527e5,73946,26,0.01,6003946,False,1,1,1,0,381,199,M,0.8
0,3947,libero_spatial_task0,libero_spatial,0,29ce1fdb2b10b4dd,73947,27,0.01,6003947,False,0,0,0,0,220,220,M,0.816
0,3948,libero_object_task2,libero_object,2,c51da0e4bc18b346,73948,28,0.01,6003948,False,1,1,1,0,115,118,M,0.8
0,3949,libero_spatial_task0,libero_spatial,0,4a17c2c07d8fa40e,73949,29,0.01,6003949,False,0,0,0,0,220,220,M,0.832
0,3951,libero_spatial_task6,libero_spatial,6,09aba3a4810fa8b1,83951,31,0.01,7003951,True,1,1,1,0,102,112,M,0.8
0,3952,libero_object_task2,libero_object,2,a31ab2e988533472,73952,32,0.01,6003952,False,1,1,1,0,115,116,M,0.8
0,3954,libero_object_task4,libero_object,4,f6214f5e89c8345a,73954,34,0.01,6003954,False,1,1,1,0,128,151,M,0.8
0,3956,libero_spatial_task0,libero_spatial,0,208d3d2ee631e6f2,73956,36,0.01,6003956,False,1,1,1,0,78,75,M,0.828
0,3962,libero_object_task2,libero_object,2,31d2391b206fd627,73962,2,0.01,6003962,False,1,1,1,0,108,112,M,0.8
0,3964,libero_object_task8,libero_object,8,5f3b85733d7b9081,73964,4,0.01,6003964,False,1,1,1,0,137,150,M,0.8
0,3965,libero_goal_task4,libero_goal,4,9a7eebbd3cfeaecb,73965,5,0.01,6003965,False,1,1,1,0,79,80,M,0.8
0,3966,libero_10_task2,libero_10,2,055e0d57a680c9c3,73966,6,0.01,6003966,False,1,1,1,0,250,256,M,0.8
0,3968,libero_object_task4,libero_object,4,6ac59d6a76606644,73968,8,0.01,6003968,False,1,1,1,0,128,135,M,0.8
0,3969,libero_goal_task8,libero_goal,8,7037aff11968cf77,73969,9,0.01,6003969,False,1,1,1,0,73,77,M,0.832
0,3970,libero_spatial_task1,libero_spatial,1,c428e2287c4df511,73970,10,0.01,6003970,False,1,1,1,0,104,109,M,0.8
0,3971,libero_spatial_task6,libero_spatial,6,d8ea8ae202d8c712,83971,11,0.01,7003971,True,1,1,1,0,97,101,M,0.8
0,3974,libero_spatial_task1,libero_spatial,1,fc5b82790f2f319f,73974,14,0.01,6003974,False,1,1,1,0,102,105,M,0.8
0,3976,libero_spatial_task2,libero_spatial,2,eaa29962ace31fb9,83976,16,0.01,7003976,True,1,1,1,0,94,98,M,0.8
0,3978,libero_spatial_task2,libero_spatial,2,61fe2344a986cb5b,83978,18,0.01,7003978,True,1,1,0,1,100,220,M,0.8
0,3979,libero_10_task5,libero_10,5,3f13d2c49154327d,73979,19,0.01,6003979,False,1,1,1,0,177,176,M,0.8
0,3980,libero_object_task5,libero_object,5,76f6b4311467905e,73980,20,0.01,6003980,False,1,1,1,0,122,116,M,0.8
0,3981,libero_goal_task1,libero_goal,1,0aaad9983fe656a4,73981,21,0.01,6003981,False,1,1,1,0,85,91,M,0.8
0,3982,libero_goal_task5,libero_goal,5,356abcccacc0b1d4,73982,22,0.01,6003982,False,1,1,1,0,120,109,M,0.8
0,3983,libero_goal_task8,libero_goal,8,967322db1dc897a4,73983,23,0.01,6003983,False,1,1,1,0,75,77,M,0.828
0,3984,libero_goal_task1,libero_goal,1,51c9492dee841b26,73984,24,0.01,6003984,False,1,1,1,0,82,88,M,0.8
0,3985,libero_10_task2,libero_10,2,4a151c946c261946,73985,25,0.01,6003985,False,1,1,1,0,230,230,M,0.8
0,3987,libero_spatial_task7,libero_spatial,7,b6bff5f992611f9c,83987,27,0.01,7003987,True,1,1,1,0,118,117,M,0.82
0,3988,libero_goal_task4,libero_goal,4,8ec5918d2ff4cc93,73988,28,0.01,6003988,False,1,1,1,0,88,83,M,0.8
0,3990,libero_10_task2,libero_10,2,ac7a49e77f5686da,73990,30,0.01,6003990,False,1,1,1,0,217,235,M,0.8
0,3993,libero_goal_task1,libero_goal,1,e3f7eb6129792e63,73993,33,0.01,6003993,False,1,1,1,0,85,84,M,0.8
0,3994,libero_goal_task4,libero_goal,4,ea3907146c1ac32b,73994,34,0.01,6003994,False,1,1,1,0,81,84,M,0.8
0,3995,libero_spatial_task2,libero_spatial,2,d16dfcb4d8279948,83995,35,0.01,7003995,True,1,1,1,0,98,88,M,0.8
0,3996,libero_object_task5,libero_object,5,e1cc83167180b6c9,73996,36,0.01,6003996,False,1,1,1,0,126,130,M,0.8
1,429,libero_object_task1,libero_object,1,f0ec7f625a9f9072,80429,29,0.01,7000429,False,1,1,1,0,114,125,M,0.8
1,438,libero_object_task1,libero_object,1,afc6145773197871,80438,38,0.01,7000438,False,1,1,1,0,126,128,M,0.8
1,449,libero_10_task5,libero_10,5,ed0a2b451e99712e,80449,9,0.01,7000449,False,1,1,1,0,157,191,M,0.8
1,464,libero_object_task2,libero_object,2,e610669fc4a2fb29,80464,24,0.01,7000464,False,1,1,1,0,117,118,M,0.8
1,465,libero_object_task2,libero_object,2,b1d239a720be9486,80465,25,0.01,7000465,False,1,1,1,0,112,116,M,0.8
1,470,libero_10_task5,libero_10,5,32595c356610cd38,80470,30,0.01,7000470,False,1,1,1,0,158,166,M,0.8
1,474,libero_object_task2,libero_object,2,4175add923feb5d4,80474,34,0.01,7000474,False,1,1,1,0,109,117,M,0.8
1,488,libero_object_task1,libero_object,1,227b61d5cfa2da01,80488,8,0.01,7000488,False,1,1,1,0,126,128,M,0.8
1,496,libero_10_task5,libero_10,5,0ed8a3d24ce6a0c1,80496,16,0.01,7000496,False,1,1,1,0,156,165,M,0.8
1,497,libero_10_task5,libero_10,5,8820ca6d256bea41,80497,17,0.01,7000497,False,0,0,1,-1,520,160,M,0.816
1,499,libero_goal_task7,libero_goal,7,c982dbf0f18e49b9,80499,19,0.01,7000499,False,1,1,1,0,73,76,M,0.8
1,502,libero_10_task5,libero_10,5,81389094da1643b7,80502,22,0.01,7000502,False,1,1,1,0,154,202,M,0.812
1,504,libero_10_task5,libero_10,5,7a5173beb0d6731c,80504,24,0.01,7000504,False,1,1,1,0,162,167,M,0.808
1,507,libero_goal_task7,libero_goal,7,e355107b7143fb97,80507,27,0.01,7000507,False,1,1,1,0,69,70,M,0.8
1,508,libero_object_task2,libero_object,2,0493b6a87164552e,80508,28,0.01,7000508,False,1,1,1,0,119,120,M,0.8
1,514,libero_object_task2,libero_object,2,03c9ab1260cf815a,80514,34,0.01,7000514,False,1,1,1,0,108,110,M,0.8
1,515,libero_goal_task7,libero_goal,7,9665bd697f7efe1c,80515,35,0.01,7000515,False,1,1,1,0,70,71,M,0.8
1,523,libero_object_task2,libero_object,2,7758a235eb9c1026,80523,3,0.01,7000523,False,1,1,1,0,120,119,M,0.8
1,525,libero_object_task4,libero_object,4,414d00f1938ed8e8,80525,5,0.01,7000525,False,1,1,1,0,129,132,M,0.8
1,526,libero_10_task5,libero_10,5,5846bcb1f713bf68,80526,6,0.01,7000526,False,1,1,1,0,159,174,M,0.804
1,528,libero_10_task5,libero_10,5,734e9dc9d4a68d08,80528,8,0.01,7000528,False,1,1,1,0,152,152,M,0.8
1,529,libero_10_task5,libero_10,5,e48bed8e0e3784f2,80529,9,0.01,7000529,False,1,1,1,0,150,156,M,0.8
1,533,libero_spatial_task1,libero_spatial,1,c1c7feeb3b90221d,80533,13,0.01,7000533,False,1,1,1,0,108,107,M,0.8
1,534,libero_object_task4,libero_object,4,76aa6e1fd2137afd,80534,14,0.01,7000534,False,1,1,1,0,136,145,M,0.8
1,536,libero_10_task5,libero_10,5,2caddd9ac2277f8a,80536,16,0.01,7000536,False,1,1,1,0,143,149,M,0.8
1,545,libero_object_task4,libero_object,4,8d93dd604450806a,80545,25,0.01,7000545,False,1,1,1,0,128,138,M,0.8
1,548,libero_object_task4,libero_object,4,0cf3a79fc36c4126,80548,28,0.01,7000548,False,1,1,1,0,132,133,M,0.8
1,550,libero_object_task1,libero_object,1,07526fc90cfeaae8,80550,30,0.01,7000550,False,1,1,1,0,123,124,M,0.8
1,551,libero_goal_task7,libero_goal,7,d9cb062fd762eee1,80551,31,0.01,7000551,False,1,1,1,0,70,72,M,0.8
1,556,libero_object_task2,libero_object,2,1ac9246cf59c51ed,80556,36,0.01,7000556,False,1,1,1,0,114,126,M,0.8
1,565,libero_goal_task7,libero_goal,7,729c1163e4bb78d6,80565,5,0.01,7000565,False,1,1,1,0,76,75,M,0.8
1,568,libero_spatial_task1,libero_spatial,1,2cb9a3a0b4530c12,80568,8,0.01,7000568,False,1,1,1,0,132,102,M,0.8
1,569,libero_goal_task7,libero_goal,7,a3b2bf0519418afa,80569,9,0.01,7000569,False,1,1,1,0,68,73,M,0.8
1,572,libero_spatial_task1,libero_spatial,1,0b01149e0bca5cd4,80572,12,0.01,7000572,False,1,1,1,0,109,109,M,0.8
1,573,libero_object_task1,libero_object,1,590a95c35f2a9fa3,80573,13,0.01,7000573,False,1,1,1,0,120,120,M,0.8
1,574,libero_spatial_task1,libero_spatial,1,e18d0faeb052fd4c,80574,14,0.01,7000574,False,1,1,1,0,129,104,M,0.8
1,577,libero_object_task4,libero_object,4,32ac35b427c06727,80577,17,0.01,7000577,False,1,1,1,0,137,144,M,0.8
1,587,libero_goal_task4,libero_goal,4,b18b5604873c7f54,80587,27,0.01,7000587,False,1,1,1,0,81,81,M,0.8
1,590,libero_object_task1,libero_object,1,6614ca2d98b7272a,80590,30,0.01,7000590,False,1,1,1,0,122,162,M,0.8
1,591,libero_goal_task7,libero_goal,7,f12bec7bb4f80cd2,80591,31,0.01,7000591,False,1,1,1,0,76,83,M,0.8
1,601,libero_spatial_task1,libero_spatial,1,dc49fa133ba8c2ba,80601,1,0.01,7000601,False,1,1,1,0,104,102,M,0.8
1,602,libero_goal_task7,libero_goal,7,bb3c03b528dbd540,80602,2,0.01,7000602,False,1,1,1,0,71,69,M,0.8
1,605,libero_object_task1,libero_object,1,e58c2d5afc7b74d3,80605,5,0.01,7000605,False,1,1,1,0,123,122,M,0.8
1,610,libero_spatial_task1,libero_spatial,1,02c875c0524eb5cb,80610,10,0.01,7000610,False,1,1,1,0,105,110,M,0.8
1,613,libero_goal_task7,libero_goal,7,2689f856008983aa,80613,13,0.01,7000613,False,1,1,1,0,69,69,M,0.8
1,617,libero_object_task2,libero_object,2,c656871e44293c93,80617,17,0.01,7000617,False,1,1,1,0,111,116,M,0.8
1,618,libero_object_task2,libero_object,2,7bd2f168281c98b6,80618,18,0.01,7000618,False,1,1,1,0,119,116,M,0.8
1,621,libero_10_task5,libero_10,5,c0a85cc23ab1c341,80621,21,0.01,7000621,False,1,1,1,0,154,176,M,0.8
1,623,libero_goal_task9,libero_goal,9,b95fcf3f704188f4,80623,23,0.01,7000623,False,1,1,1,0,161,138,M,0.8
1,624,libero_spatial_task1,libero_spatial,1,cd6ad48ae2859891,80624,24,0.01,7000624,False,1,1,1,0,111,112,M,0.8
1,625,libero_10_task5,libero_10,5,cb2b7d811376312a,80625,25,0.01,7000625,False,1,1,1,0,142,204,M,0.8
1,627,libero_goal_task7,libero_goal,7,9e177d61a30c4873,80627,27,0.01,7000627,False,1,1,1,0,69,70,M,0.8
1,629,libero_object_task1,libero_object,1,ef0d5c2e79906b45,80629,29,0.01,7000629,False,0,0,1,-1,280,127,M,0.816
1,632,libero_object_task2,libero_object,2,01279c706e7ef2b7,80632,32,0.01,7000632,False,1,1,1,0,119,117,M,0.8
1,635,libero_10_task5,libero_10,5,94c5a7e0fea56411,80635,35,0.01,7000635,False,0,0,1,-1,520,198,M,0.816
1,636,libero_spatial_task1,libero_spatial,1,c26ff628b79ce595,80636,36,0.01,7000636,False,1,1,1,0,109,110,M,0.8
1,640,libero_goal_task4,libero_goal,4,3f72288ced653186,80640,0,0.01,7000640,False,1,1,0,1,85,300,M,0.8
1,653,libero_goal_task1,libero_goal,1,0e60d5da5de85fa5,80653,13,0.01,7000653,False,1,1,1,0,77,85,M,0.8
1,655,libero_goal_task4,libero_goal,4,851fcb3655fb1196,80655,15,0.01,7000655,False,1,1,1,0,82,81,M,0.8
1,660,libero_goal_task9,libero_goal,9,d5dcc721382e8076,80660,20,0.01,7000660,False,1,1,1,0,125,124,M,0.8
1,663,libero_spatial_task1,libero_spatial,1,aee2e47c58f79ac3,80663,23,0.01,7000663,False,1,1,1,0,107,113,M,0.8
1,666,libero_goal_task7,libero_goal,7,7d146a54d6eab0c7,80666,26,0.01,7000666,False,1,1,1,0,69,78,M,0.8
1,668,libero_goal_task1,libero_goal,1,7c0089b25c0735bc,80668,28,0.01,7000668,False,1,1,1,0,83,85,M,0.8
1,671,libero_spatial_task1,libero_spatial,1,8a44d48cc1aa82c3,80671,31,0.01,7000671,False,1,1,1,0,153,106,M,0.8
1,683,libero_spatial_task1,libero_spatial,1,c5d2ac37a74ed953,80683,3,0.01,7000683,False,1,1,1,0,133,106,M,0.8
1,687,libero_goal_task7,libero_goal,7,c046ff06a5a0f563,80687,7,0.01,7000687,False,1,1,1,0,77,69,M,0.8
1,692,libero_object_task2,libero_object,2,c2fb77694aec6bd4,80692,12,0.01,7000692,False,1,1,1,0,122,119,M,0.8
1,693,libero_spatial_task1,libero_spatial,1,08f1b09c49da6d4d,80693,13,0.01,7000693,False,1,1,0,1,109,220,M,0.8
1,697,libero_goal_task4,libero_goal,4,bdffde9cdd77190f,80697,17,0.01,7000697,False,1,1,1,0,82,88,M,0.8
1,704,libero_object_task4,libero_object,4,a6cd1fd23b3543d5,80704,24,0.01,7000704,False,1,1,1,0,137,151,M,0.8
1,705,libero_object_task4,libero_object,4,d8f18a9f88c21d6b,80705,25,0.01,7000705,False,1,1,1,0,136,148,M,0.8
1,706,libero_object_task3,libero_object,3,6a9c74762810267f,80706,26,0.01,7000706,False,1,1,1,0,127,157,M,0.8
1,707,libero_spatial_task1,libero_spatial,1,9af8fd5dc39b5ded,80707,27,0.01,7000707,False,1,1,1,0,126,105,M,0.8
1,708,libero_object_task1,libero_object,1,b17d5b1223af6d54,80708,28,0.01,7000708,False,1,1,1,0,122,130,M,0.812
1,713,libero_goal_task4,libero_goal,4,ddf554e39ee13f7d,80713,33,0.01,7000713,False,1,1,1,0,81,82,M,0.8
1,716,libero_goal_task4,libero_goal,4,b99a5abc6599362e,80716,36,0.01,7000716,False,1,1,1,0,81,85,M,0.8
1,718,libero_goal_task9,libero_goal,9,3d9b6eb168293b3c,80718,38,0.01,7000718,False,1,1,1,0,161,140,M,0.8
1,720,libero_goal_task4,libero_goal,4,f405c2083c1573a1,80720,0,0.01,7000720,False,1,1,1,0,87,86,M,0.8
1,733,libero_object_task2,libero_object,2,fb2534b93a443bfa,80733,13,0.01,7000733,False,1,1,1,0,117,115,M,0.8
1,734,libero_spatial_task1,libero_spatial,1,a8d6dd9571df670c,80734,14,0.01,7000734,False,1,1,1,0,107,110,M,0.8
1,735,libero_goal_task4,libero_goal,4,f85cf1365afa0720,80735,15,0.01,7000735,False,1,1,1,0,81,86,M,0.8
1,741,libero_goal_task7,libero_goal,7,deeca1bb02f4b87f,80741,21,0.01,7000741,False,1,1,1,0,69,65,M,0.8
1,754,libero_goal_task1,libero_goal,1,eff109e7cb525f3d,80754,34,0.01,7000754,False,1,1,1,0,81,84,M,0.8
1,755,libero_goal_task4,libero_goal,4,7cfcc8cb9fee3de8,80755,35,0.01,7000755,False,1,1,1,0,78,83,M,0.8
1,756,libero_object_task4,libero_object,4,2c2070b68e7d890b,80756,36,0.01,7000756,False,1,1,1,0,135,137,M,0.8
1,758,libero_goal_task1,libero_goal,1,876e3437d146f074,80758,38,0.01,7000758,False,1,1,1,0,81,99,M,0.8
1,768,libero_10_task5,libero_10,5,f72da86014a7db2d,80768,8,0.01,7000768,False,1,1,1,0,143,145,M,0.812
1,773,libero_object_task1,libero_object,1,20299d974877ee5d,80773,13,0.01,7000773,False,1,1,1,0,120,122,M,0.808
1,774,libero_object_task3,libero_object,3,4c5dca3741bf98dd,80774,14,0.01,7000774,False,1,1,1,0,121,135,M,0.8
1,775,libero_object_task3,libero_object,3,29bcdabfcf61ade3,80775,15,0.01,7000775,False,1,1,1,0,119,128,M,0.8
1,777,libero_10_task5,libero_10,5,2012301a98e271ff,80777,17,0.01,7000777,False,1,1,1,0,149,167,M,0.808
1,781,libero_goal_task1,libero_goal,1,84339e9bece5bf3e,80781,21,0.01,7000781,False,1,1,1,0,89,90,M,0.8
1,782,libero_object_task4,libero_object,4,c1c906e39e80c155,80782,22,0.01,7000782,False,1,1,1,0,128,144,M,0.8
1,784,libero_object_task1,libero_object,1,913c89fd0e0bfa78,80784,24,0.01,7000784,False,1,1,1,0,113,127,M,0.804
1,786,libero_10_task5,libero_10,5,4dded9198cd59d4f,80786,26,0.01,7000786,False,1,1,1,0,158,146,M,0.804
1,787,libero_object_task3,libero_object,3,0805bdb0e65fc3be,80787,27,0.01,7000787,False,1,1,1,0,128,137,M,0.8
1,788,libero_object_task3,libero_object,3,36500db4c6da41c5,80788,28,0.01,7000788,False,1,1,1,0,124,125,M,0.8
1,794,libero_spatial_task1,libero_spatial,1,88be848122c17720,80794,34,0.01,7000794,False,1,1,1,0,104,104,M,0.8
1,795,libero_goal_task9,libero_goal,9,25d87f61b0a1e000,80795,35,0.01,7000795,False,1,1,1,0,123,122,M,0.8
1,797,libero_10_task5,libero_10,5,ad7e7394e64c176c,80797,37,0.01,7000797,False,1,1,1,0,157,165,M,0.8
1,801,libero_goal_task1,libero_goal,1,17ec14c77364c489,80801,1,0.01,7000801,False,1,1,1,0,76,89,M,0.8
1,803,libero_goal_task1,libero_goal,1,dd1968a4031fe52d,80803,3,0.01,7000803,False,1,1,1,0,79,81,M,0.8
1,805,libero_goal_task4,libero_goal,4,b8b98e89263dc616,80805,5,0.01,7000805,False,1,1,1,0,79,81,M,0.8
1,806,libero_goal_task9,libero_goal,9,b3b20724d723c7c9,80806,6,0.01,7000806,False,1,1,1,0,113,120,M,0.8
1,808,libero_object_task4,libero_object,4,224df06b75780914,80808,8,0.01,7000808,False,1,1,1,0,136,137,M,0.8
1,810,libero_spatial_task1,libero_spatial,1,a09326a1c7b0a28f,80810,10,0.01,7000810,False,1,1,1,0,107,107,M,0.8
1,811,libero_object_task3,libero_object,3,3b6f7cb8cfbac16c,80811,11,0.01,7000811,False,1,1,1,0,122,133,M,0.8
1,812,libero_goal_task9,libero_goal,9,3c7ade7170218c31,80812,12,0.01,7000812,False,1,1,1,0,125,149,M,0.8
1,816,libero_goal_task9,libero_goal,9,73bcfcc7d7b6b17c,80816,16,0.01,7000816,False,1,1,1,0,129,139,M,0.8
1,817,libero_goal_task4,libero_goal,4,a1a4ad9cfda70f2f,80817,17,0.01,7000817,False,1,1,1,0,86,85,M,0.8
1,818,libero_10_task5,libero_10,5,cc92a7338239cb74,80818,18,0.01,7000818,False,1,1,1,0,147,177,M,0.8
1,819,libero_goal_task7,libero_goal,7,36e40a8fd1457963,80819,19,0.01,7000819,False,1,1,1,0,71,74,M,0.8
1,820,libero_object_task4,libero_object,4,24dc19de8d496ac5,80820,20,0.01,7000820,False,1,1,1,0,145,143,M,0.8
1,821,libero_goal_task1,libero_goal,1,56c1c390c8f2154e,80821,21,0.01,7000821,False,1,1,1,0,85,94,M,0.8
1,823,libero_goal_task2,libero_goal,2,95467814fc6a63c7,80823,23,0.01,7000823,False,1,1,1,0,88,93,M,0.8
1,829,libero_goal_task1,libero_goal,1,e743d7d0ecaddba7,80829,29,0.01,7000829,False,1,1,1,0,74,80,M,0.8
1,831,libero_object_task2,libero_object,2,dabda57856b164ca,80831,31,0.01,7000831,False,1,1,1,0,120,118,M,0.8
1,833,libero_object_task3,libero_object,3,814d35eb47ecf868,80833,33,0.01,7000833,False,1,1,1,0,120,130,M,0.8
1,835,libero_goal_task9,libero_goal,9,41a1fa07c775e708,80835,35,0.01,7000835,False,1,1,1,0,128,137,M,0.8
1,836,libero_goal_task7,libero_goal,7,910041174f6d6e50,80836,36,0.01,7000836,False,1,1,1,0,69,69,M,0.8
1,837,libero_object_task4,libero_object,4,8698ef742bdd3f9e,80837,37,0.01,7000837,False,1,1,1,0,132,134,M,0.8
1,840,libero_goal_task7,libero_goal,7,189714cc8a119b57,80840,0,0.01,7000840,False,1,1,1,0,73,75,M,0.8
1,842,libero_object_task3,libero_object,3,d4122f0080d62b2d,80842,2,0.01,7000842,False,1,1,1,0,116,119,M,0.8
1,846,libero_object_task2,libero_object,2,d0a6df4bf490f984,80846,6,0.01,7000846,False,1,1,1,0,113,113,M,0.8
1,850,libero_goal_task2,libero_goal,2,8132b4666d268dbf,80850,10,0.01,7000850,False,1,1,1,0,91,94,M,0.8
1,853,libero_object_task4,libero_object,4,fd04588e341c4997,80853,13,0.01,7000853,False,1,1,1,0,129,136,M,0.8
1,855,libero_goal_task7,libero_goal,7,8f57a5a300b8b39e,80855,15,0.01,7000855,False,1,1,1,0,70,69,M,0.8
1,863,libero_object_task3,libero_object,3,9a5c5e484333cdc6,80863,23,0.01,7000863,False,1,1,1,0,124,170,M,0.8
1,865,libero_goal_task2,libero_goal,2,e2aac117d9b8c3b2,80865,25,0.01,7000865,False,1,1,1,0,88,98,M,0.8
1,871,libero_goal_task4,libero_goal,4,359fce6005ba7b40,80871,31,0.01,7000871,False,1,1,1,0,81,92,M,0.8
1,875,libero_goal_task2,libero_goal,2,8da184fddfe20898,80875,35,0.01,7000875,False,1,1,1,0,87,88,M,0.8
1,876,libero_goal_task2,libero_goal,2,ae6525604c549b3c,80876,36,0.01,7000876,False,1,1,1,0,90,91,M,0.8
1,879,libero_goal_task1,libero_goal,1,b7556e5513edd620,80879,39,0.01,7000879,False,0,0,1,-1,300,90,M,0.816
1,880,libero_object_task2,libero_object,2,3eb1c3c8185232a5,80880,0,0.01,7000880,False,1,1,1,0,120,117,M,0.8
1,882,libero_object_task2,libero_object,2,1b5d90856c52f23b,80882,2,0.01,7000882,False,1,1,1,0,105,113,M,0.8
1,884,libero_spatial_task1,libero_spatial,1,6926467545a10f96,80884,4,0.01,7000884,False,1,1,1,0,108,111,M,0.8
1,886,libero_object_task4,libero_object,4,ef42b15fde7b0015,80886,6,0.01,7000886,False,1,1,1,0,133,142,M,0.8
1,889,libero_spatial_task1,libero_spatial,1,354ec21b64faa662,80889,9,0.01,7000889,False,1,1,1,0,96,122,M,0.8
1,899,libero_object_task4,libero_object,4,32b323d1b677ec10,80899,19,0.01,7000899,False,1,1,1,0,136,138,M,0.8
1,903,libero_goal_task7,libero_goal,7,c751b2e6f4659ff2,80903,23,0.01,7000903,False,1,1,1,0,69,72,M,0.8
1,907,libero_goal_task2,libero_goal,2,4c45a8d5eaa19c12,80907,27,0.01,7000907,False,1,1,1,0,88,84,M,0.8
1,910,libero_spatial_task1,libero_spatial,1,9d3653537ffa614d,80910,30,0.01,7000910,False,1,1,1,0,111,103,M,0.8
1,912,libero_object_task1,libero_object,1,a28c57983fbccf92,80912,32,0.01,7000912,False,1,1,1,0,122,160,M,0.8
1,916,libero_goal_task2,libero_goal,2,68a98bd6140bb122,80916,36,0.01,7000916,False,1,1,1,0,94,90,M,0.8
1,917,libero_object_task3,libero_object,3,637838708c80ca92,80917,37,0.01,7000917,False,1,1,1,0,119,119,M,0.8
1,918,libero_object_task3,libero_object,3,6f3c08c049b8b91e,80918,38,0.01,7000918,False,1,1,1,0,114,126,M,0.8
1,920,libero_object_task2,libero_object,2,54248e6aeb04ea5c,80920,0,0.01,7000920,False,1,1,1,0,117,120,M,0.8
1,922,libero_object_task4,libero_object,4,affcd03ed05645f4,80922,2,0.01,7000922,False,1,1,1,0,129,132,M,0.8
1,923,libero_goal_task1,libero_goal,1,6d04ca529a9fedfb,80923,3,0.01,7000923,False,1,1,1,0,75,81,M,0.812
1,924,libero_object_task3,libero_object,3,74702f35afa2e0d7,80924,4,0.01,7000924,False,1,1,1,0,122,129,M,0.8
1,925,libero_object_task1,libero_object,1,c9422019a85a6a4b,80925,5,0.01,7000925,False,1,1,1,0,117,131,M,0.8
1,926,libero_goal_task2,libero_goal,2,488fa6a2cff4116d,80926,6,0.01,7000926,False,1,1,1,0,86,89,M,0.8
1,930,libero_object_task4,libero_object,4,28cd7fac382fe6be,80930,10,0.01,7000930,False,1,1,1,0,137,142,M,0.8
1,931,libero_spatial_task1,libero_spatial,1,3028ea595a75140e,80931,11,0.01,7000931,False,1,1,1,0,99,107,M,0.8
1,936,libero_goal_task2,libero_goal,2,c6d0c7f44d20b937,80936,16,0.01,7000936,False,1,1,1,0,91,89,M,0.8
1,940,libero_goal_task9,libero_goal,9,179ac1070b53c21e,80940,20,0.01,7000940,False,1,1,1,0,128,126,M,0.8
1,943,libero_object_task1,libero_object,1,d64e5d356c6cfba1,80943,23,0.01,7000943,False,1,1,1,0,112,188,M,0.8
1,945,libero_goal_task4,libero_goal,4,3b2f603ffc8f1367,80945,25,0.01,7000945,False,1,1,1,0,90,90,M,0.8
1,946,libero_spatial_task1,libero_spatial,1,4201e3d737ecf8a8,80946,26,0.01,7000946,False,1,1,1,0,105,107,M,0.8
1,947,libero_spatial_task1,libero_spatial,1,95ad110541865734,80947,27,0.01,7000947,False,1,1,1,0,120,109,M,0.8
1,949,libero_goal_task9,libero_goal,9,725f62659cdf944e,80949,29,0.01,7000949,False,1,1,1,0,131,135,M,0.8
1,953,libero_goal_task7,libero_goal,7,9e5d39ed51291cf5,80953,33,0.01,7000953,False,1,1,1,0,70,71,M,0.8
1,955,libero_object_task2,libero_object,2,45d71dc2bebeaece,80955,35,0.01,7000955,False,1,1,1,0,110,113,M,0.8
1,960,libero_spatial_task1,libero_spatial,1,5a6acbb6ddc00162,80960,0,0.01,7000960,False,1,1,1,0,111,110,M,0.8
1,961,libero_spatial_task1,libero_spatial,1,7348e4bdc656296c,80961,1,0.01,7000961,False,1,1,1,0,100,108,M,0.8
1,965,libero_goal_task7,libero_goal,7,d7ed12e8629fd84a,80965,5,0.01,7000965,False,1,1,1,0,77,77,M,0.8
1,966,libero_goal_task4,libero_goal,4,3afc095a7e21d14f,80966,6,0.01,7000966,False,1,1,1,0,83,86,M,0.8
1,967,libero_goal_task4,libero_goal,4,1d63224c8c7d0fd0,80967,7,0.01,7000967,False,1,1,1,0,83,87,M,0.8
1,970,libero_spatial_task1,libero_spatial,1,42b271f32d1e8a73,80970,10,0.01,7000970,False,1,1,1,0,105,106,M,0.8
1,973,libero_goal_task2,libero_goal,2,eaedd017b91f5610,80973,13,0.01,7000973,False,1,1,1,0,94,99,M,0.8
1,976,libero_10_task5,libero_10,5,60ca8d78f6abef89,80976,16,0.01,7000976,False,1,1,1,0,139,144,M,0.8
1,978,libero_goal_task4,libero_goal,4,b9272785a202d157,80978,18,0.01,7000978,False,1,1,1,0,88,88,M,0.8
1,979,libero_goal_task1,libero_goal,1,9ed7b4dc976dbb45,80979,19,0.01,7000979,False,1,1,1,0,81,84,M,0.808
1,980,libero_object_task2,libero_object,2,eb98f11e3d44bac2,80980,20,0.01,7000980,False,1,1,1,0,112,117,M,0.8
1,981,libero_10_task5,libero_10,5,0a24d52e9c4e2000,80981,21,0.01,7000981,False,1,1,1,0,154,163,M,0.8
1,985,libero_goal_task4,libero_goal,4,97c94e6f1349a85b,80985,25,0.01,7000985,False,1,1,1,0,87,91,M,0.8
1,988,libero_object_task4,libero_object,4,cfe87572665739a4,80988,28,0.01,7000988,False,1,1,1,0,131,145,M,0.8
1,993,libero_goal_task2,libero_goal,2,7ae56e5ed1a01e28,80993,33,0.01,7000993,False,1,1,1,0,94,96,M,0.8
1,996,libero_10_task5,libero_10,5,34d477dc838b5b89,80996,36,0.01,7000996,False,1,1,1,0,166,191,M,0.8
1,997,libero_goal_task4,libero_goal,4,a38e46188cee145f,80997,37,0.01,7000997,False,1,1,1,0,78,86,M,0.8
1,999,libero_goal_task4,libero_goal,4,1965c58feeeefed4,80999,39,0.01,7000999,False,1,1,1,0,91,90,M,0.8
1,1001,libero_goal_task9,libero_goal,9,a2bdd73e4aa09675,81001,1,0.01,7001001,False,1,1,1,0,122,129,M,0.8
1,1003,libero_10_task5,libero_10,5,71d00b4881157145,81003,3,0.01,7001003,False,1,1,1,0,144,165,M,0.8
1,1004,libero_10_task5,libero_10,5,28e4b41691d17b04,81004,4,0.01,7001004,False,1,1,1,0,145,149,M,0.8
1,1010,libero_goal_task9,libero_goal,9,bc074958fa5e7825,81010,10,0.01,7001010,False,1,1,1,0,130,136,M,0.8
1,1012,libero_goal_task1,libero_goal,1,5f68bd379adc508a,81012,12,0.01,7001012,False,1,1,1,0,80,89,M,0.804
1,1014,libero_goal_task7,libero_goal,7,ea33336dc588cc1a,81014,14,0.01,7001014,False,1,1,1,0,68,73,M,0.8
1,1015,libero_goal_task1,libero_goal,1,1dc53dfcee2df4cf,81015,15,0.01,7001015,False,1,1,1,0,84,90,M,0.8
1,1016,libero_10_task5,libero_10,5,cbe336bbc7d43e3d,81016,16,0.01,7001016,False,1,1,1,0,144,162,M,0.8
1,1018,libero_10_task5,libero_10,5,9301a4378b83e6ac,81018,18,0.01,7001018,False,1,1,1,0,149,167,M,0.8
1,1019,libero_object_task1,libero_object,1,65756da35de1756b,81019,19,0.01,7001019,False,1,1,1,0,115,130,M,0.8
1,1023,libero_goal_task7,libero_goal,7,097573613a53faac,81023,23,0.01,7001023,False,1,1,1,0,69,71,M,0.8
1,1025,libero_object_task1,libero_object,1,dc8ad50c3ea25445,81025,25,0.01,7001025,False,1,1,1,0,119,122,M,0.8
1,1026,libero_goal_task4,libero_goal,4,92bce407cd311346,81026,26,0.01,7001026,False,1,1,1,0,83,93,M,0.8
1,1028,libero_object_task1,libero_object,1,826ae23a419abc55,81028,28,0.01,7001028,False,1,1,1,0,114,127,M,0.8
1,1030,libero_object_task2,libero_object,2,2668bc9eacf442f0,81030,30,0.01,7001030,False,1,1,1,0,111,109,M,0.8
1,1044,libero_goal_task1,libero_goal,1,96bd38d47142084c,81044,4,0.01,7001044,False,1,1,1,0,78,88,M,0.8
1,1045,libero_object_task4,libero_object,4,d1e2f1ccca076ae2,81045,5,0.01,7001045,False,1,1,1,0,129,136,M,0.8
1,1049,libero_object_task1,libero_object,1,ecff19a677d28172,81049,9,0.01,7001049,False,1,1,1,0,114,126,M,0.8
1,1052,libero_object_task1,libero_object,1,19277de9b83f7ed6,81052,12,0.01,7001052,False,1,1,1,0,122,131,M,0.8
1,1054,libero_object_task2,libero_object,2,71272756cb9306e1,81054,14,0.01,7001054,False,1,1,1,0,118,118,M,0.8
1,1060,libero_goal_task4,libero_goal,4,d4b68ce36b37e3b0,81060,20,0.01,7001060,False,1,1,1,0,78,85,M,0.8
1,1061,libero_spatial_task1,libero_spatial,1,3ce36bf841d84f4c,81061,21,0.01,7001061,False,1,1,1,0,101,102,M,0.8
1,1064,libero_spatial_task1,libero_spatial,1,fe0f83cbaeca87a1,81064,24,0.01,7001064,False,1,1,1,0,111,112,M,0.8
1,1065,libero_goal_task9,libero_goal,9,6631b1fc5fc79754,81065,25,0.01,7001065,False,1,1,1,0,130,139,M,0.8
1,1066,libero_object_task1,libero_object,1,02f2be7318f2efaf,81066,26,0.01,7001066,False,1,1,1,0,154,129,M,0.8
1,1069,libero_object_task2,libero_object,2,852a2c6181e8958e,81069,29,0.01,7001069,False,1,1,1,0,116,117,M,0.8
1,1070,libero_object_task2,libero_object,2,e170bd44cc1f5a0a,81070,30,0.01,7001070,False,1,1,1,0,111,116,M,0.8
1,1074,libero_goal_task2,libero_goal,2,42df505c4a825391,81074,34,0.01,7001074,False,1,1,1,0,94,105,M,0.8
1,1075,libero_object_task1,libero_object,1,06ef56f17e0a06ff,81075,35,0.01,7001075,False,1,1,1,0,154,146,M,0.8
1,1080,libero_object_task1,libero_object,1,ccdafe4fe0252c1b,81080,0,0.01,7001080,False,1,1,1,0,114,127,M,0.8
1,1081,libero_object_task4,libero_object,4,a27b5675a3766b77,81081,1,0.01,7001081,False,1,1,1,0,127,143,M,0.8
1,1083,libero_spatial_task1,libero_spatial,1,fdb62d678b94d830,81083,3,0.01,7001083,False,1,1,1,0,117,104,M,0.8
1,1085,libero_goal_task7,libero_goal,7,5f9e5df5531d38ed,81085,5,0.01,7001085,False,1,1,1,0,78,72,M,0.8
1,1088,libero_object_task4,libero_object,4,47d0917d8434c9e6,81088,8,0.01,7001088,False,1,1,1,0,130,136,M,0.8
1,1092,libero_object_task3,libero_object,3,9a536da3344d5f67,81092,12,0.01,7001092,False,1,1,1,0,124,126,M,0.8
1,1094,libero_object_task4,libero_object,4,4378987b75e2de92,81094,14,0.01,7001094,False,1,1,1,0,136,143,M,0.8
1,1098,libero_goal_task4,libero_goal,4,0b0b73d3cff7c41a,81098,18,0.01,7001098,False,1,1,1,0,86,95,M,0.8
1,1099,libero_goal_task7,libero_goal,7,2ec02da9fdf04a0d,81099,19,0.01,7001099,False,1,1,1,0,69,73,M,0.8
1,1101,libero_object_task1,libero_object,1,132f43a37f6c6988,81101,21,0.01,7001101,False,1,1,1,0,210,153,M,0.8
1,1102,libero_object_task1,libero_object,1,3dbaefbfac0dd4a5,81102,22,0.01,7001102,False,1,1,1,0,130,122,M,0.8
1,1103,libero_object_task2,libero_object,2,61f2665b090a0e0d,81103,23,0.01,7001103,False,1,1,1,0,166,114,M,0.8
1,1106,libero_goal_task7,libero_goal,7,56ccaf718f99ce55,81106,26,0.01,7001106,False,1,1,1,0,70,83,M,0.8
1,1107,libero_goal_task2,libero_goal,2,1c595775fe057f3b,81107,27,0.01,7001107,False,1,1,1,0,86,82,M,0.8
1,1108,libero_goal_task1,libero_goal,1,186f828b02506a9a,81108,28,0.01,7001108,False,1,1,1,0,80,88,M,0.8
1,1112,libero_goal_task2,libero_goal,2,ba2af4ba30c07c61,81112,32,0.01,7001112,False,1,1,1,0,84,90,M,0.8
1,1117,libero_goal_task9,libero_goal,9,c843ec30010b14c7,81117,37,0.01,7001117,False,1,1,1,0,114,125,M,0.8
1,1120,libero_object_task4,libero_object,4,30e71135687f9feb,81120,0,0.01,7001120,False,1,1,1,0,136,138,M,0.8
1,1124,libero_object_task1,libero_object,1,0487fed3e13c1e7e,81124,4,0.01,7001124,False,1,1,1,0,121,125,M,0.8
1,1125,libero_10_task5,libero_10,5,c594b256cc9673d0,81125,5,0.01,7001125,False,1,1,1,0,152,150,M,0.8
1,1129,libero_goal_task7,libero_goal,7,61b26e55064f01e1,81129,9,0.01,7001129,False,1,1,1,0,66,70,M,0.8
1,1132,libero_goal_task2,libero_goal,2,d26137aef2239a3d,81132,12,0.01,7001132,False,1,1,1,0,87,88,M,0.8
1,1135,libero_goal_task9,libero_goal,9,18857ad3fd9a9ff0,81135,15,0.01,7001135,False,1,1,1,0,113,130,M,0.8
1,1137,libero_object_task2,libero_object,2,a7c25c761dc8057f,81137,17,0.01,7001137,False,1,1,1,0,116,124,M,0.8
1,1142,libero_spatial_task1,libero_spatial,1,b235f8962a375d19,81142,22,0.01,7001142,False,1,1,1,0,110,107,M,0.8
1,1144,libero_goal_task9,libero_goal,9,f5d6e031f2332c5f,81144,24,0.01,7001144,False,1,1,1,0,144,159,M,0.8
1,1147,libero_goal_task7,libero_goal,7,be09b61503745c94,81147,27,0.01,7001147,False,1,1,1,0,70,72,M,0.8
1,1153,libero_goal_task9,libero_goal,9,3c377fdae743b6ba,81153,33,0.01,7001153,False,1,1,1,0,122,136,M,0.8
1,1154,libero_object_task4,libero_object,4,0717666a1580913c,81154,34,0.01,7001154,False,1,1,1,0,135,145,M,0.8
1,1155,libero_10_task5,libero_10,5,dcb2542fa9f7e020,81155,35,0.01,7001155,False,1,1,1,0,161,186,M,0.8
1,1158,libero_10_task5,libero_10,5,afe57604a4d66fc1,81158,38,0.01,7001158,False,1,1,1,0,167,162,M,0.8
1,1163,libero_goal_task4,libero_goal,4,6b09d567425f8fa5,81163,3,0.01,7001163,False,1,1,1,0,120,89,M,0.8
1,1165,libero_goal_task4,libero_goal,4,4418b076862e1f3f,81165,5,0.01,7001165,False,1,1,1,0,79,79,M,0.8
1,1167,libero_goal_task9,libero_goal,9,226d14b5219c490a,81167,7,0.01,7001167,False,1,1,1,0,118,125,M,0.8
1,1171,libero_object_task4,libero_object,4,04733afdbcd672d4,81171,11,0.01,7001171,False,1,1,1,0,127,137,M,0.8
1,1172,libero_object_task4,libero_object,4,a76691b1dfcbb828,81172,12,0.01,7001172,False,1,1,1,0,127,139,M,0.8
1,1175,libero_goal_task1,libero_goal,1,a5d668009ca9908e,81175,15,0.01,7001175,False,1,1,1,0,79,89,M,0.8
1,1179,libero_object_task1,libero_object,1,decec9fffd17ed20,81179,19,0.01,7001179,False,1,1,1,0,122,126,M,0.8
1,1190,libero_goal_task4,libero_goal,4,f80e392beaee8907,81190,30,0.01,7001190,False,1,1,1,0,80,83,M,0.8
1,1195,libero_goal_task4,libero_goal,4,38b3ce9171ebe609,81195,35,0.01,7001195,False,1,1,1,0,79,83,M,0.8
1,1196,libero_object_task4,libero_object,4,2bcd1652bc6561ba,81196,36,0.01,7001196,False,1,1,1,0,134,138,M,0.8
1,1198,libero_object_task1,libero_object,1,3d46dc49a8738e76,81198,38,0.01,7001198,False,1,1,1,0,113,129,M,0.8
1,1199,libero_goal_task1,libero_goal,1,07c58102a5e62d86,81199,39,0.01,7001199,False,0,0,1,-1,300,86,M,0.816
1,1202,libero_object_task1,libero_object,1,3cc9e9a3bd2e2c8a,81202,2,0.01,7001202,False,1,1,1,0,161,128,M,0.8
1,1203,libero_object_task4,libero_object,4,7dbe63e69178dffe,81203,3,0.01,7001203,False,1,1,1,0,141,139,M,0.8
1,1205,libero_goal_task1,libero_goal,1,58ed624497f9ca0d,81205,5,0.01,7001205,False,1,1,1,0,86,96,M,0.812
1,1210,libero_goal_task7,libero_goal,7,075b188ab50cd451,81210,10,0.01,7001210,False,1,1,1,0,69,67,M,0.8
1,1213,libero_object_task2,libero_object,2,a977f1716fd0e4b0,81213,13,0.01,7001213,False,1,1,1,0,115,112,M,0.8
1,1216,libero_object_task3,libero_object,3,0d62f2cedd3d1b7d,81216,16,0.01,7001216,False,1,1,1,0,119,118,M,0.8
1,1218,libero_object_task4,libero_object,4,1115774aa1300e2e,81218,18,0.01,7001218,False,1,1,1,0,144,137,M,0.8
1,1219,libero_spatial_task1,libero_spatial,1,d41eb44fe6cbbed9,81219,19,0.01,7001219,False,1,1,1,0,105,121,M,0.8
1,1220,libero_object_task3,libero_object,3,82c364471122e08f,81220,20,0.01,7001220,False,1,1,1,0,116,119,M,0.8
1,1237,libero_goal_task7,libero_goal,7,768bf5c2ab3c2a14,81237,37,0.01,7001237,False,1,1,1,0,69,72,M,0.8
1,1239,libero_goal_task9,libero_goal,9,d4cc37ed95650fcf,81239,39,0.01,7001239,False,1,1,1,0,124,122,M,0.8
1,1244,libero_goal_task7,libero_goal,7,d1a603e3418acce8,81244,4,0.01,7001244,False,1,1,1,0,70,76,M,0.8
1,1249,libero_goal_task2,libero_goal,2,1678ac6803cd9dfe,81249,9,0.01,7001249,False,1,1,1,0,89,84,M,0.8
1,1252,libero_spatial_task1,libero_spatial,1,90552beef86c8c13,81252,12,0.01,7001252,False,1,1,1,0,107,104,M,0.8
1,1254,libero_object_task4,libero_object,4,520b4a493289343a,81254,14,0.01,7001254,False,1,1,1,0,135,140,M,0.8
1,1259,libero_10_task5,libero_10,5,1561a5990d92e5ca,81259,19,0.01,7001259,False,1,1,1,0,163,168,M,0.8
1,1260,libero_goal_task4,libero_goal,4,8075c32739e64b92,81260,20,0.01,7001260,False,1,1,1,0,88,84,M,0.8
1,1261,libero_spatial_task1,libero_spatial,1,9eb95465cf668e4b,81261,21,0.01,7001261,False,1,1,1,0,101,105,M,0.8
1,1262,libero_10_task5,libero_10,5,14c33801fddfc699,81262,22,0.01,7001262,False,1,1,1,0,147,173,M,0.8
1,1263,libero_goal_task9,libero_goal,9,8c9a6ee14000fa8d,81263,23,0.01,7001263,False,1,1,1,0,140,143,M,0.8
1,1264,libero_object_task3,libero_object,3,a547b351e6d9000f,81264,24,0.01,7001264,False,1,1,1,0,134,127,M,0.8
1,1265,libero_object_task2,libero_object,2,5759962a601a824b,81265,25,0.01,7001265,False,1,1,1,0,111,117,M,0.8
1,1267,libero_goal_task1,libero_goal,1,d8aaf0758fa6d2f0,81267,27,0.01,7001267,False,1,1,1,0,81,84,M,0.808
1,1271,libero_10_task5,libero_10,5,92f7618902d01b11,81271,31,0.01,7001271,False,1,1,1,0,161,185,M,0.8
1,1272,libero_goal_task2,libero_goal,2,1422c1a93553858b,81272,32,0.01,7001272,False,1,1,1,0,91,91,M,0.8
1,1274,libero_goal_task2,libero_goal,2,6fb5cb7ae3fbd9b0,81274,34,0.01,7001274,False,1,1,1,0,92,93,M,0.8
1,1275,libero_spatial_task1,libero_spatial,1,b6d921e86f0fd77e,81275,35,0.01,7001275,False,1,1,1,0,109,108,M,0.8
1,1281,libero_10_task5,libero_10,5,85d1100d8926abc2,81281,1,0.01,7001281,False,1,1,1,0,166,160,M,0.8
1,1286,libero_object_task1,libero_object,1,75234aab5ee66009,81286,6,0.01,7001286,False,0,0,1,-1,280,120,M,0.816
1,1287,libero_goal_task4,libero_goal,4,77441e2ccf185fef,81287,7,0.01,7001287,False,1,1,1,0,83,91,M,0.8
1,1288,libero_10_task5,libero_10,5,388543c3553f69d6,81288,8,0.01,7001288,False,1,1,1,0,143,161,M,0.8
1,1290,libero_object_task2,libero_object,2,c8085ec749d63a10,81290,10,0.01,7001290,False,1,1,1,0,112,114,M,0.8
1,1291,libero_object_task4,libero_object,4,ebb597b3e052066f,81291,11,0.01,7001291,False,1,1,1,0,129,134,M,0.8
1,1293,libero_object_task1,libero_object,1,b45247ac368df92a,81293,13,0.01,7001293,False,1,1,1,0,113,123,M,0.812
1,1296,libero_object_task4,libero_object,4,7ba921224f169019,81296,16,0.01,7001296,False,1,1,1,0,130,136,M,0.8
1,1303,libero_goal_task7,libero_goal,7,2af4161e0a7885ce,81303,23,0.01,7001303,False,1,1,1,0,68,71,M,0.8
1,1304,libero_object_task3,libero_object,3,532eac88cf86c34b,81304,24,0.01,7001304,False,1,1,1,0,128,127,M,0.8
1,1305,libero_goal_task4,libero_goal,4,3806e3943ffbbd2f,81305,25,0.01,7001305,False,1,1,1,0,90,89,M,0.8
1,1307,libero_goal_task1,libero_goal,1,fd8691ae1ac8c2a0,81307,27,0.01,7001307,False,1,1,1,0,80,88,M,0.804
1,1308,libero_spatial_task1,libero_spatial,1,1907dd39d9b96c7d,81308,28,0.01,7001308,False,1,1,1,0,109,108,M,0.8
1,1309,libero_object_task1,libero_object,1,01ea2aab7e1f36bb,81309,29,0.01,7001309,False,0,0,1,-1,280,129,M,0.828
1,1310,libero_object_task1,libero_object,1,6432e62b655cbe2d,81310,30,0.01,7001310,False,1,1,1,0,219,155,M,0.824
1,1313,libero_object_task2,libero_object,2,1ac367e8dc477b0b,81313,33,0.01,7001313,False,1,1,1,0,121,114,M,0.8
1,1314,libero_goal_task2,libero_goal,2,06202805e282b14e,81314,34,0.01,7001314,False,1,1,1,0,95,98,M,0.8
1,1315,libero_goal_task2,libero_goal,2,2dd7ab6043f26885,81315,35,0.01,7001315,False,1,1,1,0,92,96,M,0.8
1,1316,libero_goal_task7,libero_goal,7,3463619206113fb6,81316,36,0.01,7001316,False,1,1,1,0,69,66,M,0.8
1,1320,libero_goal_task9,libero_goal,9,9ae0f6be9c3d64e9,81320,0,0.01,7001320,False,1,1,1,0,145,149,M,0.8
1,1322,libero_goal_task1,libero_goal,1,5de8510532c1f001,81322,2,0.01,7001322,False,1,1,1,0,75,86,M,0.8
1,1323,libero_10_task5,libero_10,5,a418b03a095e7af7,81323,3,0.01,7001323,False,1,1,1,0,151,159,M,0.8
1,1326,libero_goal_task7,libero_goal,7,10f60f3ed4729181,81326,6,0.01,7001326,False,1,1,1,0,74,72,M,0.8
1,1329,libero_object_task1,libero_object,1,cee351833f883e85,81329,9,0.01,7001329,False,1,1,1,0,114,189,M,0.82
1,1330,libero_object_task1,libero_object,1,2172a9715ba795da,81330,10,0.01,7001330,False,1,1,1,0,122,130,M,0.816
1,1331,libero_object_task3,libero_object,3,3d6a6b6d204f66a0,81331,11,0.01,7001331,False,1,1,1,0,134,132,M,0.8
1,1332,libero_goal_task9,libero_goal,9,b4434e3c632704a4,81332,12,0.01,7001332,False,1,1,1,0,130,141,M,0.8
1,1334,libero_spatial_task1,libero_spatial,1,f9828ad776776f58,81334,14,0.01,7001334,False,1,1,1,0,105,109,M,0.8
1,1336,libero_spatial_task1,libero_spatial,1,b70c737fb05e3e3b,81336,16,0.01,7001336,False,1,1,1,0,119,103,M,0.8
1,1339,libero_spatial_task1,libero_spatial,1,cb79ba299eb644d0,81339,19,0.01,7001339,False,1,1,1,0,105,102,M,0.8
1,1340,libero_spatial_task1,libero_spatial,1,3535c3242d167650,81340,20,0.01,7001340,False,1,1,1,0,105,106,M,0.8
1,1341,libero_goal_task1,libero_goal,1,267c3e121e8f9bdf,81341,21,0.01,7001341,False,1,1,1,0,87,90,M,0.8
1,1344,libero_goal_task4,libero_goal,4,aa9a4845393c2e34,81344,24,0.01,7001344,False,1,1,1,0,80,81,M,0.8
1,1348,libero_goal_task7,libero_goal,7,5a64b62c605f6037,81348,28,0.01,7001348,False,1,1,1,0,70,73,M,0.8
1,1350,libero_object_task4,libero_object,4,a5afefb99bc96d92,81350,30,0.01,7001350,False,1,1,1,0,133,138,M,0.8
1,1352,libero_goal_task4,libero_goal,4,39fd8218ca01c9b9,81352,32,0.01,7001352,False,1,1,1,0,82,86,M,0.8
1,1353,libero_spatial_task1,libero_spatial,1,4c119d106502ba95,81353,33,0.01,7001353,False,1,1,1,0,113,116,M,0.8
1,1359,libero_spatial_task1,libero_spatial,1,a3755aeb278b8a5a,81359,39,0.01,7001359,False,1,1,1,0,107,104,M,0.8
1,1361,libero_object_task2,libero_object,2,b7bc94e639e0707c,81361,1,0.01,7001361,False,1,1,1,0,121,127,M,0.8
1,1362,libero_object_task2,libero_object,2,38a6746d41c0d61d,81362,2,0.01,7001362,False,1,1,1,0,190,111,M,0.8
1,1364,libero_goal_task9,libero_goal,9,8928cf1a16ac59ee,81364,4,0.01,7001364,False,1,1,1,0,131,151,M,0.8
1,1365,libero_object_task1,libero_object,1,5fe2e0b779f66148,81365,5,0.01,7001365,False,1,1,1,0,117,131,M,0.812
1,1367,libero_goal_task2,libero_goal,2,00e6cc890a343493,81367,7,0.01,7001367,False,1,1,1,0,95,101,M,0.8
1,1368,libero_goal_task4,libero_goal,4,2369246ffad18932,81368,8,0.01,7001368,False,1,1,1,0,82,87,M,0.8
1,1370,libero_10_task5,libero_10,5,63d98363f1234268,81370,10,0.01,7001370,False,1,1,1,0,176,151,M,0.8
1,1377,libero_goal_task2,libero_goal,2,9d9fe34c00ac2a18,81377,17,0.01,7001377,False,1,1,1,0,95,92,M,0.8
1,1381,libero_10_task5,libero_10,5,6e5a09c38956cb4c,81381,21,0.01,7001381,False,1,1,1,0,159,184,M,0.8
1,1383,libero_object_task1,libero_object,1,0c8cad59fa44c043,81383,23,0.01,7001383,False,1,1,1,0,106,146,M,0.808
1,1386,libero_object_task4,libero_object,4,e839f2c7a1579f8b,81386,26,0.01,7001386,False,1,1,1,0,131,133,M,0.8
1,1388,libero_goal_task4,libero_goal,4,8b7733a1bb5b17a8,81388,28,0.01,7001388,False,1,1,1,0,83,86,M,0.8
1,1390,libero_spatial_task1,libero_spatial,1,719123ca061407ce,81390,30,0.01,7001390,False,1,1,1,0,110,110,M,0.8
1,1391,libero_goal_task7,libero_goal,7,626973a1a62636bd,81391,31,0.01,7001391,False,1,1,1,0,73,81,M,0.8
1,1392,libero_object_task1,libero_object,1,537389cf56382f38,81392,32,0.01,7001392,False,1,1,1,0,152,130,M,0.804
1,1394,libero_goal_task7,libero_goal,7,fb4d825cae2f77b9,81394,34,0.01,7001394,False,1,1,1,0,70,75,M,0.8
1,1395,libero_goal_task2,libero_goal,2,b5277a159b0a35bd,81395,35,0.01,7001395,False,1,1,1,0,84,87,M,0.8
1,1396,libero_object_task2,libero_object,2,eff0acaa648a66ca,81396,36,0.01,7001396,False,1,1,1,0,112,120,M,0.8
1,1397,libero_goal_task2,libero_goal,2,209c455935a5f962,81397,37,0.01,7001397,False,1,1,1,0,91,92,M,0.8
1,1399,libero_object_task1,libero_object,1,dbb5620f27ea4ed9,81399,39,0.01,7001399,False,0,0,1,-1,280,121,M,0.82
1,1400,libero_object_task4,libero_object,4,b7dfbeeac80b4a99,81400,0,0.01,7001400,False,1,1,1,0,137,142,M,0.8
1,1401,libero_goal_task7,libero_goal,7,57ff5d7125c6ba4d,81401,1,0.01,7001401,False,1,1,1,0,68,70,M,0.8
1,1404,libero_goal_task7,libero_goal,7,26610a1a8a7092ca,81404,4,0.01,7001404,False,1,1,1,0,71,76,M,0.8
1,1405,libero_object_task4,libero_object,4,229eca90bff94150,81405,5,0.01,7001405,False,1,1,1,0,129,142,M,0.8
1,1407,libero_object_task1,libero_object,1,d7d5185fc5716a8c,81407,7,0.01,7001407,False,1,1,1,0,122,123,M,0.816
1,1408,libero_goal_task2,libero_goal,2,1a5ae0f1531ac0b3,81408,8,0.01,7001408,False,1,1,1,0,91,88,M,0.8
1,1409,libero_goal_task4,libero_goal,4,561b2e7fe5c22f29,81409,9,0.01,7001409,False,1,1,1,0,79,90,M,0.8
1,1410,libero_goal_task7,libero_goal,7,126a20773e6395fb,81410,10,0.01,7001410,False,1,1,1,0,73,70,M,0.8
1,1411,libero_object_task3,libero_object,3,d77c749dd21e409e,81411,11,0.01,7001411,False,1,1,1,0,125,132,M,0.8
1,1413,libero_object_task4,libero_object,4,471c036d6d335dda,81413,13,0.01,7001413,False,1,1,1,0,136,143,M,0.8
1,1414,libero_spatial_task1,libero_spatial,1,bf912b06e7b8648e,81414,14,0.01,7001414,False,1,1,1,0,110,106,M,0.8
1,1420,libero_goal_task4,libero_goal,4,bc40c6e7840f5db3,81420,20,0.01,7001420,False,1,1,1,0,79,86,M,0.8
1,1421,libero_object_task2,libero_object,2,379bb9131665a9f3,81421,21,0.01,7001421,False,1,1,1,0,108,116,M,0.8
1,1425,libero_goal_task1,libero_goal,1,b0315902b12caa12,81425,25,0.01,7001425,False,1,1,1,0,80,85,M,0.8
1,1427,libero_goal_task4,libero_goal,4,89b03978715215ec,81427,27,0.01,7001427,False,1,1,1,0,80,83,M,0.8
1,1431,libero_goal_task1,libero_goal,1,5b864488771ae78c,81431,31,0.01,7001431,False,1,1,1,0,83,86,M,0.8
1,1432,libero_object_task4,libero_object,4,9eab4d81e2f3f379,81432,32,0.01,7001432,False,1,1,1,0,133,135,M,0.8
1,1433,libero_goal_task7,libero_goal,7,4832714c5bc1fe78,81433,33,0.01,7001433,False,1,1,1,0,69,71,M,0.8
1,1435,libero_goal_task4,libero_goal,4,6ec690ef706ba2cf,81435,35,0.01,7001435,False,1,1,1,0,79,87,M,0.8
1,1452,libero_goal_task7,libero_goal,7,d30c96da6bb64744,81452,12,0.01,7001452,False,1,1,1,0,69,69,M,0.8
1,1453,libero_goal_task2,libero_goal,2,ec7f2bf7bf299a34,81453,13,0.01,7001453,False,1,1,1,0,93,92,M,0.8
1,1455,libero_object_task2,libero_object,2,0c3da3d6515c5cf1,81455,15,0.01,7001455,False,1,1,0,1,108,280,M,0.8
1,1459,libero_object_task4,libero_object,4,c296221486b72d51,81459,19,0.01,7001459,False,1,1,1,0,141,136,M,0.8
1,1460,libero_object_task4,libero_object,4,6a72c8f28e632f31,81460,20,0.01,7001460,False,1,1,1,0,129,134,M,0.8
1,1461,libero_object_task3,libero_object,3,7b09aeea969e8981,81461,21,0.01,7001461,False,1,1,1,0,111,121,M,0.8
1,1462,libero_10_task5,libero_10,5,f1eb144526a370ae,81462,22,0.01,7001462,False,1,1,1,0,147,172,M,0.8
1,1465,libero_object_task4,libero_object,4,bb268f855cfa5c65,81465,25,0.01,7001465,False,1,1,1,0,125,136,M,0.8
1,1479,libero_10_task5,libero_10,5,f75f4dba1b452557,81479,39,0.01,7001479,False,1,1,1,0,153,154,M,0.8
1,1482,libero_goal_task7,libero_goal,7,ddb85c70b4a152ba,81482,2,0.01,7001482,False,1,1,1,0,75,72,M,0.8
1,1484,libero_goal_task1,libero_goal,1,5e6cdc7bede4431d,81484,4,0.01,7001484,False,1,1,1,0,77,83,M,0.8
1,1486,libero_object_task1,libero_object,1,3deb39b5951edd2a,81486,6,0.01,7001486,False,0,0,1,-1,280,156,M,0.832
1,1487,libero_object_task2,libero_object,2,b6b753f0ac00dc05,81487,7,0.01,7001487,False,1,1,1,0,110,113,M,0.8
1,1489,libero_goal_task9,libero_goal,9,f6abe9dc96e86eba,81489,9,0.01,7001489,False,1,1,1,0,126,137,M,0.8
1,1490,libero_object_task2,libero_object,2,acb99a39938480fd,81490,10,0.01,7001490,False,1,1,1,0,113,116,M,0.8
1,1491,libero_object_task2,libero_object,2,60dbd64854aaa6fa,81491,11,0.01,7001491,False,1,1,1,0,142,120,M,0.8
1,1493,libero_object_task4,libero_object,4,e55a7d83e08282ae,81493,13,0.01,7001493,False,1,1,1,0,129,144,M,0.8
1,1495,libero_object_task1,libero_object,1,66051a4b47e05a1b,81495,15,0.01,7001495,False,1,1,1,0,114,117,M,0.828
1,1496,libero_goal_task2,libero_goal,2,3b6b646b213b4885,81496,16,0.01,7001496,False,1,1,1,0,91,92,M,0.8
1,1497,libero_goal_task7,libero_goal,7,a12b26981360c53c,81497,17,0.01,7001497,False,1,1,1,0,69,68,M,0.8
1,1500,libero_goal_task4,libero_goal,4,055000adaf02b74e,81500,20,0.01,7001500,False,1,1,1,0,85,85,M,0.8
1,1501,libero_spatial_task1,libero_spatial,1,4bf5131b72756273,81501,21,0.01,7001501,False,1,1,1,0,102,110,M,0.8
1,1503,libero_object_task4,libero_object,4,7b0a70c11f08de12,81503,23,0.01,7001503,False,1,1,1,0,137,141,M,0.8
1,1504,libero_goal_task9,libero_goal,9,418bea946b1e9720,81504,24,0.01,7001504,False,1,1,1,0,201,165,M,0.8
1,1506,libero_object_task1,libero_object,1,4740b5f40a0c8aa5,81506,26,0.01,7001506,False,1,1,1,0,130,129,M,0.824
1,1508,libero_object_task2,libero_object,2,03b164e18d65554b,81508,28,0.01,7001508,False,1,1,1,0,120,122,M,0.8
1,1510,libero_goal_task4,libero_goal,4,4611fd88901aa261,81510,30,0.01,7001510,False,1,1,1,0,84,85,M,0.8
1,1514,libero_object_task2,libero_object,2,080a0451a1476322,81514,34,0.01,7001514,False,1,1,1,0,114,112,M,0.8
1,1516,libero_goal_task7,libero_goal,7,cec4d9e9a1d30d39,81516,36,0.01,7001516,False,1,1,1,0,70,70,M,0.8
1,1517,libero_goal_task7,libero_goal,7,174979dcfc04b4b4,81517,37,0.01,7001517,False,1,1,1,0,71,75,M,0.8
1,1523,libero_object_task1,libero_object,1,2715ded59c4eb386,81523,3,0.01,7001523,False,1,1,1,0,185,160,M,0.82
1,1524,libero_10_task5,libero_10,5,455c8102b8f82e5b,81524,4,0.01,7001524,False,1,1,1,0,150,152,M,0.8
1,1527,libero_object_task1,libero_object,1,e80af270f219fdc6,81527,7,0.01,7001527,False,1,1,1,0,122,127,M,0.816
1,1533,libero_object_task2,libero_object,2,7718404ca57a148b,81533,13,0.01,7001533,False,1,1,1,0,116,120,M,0.8
1,1535,libero_goal_task9,libero_goal,9,358df21d5fa3ba11,81535,15,0.01,7001535,False,1,1,1,0,118,129,M,0.8
1,1540,libero_goal_task2,libero_goal,2,caea6727c8c10e82,81540,20,0.01,7001540,False,1,1,1,0,94,92,M,0.8
1,1543,libero_spatial_task1,libero_spatial,1,091c293c1db3299e,81543,23,0.01,7001543,False,1,1,1,0,119,108,M,0.8
1,1547,libero_goal_task1,libero_goal,1,580d686e5ec55cf9,81547,27,0.01,7001547,False,1,1,1,0,81,85,M,0.8
1,1551,libero_object_task2,libero_object,2,0e7c192140c5c6d8,81551,31,0.01,7001551,False,1,1,1,0,118,114,M,0.8
1,1552,libero_object_task2,libero_object,2,a5b2839273e2b573,81552,32,0.01,7001552,False,1,1,1,0,121,120,M,0.8
1,1553,libero_goal_task1,libero_goal,1,4504bcf8601ec217,81553,33,0.01,7001553,False,1,1,1,0,78,86,M,0.8
1,1560,libero_goal_task1,libero_goal,1,4134e2d7ea05180d,81560,0,0.01,7001560,False,1,1,1,0,80,86,M,0.8
1,1562,libero_object_task1,libero_object,1,72838cfbd80a8c67,81562,2,0.01,7001562,False,1,1,1,0,114,131,M,0.812
1,1563,libero_10_task5,libero_10,5,03ebafdde0d4d8b0,81563,3,0.01,7001563,False,1,1,1,0,138,176,M,0.8
1,1568,libero_10_task5,libero_10,5,5fc35c001086ce8f,81568,8,0.01,7001568,False,1,1,1,0,136,151,M,0.8
1,1572,libero_goal_task7,libero_goal,7,0e30f8f9b3f70b84,81572,12,0.01,7001572,False,1,1,1,0,69,69,M,0.8
1,1573,libero_goal_task9,libero_goal,9,12b35ddaaff62737,81573,13,0.01,7001573,False,1,1,1,0,121,128,M,0.8
1,1575,libero_10_task5,libero_10,5,5871bab3a2704b3b,81575,15,0.01,7001575,False,1,1,1,0,136,150,M,0.8
1,1576,libero_object_task1,libero_object,1,c726c7b539862f49,81576,16,0.01,7001576,False,1,1,1,0,114,126,M,0.808
1,1577,libero_object_task1,libero_object,1,eadc297d23de25bf,81577,17,0.01,7001577,False,1,1,1,0,170,130,M,0.804
1,1578,libero_object_task2,libero_object,2,c078b92eb175ed72,81578,18,0.01,7001578,False,1,1,1,0,113,121,M,0.8
1,1579,libero_goal_task4,libero_goal,4,47fcc0848cbae329,81579,19,0.01,7001579,False,1,1,1,0,80,82,M,0.8
1,1581,libero_goal_task4,libero_goal,4,4b21b222f84bf2a7,81581,21,0.01,7001581,False,1,1,1,0,85,82,M,0.8
1,1588,libero_goal_task4,libero_goal,4,b186346f604826af,81588,28,0.01,7001588,False,1,1,1,0,84,84,M,0.8
1,1589,libero_spatial_task1,libero_spatial,1,9429af5d301c1f64,81589,29,0.01,7001589,False,1,1,1,0,108,109,M,0.8
1,1590,libero_goal_task9,libero_goal,9,967c37f48d6ef2c9,81590,30,0.01,7001590,False,1,1,1,0,138,112,M,0.8
1,1591,libero_goal_task7,libero_goal,7,506b51491f74682c,81591,31,0.01,7001591,False,1,1,1,0,71,73,M,0.8
1,1593,libero_goal_task1,libero_goal,1,a3992b0c9a9cabb2,81593,33,0.01,7001593,False,1,1,1,0,84,91,M,0.8
1,1594,libero_goal_task7,libero_goal,7,64c66d8a84f57974,81594,34,0.01,7001594,False,1,1,1,0,70,81,M,0.8
1,1595,libero_object_task3,libero_object,3,d1e78bd15b2be741,81595,35,0.01,7001595,False,1,1,1,0,120,127,M,0.8
1,1597,libero_object_task3,libero_object,3,de428aff9811187f,81597,37,0.01,7001597,False,1,1,1,0,118,158,M,0.8
1,1602,libero_object_task4,libero_object,4,9d4bf998e0f5c2c5,81602,2,0.01,7001602,False,1,1,1,0,135,132,M,0.8
1,1603,libero_spatial_task1,libero_spatial,1,423d72e396388d98,81603,3,0.01,7001603,False,1,1,1,0,128,104,M,0.8
1,1606,libero_goal_task4,libero_goal,4,952bbe9e994edc11,81606,6,0.01,7001606,False,1,1,1,0,89,91,M,0.8
1,1607,libero_goal_task7,libero_goal,7,d3b53b81d19dd8f1,81607,7,0.01,7001607,False,1,1,1,0,75,69,M,0.8
1,1608,libero_object_task3,libero_object,3,b4069134e564c6d2,81608,8,0.01,7001608,False,1,1,1,0,127,127,M,0.8
1,1610,libero_spatial_task1,libero_spatial,1,8791aaa3428b9a7e,81610,10,0.01,7001610,False,1,1,1,0,107,106,M,0.8
1,1612,libero_object_task3,libero_object,3,d5d8e1afe20c7a67,81612,12,0.01,7001612,False,1,1,1,0,121,175,M,0.8
1,1614,libero_10_task5,libero_10,5,ca31c4fe14e9a715,81614,14,0.01,7001614,False,1,1,1,0,162,191,M,0.8
1,1616,libero_object_task2,libero_object,2,7ab219d33d57012f,81616,16,0.01,7001616,False,1,1,1,0,110,121,M,0.8
1,1617,libero_spatial_task1,libero_spatial,1,632e1027d307c7ad,81617,17,0.01,7001617,False,1,1,1,0,137,100,M,0.8
1,1618,libero_10_task5,libero_10,5,bacc08c3b34d6ddb,81618,18,0.01,7001618,False,1,1,1,0,144,191,M,0.8
1,1619,libero_object_task2,libero_object,2,32687c98cedd9714,81619,19,0.01,7001619,False,1,1,1,0,115,115,M,0.8
1,1620,libero_object_task3,libero_object,3,8678a6f9f4b5b282,81620,20,0.01,7001620,False,1,1,1,0,136,128,M,0.8
1,1622,libero_goal_task4,libero_goal,4,db86d4ccccc7a3b9,81622,22,0.01,7001622,False,1,1,1,0,79,85,M,0.8
1,1623,libero_object_task4,libero_object,4,bc456d36f5712749,81623,23,0.01,7001623,False,1,1,1,0,131,136,M,0.8
1,1626,libero_goal_task7,libero_goal,7,609ea981ddbf000a,81626,26,0.01,7001626,False,1,1,1,0,69,76,M,0.8
1,1627,libero_object_task2,libero_object,2,7ae901e7ca99a510,81627,27,0.01,7001627,False,1,1,1,0,119,122,M,0.8
1,1630,libero_10_task5,libero_10,5,ed8ba8da53fcd0b3,81630,30,0.01,7001630,False,1,1,1,0,162,163,M,0.8
1,1633,libero_goal_task4,libero_goal,4,fa2353bc52c99552,81633,33,0.01,7001633,False,1,1,1,0,82,86,M,0.8
1,1634,libero_goal_task2,libero_goal,2,427af44ab06ebcc1,81634,34,0.01,7001634,False,1,1,1,0,95,95,M,0.8
1,1636,libero_spatial_task2,libero_spatial,2,0451a5ac0a7ee798,91636,36,0.01,8001636,True,1,1,1,0,99,98,M,0.8
1,1638,libero_object_task2,libero_object,2,1c87f53eb4b4a85a,81638,38,0.01,7001638,False,1,1,1,0,116,128,M,0.8
1,1639,libero_object_task3,libero_object,3,6b23c13e35e65f18,81639,39,0.01,7001639,False,1,1,1,0,117,114,M,0.8
1,1641,libero_goal_task4,libero_goal,4,14ebde62a650907f,81641,1,0.01,7001641,False,1,1,1,0,81,86,M,0.8
1,1642,libero_object_task3,libero_object,3,81a605b585a47358,81642,2,0.01,7001642,False,1,1,1,0,126,119,M,0.8
1,1643,libero_object_task1,libero_object,1,17121ba48acbce84,81643,3,0.01,7001643,False,1,1,1,0,162,166,M,0.8
1,1646,libero_goal_task4,libero_goal,4,e14f4a8516074726,81646,6,0.01,7001646,False,1,1,1,0,87,76,M,0.8
1,1648,libero_object_task4,libero_object,4,58c16a0ece7ae826,81648,8,0.01,7001648,False,1,1,1,0,135,134,M,0.8
1,1651,libero_object_task2,libero_object,2,299ea4254295f091,81651,11,0.01,7001651,False,1,1,1,0,112,113,M,0.8
1,1652,libero_goal_task2,libero_goal,2,ffe99104c0a89460,81652,12,0.01,7001652,False,1,1,1,0,95,89,M,0.8
1,1654,libero_object_task4,libero_object,4,bc8a0c63cd4401d2,81654,14,0.01,7001654,False,1,1,1,0,131,144,M,0.8
1,1659,libero_spatial_task1,libero_spatial,1,b14e808029a714f6,81659,19,0.01,7001659,False,1,1,1,0,105,105,M,0.8
1,1660,libero_goal_task7,libero_goal,7,c574b78432cd152f,81660,20,0.01,7001660,False,1,1,1,0,68,75,M,0.8
1,1663,libero_goal_task1,libero_goal,1,a136f89de86dd8b0,81663,23,0.01,7001663,False,1,1,1,0,85,91,M,0.8
1,1665,libero_goal_task1,libero_goal,1,a9d9b5cc4428c240,81665,25,0.01,7001665,False,1,1,1,0,81,84,M,0.8
1,1667,libero_goal_task2,libero_goal,2,decbaeb6a2263eec,81667,27,0.01,7001667,False,1,1,1,0,84,83,M,0.8
1,1669,libero_goal_task7,libero_goal,7,a2871daed82c144d,81669,29,0.01,7001669,False,1,1,1,0,68,78,M,0.8
1,1672,libero_goal_task9,libero_goal,9,6853157e9105c190,81672,32,0.01,7001672,False,1,1,1,0,128,127,M,0.8
1,1673,libero_goal_task9,libero_goal,9,a7a2a60b67afa4a2,81673,33,0.01,7001673,False,1,1,1,0,127,120,M,0.8
1,1676,libero_goal_task4,libero_goal,4,2d30527317ced06d,81676,36,0.01,7001676,False,1,1,1,0,81,89,M,0.8
1,1678,libero_10_task5,libero_10,5,0f0d3e9f71720aed,81678,38,0.01,7001678,False,1,1,1,0,161,183,M,0.8
1,1681,libero_goal_task9,libero_goal,9,f559a178e447a579,81681,1,0.01,7001681,False,1,1,1,0,134,140,M,0.8
1,1684,libero_object_task2,libero_object,2,6652133700c8a0b0,81684,4,0.01,7001684,False,1,1,1,0,110,105,M,0.8
1,1687,libero_goal_task9,libero_goal,9,771ddb399d6b4cc9,81687,7,0.01,7001687,False,1,1,1,0,117,120,M,0.8
1,1688,libero_goal_task9,libero_goal,9,b49c5e2c0eae4bd5,81688,8,0.01,7001688,False,1,1,1,0,136,155,M,0.8
1,1691,libero_10_task5,libero_10,5,bc3c96abad6c188a,81691,11,0.01,7001691,False,1,1,1,0,155,160,M,0.8
1,1694,libero_object_task2,libero_object,2,3f2bcfa42aad29e3,81694,14,0.01,7001694,False,1,1,1,0,119,119,M,0.8
1,1696,libero_spatial_task1,libero_spatial,1,45ba5ead479e1888,81696,16,0.01,7001696,False,1,1,1,0,129,103,M,0.8
1,1704,libero_goal_task9,libero_goal,9,c3b3721e9e43f22a,81704,24,0.01,7001704,False,0,0,1,-1,300,153,M,0.816
1,1705,libero_10_task5,libero_10,5,8cfcb7a461277ea0,81705,25,0.01,7001705,False,1,1,1,0,151,165,M,0.8
1,1706,libero_spatial_task1,libero_spatial,1,53ec17b52cc679ef,81706,26,0.01,7001706,False,1,1,1,0,108,104,M,0.8
1,1708,libero_goal_task2,libero_goal,2,1f8a5e37d3d7bf3d,81708,28,0.01,7001708,False,1,1,1,0,105,100,M,0.8
1,1711,libero_object_task3,libero_object,3,b185cd89b92f3a66,81711,31,0.01,7001711,False,0,0,1,-1,280,127,M,0.816
1,1716,libero_spatial_task3,libero_spatial,3,9cefa2954c01bd67,91716,36,0.01,8001716,True,0,0,1,-1,220,84,M,0.816
1,1717,libero_spatial_task3,libero_spatial,3,c0c46b97332ff54f,91717,37,0.01,8001717,True,1,1,1,0,80,81,M,0.812
1,1718,libero_goal_task7,libero_goal,7,32f6682ae644aa55,81718,38,0.01,7001718,False,1,1,1,0,69,63,M,0.8
1,1719,libero_goal_task7,libero_goal,7,335d20320110dcfa,81719,39,0.01,7001719,False,1,1,1,0,63,72,M,0.8
1,1721,libero_goal_task4,libero_goal,4,6ce42034543f3e67,81721,1,0.01,7001721,False,1,1,1,0,80,82,M,0.8
1,1722,libero_goal_task9,libero_goal,9,c427942bb4c9f61e,81722,2,0.01,7001722,False,1,1,1,0,140,148,M,0.812
1,1723,libero_spatial_task1,libero_spatial,1,01219c16313f7d19,81723,3,0.01,7001723,False,1,1,1,0,109,110,M,0.8
1,1726,libero_10_task5,libero_10,5,ed41cb210376b813,81726,6,0.01,7001726,False,1,1,1,0,156,177,M,0.8
1,1729,libero_object_task1,libero_object,1,055a531acb5b913e,81729,9,0.01,7001729,False,1,1,1,0,121,129,M,0.8
1,1731,libero_goal_task2,libero_goal,2,18f4e8e08b9a1ef5,81731,11,0.01,7001731,False,1,1,1,0,82,91,M,0.8
1,1733,libero_spatial_task2,libero_spatial,2,d003fe56716574ff,91733,13,0.01,8001733,True,1,1,1,0,93,94,M,0.8
1,1734,libero_goal_task4,libero_goal,4,ea2d36c4566e39ca,81734,14,0.01,7001734,False,1,1,1,0,82,89,M,0.8
1,1735,libero_goal_task4,libero_goal,4,c7d84afdb6dc3111,81735,15,0.01,7001735,False,1,1,1,0,82,84,M,0.8
1,1736,libero_object_task4,libero_object,4,58c2745f13fff33e,81736,16,0.01,7001736,False,1,1,1,0,129,139,M,0.8
1,1737,libero_object_task4,libero_object,4,e0d02f05a518d2ec,81737,17,0.01,7001737,False,1,1,1,0,135,151,M,0.8
1,1738,libero_goal_task1,libero_goal,1,f2f1e2608ee75b17,81738,18,0.01,7001738,False,1,1,1,0,77,94,M,0.8
1,1743,libero_goal_task9,libero_goal,9,dfa96bbb407d2286,81743,23,0.01,7001743,False,1,1,1,0,168,153,M,0.808
1,1745,libero_goal_task9,libero_goal,9,b570a8a3163bba74,81745,25,0.01,7001745,False,1,1,1,0,128,140,M,0.804
1,1746,libero_object_task3,libero_object,3,0898eda385af52d0,81746,26,0.01,7001746,False,1,1,1,0,118,115,M,0.812
1,1753,libero_spatial_task3,libero_spatial,3,27dd55ad16db02a3,91753,33,0.01,8001753,True,1,1,1,0,80,84,M,0.808
1,1754,libero_object_task3,libero_object,3,c0b0f606d7f7605b,81754,34,0.01,7001754,False,1,1,1,0,142,165,M,0.808
1,1755,libero_10_task5,libero_10,5,6b050042ecb112b9,81755,35,0.01,7001755,False,1,1,1,0,159,165,M,0.8
1,1761,libero_10_task5,libero_10,5,18b55222058aa01a,81761,1,0.01,7001761,False,1,1,1,0,161,170,M,0.8
1,1762,libero_object_task1,libero_object,1,63c3d1c04972e717,81762,2,0.01,7001762,False,1,1,1,0,121,120,M,0.8
1,1764,libero_object_task4,libero_object,4,555dfa3055fbe971,81764,4,0.01,7001764,False,1,1,1,0,134,138,M,0.8
1,1766,libero_goal_task1,libero_goal,1,11dd321c6e54ab1f,81766,6,0.01,7001766,False,1,1,1,0,79,91,M,0.8
1,1767,libero_object_task4,libero_object,4,ba492c2212600fa8,81767,7,0.01,7001767,False,1,1,1,0,143,142,M,0.8
1,1769,libero_goal_task9,libero_goal,9,5030cf100e9a745e,81769,9,0.01,7001769,False,1,1,1,0,116,132,M,0.8
1,1773,libero_object_task2,libero_object,2,fac203320cb2ec1e,81773,13,0.01,7001773,False,1,1,1,0,118,114,M,0.8
1,1776,libero_goal_task9,libero_goal,9,007aec93410edc09,81776,16,0.01,7001776,False,1,1,1,0,131,134,M,0.8
1,1777,libero_goal_task4,libero_goal,4,6182babe5a3867a3,81777,17,0.01,7001777,False,1,1,1,0,85,88,M,0.8
1,1780,libero_object_task3,libero_object,3,957dde1e75c5f698,81780,20,0.01,7001780,False,1,1,1,0,140,120,M,0.804
1,1782,libero_goal_task1,libero_goal,1,ef8e6f4c002ef72f,81782,22,0.01,7001782,False,1,1,1,0,77,82,M,0.8
1,1783,libero_spatial_task3,libero_spatial,3,4c25c8b6550f1d32,91783,23,0.01,8001783,True,1,1,1,0,83,83,M,0.804
1,1788,libero_goal_task4,libero_goal,4,62b4e63d8fa73920,81788,28,0.01,7001788,False,1,1,1,0,83,85,M,0.8
1,1796,libero_spatial_task1,libero_spatial,1,5f745441129c34a3,81796,36,0.01,7001796,False,1,1,1,0,117,117,M,0.8
1,1797,libero_goal_task4,libero_goal,4,50d25bc1bfd1cb56,81797,37,0.01,7001797,False,1,1,0,1,78,300,M,0.8
1,1799,libero_goal_task7,libero_goal,7,ff4a48a6af2b3382,81799,39,0.01,7001799,False,1,1,1,0,66,71,M,0.8
1,1807,libero_object_task2,libero_object,2,761b1512121da1da,81807,7,0.01,7001807,False,1,1,1,0,110,111,M,0.8
1,1809,libero_10_task5,libero_10,5,9a9e3c89c5ca82fe,81809,9,0.01,7001809,False,1,1,1,0,151,167,M,0.8
1,1810,libero_goal_task1,libero_goal,1,2fa8ce81369663aa,81810,10,0.01,7001810,False,1,1,1,0,82,86,M,0.8
1,1813,libero_object_task2,libero_object,2,9618cb37e6584f67,81813,13,0.01,7001813,False,1,1,1,0,116,124,M,0.8
1,1814,libero_goal_task7,libero_goal,7,819d0d64faba8381,81814,14,0.01,7001814,False,1,1,1,0,69,70,M,0.8
1,1815,libero_object_task3,libero_object,3,e585225100adab90,81815,15,0.01,7001815,False,1,1,1,0,117,127,M,0.8
1,1816,libero_goal_task4,libero_goal,4,3abdf79da5c21608,81816,16,0.01,7001816,False,1,1,1,0,76,84,M,0.8
1,1820,libero_goal_task2,libero_goal,2,cad634f5e23b746a,81820,20,0.01,7001820,False,1,1,1,0,93,84,M,0.8
1,1821,libero_goal_task7,libero_goal,7,a2d2160c6ea82b60,81821,21,0.01,7001821,False,1,1,1,0,67,79,M,0.8
1,1822,libero_goal_task9,libero_goal,9,2ff3d569838191e1,81822,22,0.01,7001822,False,1,1,1,0,144,145,M,0.8
1,1828,libero_goal_task4,libero_goal,4,52d807334271e478,81828,28,0.01,7001828,False,1,1,1,0,85,87,M,0.8
1,1833,libero_object_task3,libero_object,3,e31a88c8f2a52934,81833,33,0.01,7001833,False,1,1,1,0,115,127,M,0.8
1,1835,libero_spatial_task2,libero_spatial,2,8a79dca846ba66af,91835,35,0.01,8001835,True,1,1,1,0,90,87,M,0.8
1,1841,libero_goal_task2,libero_goal,2,c90667fb06810e20,81841,1,0.01,7001841,False,1,1,1,0,90,93,M,0.8
1,1842,libero_goal_task4,libero_goal,4,d45e81a62e56f608,81842,2,0.01,7001842,False,1,1,1,0,81,85,M,0.8
1,1847,libero_spatial_task2,libero_spatial,2,aab803899c56000a,91847,7,0.01,8001847,True,1,1,1,0,95,97,M,0.8
1,1849,libero_object_task4,libero_object,4,a7a0c8b79f806ce8,81849,9,0.01,7001849,False,1,1,1,0,136,142,M,0.8
1,1851,libero_goal_task7,libero_goal,7,675d2eab9bc3521c,81851,11,0.01,7001851,False,1,1,1,0,69,78,M,0.8
1,1853,libero_object_task2,libero_object,2,2cbd103be879302c,81853,13,0.01,7001853,False,1,1,1,0,121,115,M,0.8
1,1854,libero_10_task5,libero_10,5,f28265115c0f5da2,81854,14,0.01,7001854,False,1,1,1,0,174,185,M,0.8
1,1855,libero_object_task2,libero_object,2,ba55f727dfc60e52,81855,15,0.01,7001855,False,1,1,0,1,110,280,M,0.8
1,1856,libero_spatial_task1,libero_spatial,1,ae0d35927c391670,81856,16,0.01,7001856,False,1,1,1,0,105,105,M,0.8
1,1861,libero_spatial_task3,libero_spatial,3,24e89abfecd9982d,91861,21,0.01,8001861,True,1,1,1,0,78,80,M,0.8
1,1862,libero_object_task3,libero_object,3,6c7a0ca0a54c4572,81862,22,0.01,7001862,False,1,1,1,0,116,125,M,0.8
1,1863,libero_object_task1,libero_object,1,f75d32eb7c14cb87,81863,23,0.01,7001863,False,1,1,1,0,113,120,M,0.8
1,1865,libero_10_task5,libero_10,5,4902927a0cdba1f6,81865,25,0.01,7001865,False,1,1,1,0,147,158,M,0.8
1,1866,libero_spatial_task2,libero_spatial,2,f58ce944b82afc96,91866,26,0.01,8001866,True,1,1,1,0,98,90,M,0.8
1,1867,libero_10_task5,libero_10,5,19a9c2314d1550d2,81867,27,0.01,7001867,False,0,0,1,-1,520,200,M,0.816
1,1870,libero_10_task5,libero_10,5,c11042b0c16fc288,81870,30,0.01,7001870,False,1,1,1,0,157,161,M,0.812
1,1874,libero_10_task5,libero_10,5,79c3ea62a2a16c1f,81874,34,0.01,7001874,False,1,1,1,0,153,153,M,0.808
1,1875,libero_goal_task9,libero_goal,9,44dcbd23ee349225,81875,35,0.01,7001875,False,1,1,1,0,131,140,M,0.8
1,1876,libero_object_task4,libero_object,4,3357bb96140135de,81876,36,0.01,7001876,False,1,1,1,0,131,134,M,0.8
1,1877,libero_goal_task1,libero_goal,1,445711133d1bd502,81877,37,0.01,7001877,False,1,1,1,0,84,85,M,0.8
1,1879,libero_object_task1,libero_object,1,c3b343521910c170,81879,39,0.01,7001879,False,0,0,1,-1,280,121,M,0.816
1,1880,libero_goal_task2,libero_goal,2,8f2cc6c8dee0e4d3,81880,0,0.01,7001880,False,1,1,1,0,81,80,M,0.8
1,1882,libero_10_task5,libero_10,5,3dcccdffb81803c9,81882,2,0.01,7001882,False,1,1,1,0,165,149,M,0.804
1,1883,libero_spatial_task1,libero_spatial,1,5b16ffe2dc11a56b,81883,3,0.01,7001883,False,1,1,1,0,117,101,M,0.8
1,1884,libero_object_task4,libero_object,4,f49ae991be1fa758,81884,4,0.01,7001884,False,1,1,0,1,137,280,M,0.8
1,1889,libero_spatial_task3,libero_spatial,3,45058eedd0ee508d,91889,9,0.01,8001889,True,1,1,1,0,83,84,M,0.8
1,1891,libero_goal_task7,libero_goal,7,10e1301aa93bb783,81891,11,0.01,7001891,False,1,1,1,0,69,86,M,0.8
1,1893,libero_10_task5,libero_10,5,fc8d81f9aa7f171e,81893,13,0.01,7001893,False,1,1,1,0,148,173,M,0.8
1,1894,libero_goal_task1,libero_goal,1,f3b07671bd70dc73,81894,14,0.01,7001894,False,1,1,1,0,79,81,M,0.8
1,1896,libero_goal_task9,libero_goal,9,7d91d117fbc4fc81,81896,16,0.01,7001896,False,1,1,1,0,129,231,M,0.8
1,1897,libero_object_task1,libero_object,1,716b04d90e977919,81897,17,0.01,7001897,False,0,0,1,-1,280,129,M,0.832
1,1900,libero_spatial_task1,libero_spatial,1,2111245966fbf582,81900,20,0.01,7001900,False,1,1,1,0,106,102,M,0.8
1,1902,libero_object_task1,libero_object,1,3d7143d0162cf8a4,81902,22,0.01,7001902,False,0,0,1,-1,280,121,M,0.848
1,1904,libero_object_task4,libero_object,4,1071cca5e033371a,81904,24,0.01,7001904,False,1,1,1,0,136,137,M,0.8
1,1906,libero_object_task4,libero_object,4,3958789bd4a0161d,81906,26,0.01,7001906,False,1,1,1,0,134,143,M,0.8
1,1908,libero_goal_task2,libero_goal,2,062767bd8bf2afd9,81908,28,0.01,7001908,False,1,1,1,0,102,103,M,0.8
1,1910,libero_10_task5,libero_10,5,fde7cefceb0b9f20,81910,30,0.01,7001910,False,1,1,1,0,155,165,M,0.8
1,1912,libero_spatial_task1,libero_spatial,1,28594bcc0bbed91e,81912,32,0.01,7001912,False,1,1,1,0,106,111,M,0.8
1,1913,libero_goal_task4,libero_goal,4,02b1c12d07fbcdd2,81913,33,0.01,7001913,False,1,1,1,0,82,83,M,0.8
1,1917,libero_object_task3,libero_object,3,63ade9a59084f47d,81917,37,0.01,7001917,False,1,1,1,0,117,160,M,0.8
1,1920,libero_goal_task4,libero_goal,4,ee5af2464ff29209,81920,0,0.01,7001920,False,1,1,1,0,82,84,M,0.8
1,1923,libero_object_task3,libero_object,3,caded3bd47e416c1,81923,3,0.01,7001923,False,1,1,1,0,122,145,M,0.8
1,1931,libero_goal_task1,libero_goal,1,0908017faca3c744,81931,11,0.01,7001931,False,1,1,1,0,85,87,M,0.8
1,1933,libero_goal_task2,libero_goal,2,fc2d3214f34c0030,81933,13,0.01,7001933,False,1,1,1,0,91,96,M,0.8
1,1934,libero_goal_task9,libero_goal,9,7a04b90e07f28142,81934,14,0.01,7001934,False,1,1,1,0,145,144,M,0.8
1,1936,libero_goal_task9,libero_goal,9,441f24ce1019fd5e,81936,16,0.01,7001936,False,1,1,1,0,124,133,M,0.8
1,1940,libero_goal_task4,libero_goal,4,db53f4f174b0ebfa,81940,20,0.01,7001940,False,1,1,1,0,81,87,M,0.8
1,1942,libero_goal_task9,libero_goal,9,6000189cc59c4411,81942,22,0.01,7001942,False,1,1,1,0,114,139,M,0.8
1,1943,libero_spatial_task3,libero_spatial,3,4b157a289c8ac092,91943,23,0.01,8001943,True,1,1,1,0,82,84,M,0.8
1,1944,libero_object_task4,libero_object,4,cda7db9a6a408a17,81944,24,0.01,7001944,False,1,1,1,0,130,149,M,0.8
1,1948,libero_object_task4,libero_object,4,01e3991fb62949c3,81948,28,0.01,7001948,False,1,1,1,0,133,143,M,0.8
1,1949,libero_object_task3,libero_object,3,b41bb51012b07d2b,81949,29,0.01,7001949,False,1,1,1,0,124,124,M,0.8
1,1952,libero_object_task2,libero_object,2,c2028e9dc6b13fe3,81952,32,0.01,7001952,False,1,1,1,0,119,116,M,0.8
1,1954,libero_goal_task1,libero_goal,1,fe9e1417548f011a,81954,34,0.01,7001954,False,1,1,1,0,82,87,M,0.8
1,1957,libero_object_task3,libero_object,3,5ec78e84061772ed,81957,37,0.01,7001957,False,1,1,1,0,119,156,M,0.8
1,1960,libero_goal_task1,libero_goal,1,67106fd730977464,81960,0,0.01,7001960,False,1,1,1,0,80,82,M,0.8
1,1961,libero_spatial_task3,libero_spatial,3,ed6d8f85031551a4,91961,1,0.01,8001961,True,0,0,1,-1,220,110,M,0.816
1,1963,libero_goal_task1,libero_goal,1,a2150c04684fef3d,81963,3,0.01,7001963,False,1,1,1,0,81,82,M,0.8
1,1966,libero_goal_task2,libero_goal,2,e51d455940a92504,81966,6,0.01,7001966,False,1,1,1,0,86,92,M,0.8
1,1968,libero_spatial_task1,libero_spatial,1,f5d1294f25da3fd8,81968,8,0.01,7001968,False,1,1,1,0,213,105,M,0.8
1,1971,libero_goal_task2,libero_goal,2,7f844170a189f1b6,81971,11,0.01,7001971,False,1,1,1,0,83,82,M,0.8
1,1975,libero_goal_task2,libero_goal,2,8c33e82d983d60b7,81975,15,0.01,7001975,False,1,1,1,0,95,94,M,0.8
1,1976,libero_goal_task4,libero_goal,4,680947adabb3832d,81976,16,0.01,7001976,False,0,0,1,-1,300,87,M,0.816
1,1977,libero_object_task3,libero_object,3,a9711be021912381,81977,17,0.01,7001977,False,1,1,1,0,171,142,M,0.8
1,1981,libero_object_task4,libero_object,4,d1d1d77394505da9,81981,21,0.01,7001981,False,1,1,1,0,132,144,M,0.8
1,1982,libero_goal_task1,libero_goal,1,3300ae293c116fdf,81982,22,0.01,7001982,False,1,1,1,0,77,82,M,0.8
1,1985,libero_spatial_task3,libero_spatial,3,641f21f2f9a638cd,91985,25,0.01,8001985,True,1,1,1,0,80,82,M,0.812
1,1989,libero_goal_task7,libero_goal,7,176ce85c4c8a530d,81989,29,0.01,7001989,False,1,1,1,0,69,69,M,0.8
1,1990,libero_goal_task2,libero_goal,2,b27172fccb6188db,81990,30,0.01,7001990,False,1,1,1,0,95,86,M,0.8
1,1991,libero_object_task2,libero_object,2,195c5dd58a7f5d94,81991,31,0.01,7001991,False,1,1,1,0,117,121,M,0.8
1,1995,libero_object_task2,libero_object,2,694748b6636c0df8,81995,35,0.01,7001995,False,1,1,1,0,111,113,M,0.8
1,1998,libero_goal_task1,libero_goal,1,a9b999f3f8ca7a4d,81998,38,0.01,7001998,False,1,1,1,0,84,89,M,0.8
1,1999,libero_goal_task7,libero_goal,7,15601b36759cd61b,81999,39,0.01,7001999,False,1,1,1,0,65,76,M,0.8
1,2002,libero_spatial_task3,libero_spatial,3,1ccdbd455f11d344,92002,2,0.01,8002002,True,1,1,1,0,74,80,M,0.808
1,2003,libero_goal_task2,libero_goal,2,9b0711e0eb07aa6a,82003,3,0.01,7002003,False,1,1,1,0,97,91,M,0.8
1,2004,libero_object_task4,libero_object,4,b6e397c5769f1f80,82004,4,0.01,7002004,False,1,1,1,0,137,134,M,0.8
1,2011,libero_object_task3,libero_object,3,490340001b220d02,82011,11,0.01,7002011,False,1,1,1,0,128,127,M,0.8
1,2014,libero_goal_task7,libero_goal,7,c918c2c4403e6974,82014,14,0.01,7002014,False,1,1,1,0,71,73,M,0.8
1,2017,libero_goal_task7,libero_goal,7,125501d0dd17786d,82017,17,0.01,7002017,False,1,1,1,0,65,82,M,0.8
1,2018,libero_goal_task9,libero_goal,9,544e9483dbe26702,82018,18,0.01,7002018,False,1,1,1,0,131,151,M,0.8
1,2021,libero_goal_task4,libero_goal,4,9d5be74530ef2c7e,82021,21,0.01,7002021,False,1,1,1,0,84,82,M,0.812
1,2025,libero_10_task5,libero_10,5,166eb857209932be,82025,25,0.01,7002025,False,1,1,1,0,150,168,M,0.8
1,2028,libero_object_task3,libero_object,3,5024b6392a2af3ba,82028,28,0.01,7002028,False,1,1,0,1,121,280,M,0.8
1,2029,libero_goal_task1,libero_goal,1,7d454fe6a5c411d8,82029,29,0.01,7002029,False,1,1,1,0,76,97,M,0.8
1,2032,libero_object_task3,libero_object,3,e748d8b7e9d45fbd,82032,32,0.01,7002032,False,1,1,1,0,119,184,M,0.8
1,2033,libero_object_task2,libero_object,2,970fa356abff5bc5,82033,33,0.01,7002033,False,1,1,1,0,118,118,M,0.8
1,2034,libero_10_task5,libero_10,5,7da0e08a2a8cfd5f,82034,34,0.01,7002034,False,1,1,1,0,160,193,M,0.8
1,2037,libero_goal_task1,libero_goal,1,c8394c70d6f9304e,82037,37,0.01,7002037,False,1,1,1,0,81,84,M,0.8
1,2039,libero_goal_task4,libero_goal,4,99c4cac370b22d8f,82039,39,0.01,7002039,False,1,1,1,0,84,89,M,0.808
1,2043,libero_spatial_task1,libero_spatial,1,652148a6ee19a6e6,82043,3,0.01,7002043,False,1,1,1,0,129,104,M,0.8
1,2044,libero_object_task4,libero_object,4,014d8eca89f69d01,82044,4,0.01,7002044,False,1,1,1,0,137,133,M,0.8
1,2045,libero_goal_task9,libero_goal,9,5739e330a61ab39a,82045,5,0.01,7002045,False,1,1,1,0,123,133,M,0.8
1,2046,libero_spatial_task1,libero_spatial,1,d93f76e53a5dffde,82046,6,0.01,7002046,False,1,1,1,0,144,102,M,0.8
1,2054,libero_goal_task7,libero_goal,7,d387b18934c4435c,82054,14,0.01,7002054,False,1,1,1,0,69,73,M,0.8
1,2057,libero_object_task3,libero_object,3,42858fea82f775f5,82057,17,0.01,7002057,False,1,1,1,0,124,126,M,0.8
1,2058,libero_goal_task1,libero_goal,1,3bb3ea6a5caa455c,82058,18,0.01,7002058,False,1,1,1,0,77,88,M,0.8
1,2059,libero_object_task3,libero_object,3,c808fe6e95a4d15c,82059,19,0.01,7002059,False,1,1,1,0,129,133,M,0.8
1,2063,libero_goal_task1,libero_goal,1,e67ad7f1be8bbe0f,82063,23,0.01,7002063,False,1,1,1,0,88,90,M,0.8
1,2066,libero_goal_task4,libero_goal,4,d9bb3bb00ffc4bed,82066,26,0.01,7002066,False,1,1,1,0,84,88,M,0.804
1,2068,libero_goal_task7,libero_goal,7,36e919a56e789372,82068,28,0.01,7002068,False,1,1,1,0,70,71,M,0.8
1,2073,libero_goal_task4,libero_goal,4,dbf3f272558c7c64,82073,33,0.01,7002073,False,1,1,1,0,81,86,M,0.8
1,2074,libero_goal_task1,libero_goal,1,c88034eeaa13c1ca,82074,34,0.01,7002074,False,1,1,1,0,83,83,M,0.8
1,2075,libero_spatial_task1,libero_spatial,1,f2c334b735a453a7,82075,35,0.01,7002075,False,1,1,1,0,112,101,M,0.8
1,2076,libero_spatial_task1,libero_spatial,1,b64e28f4ca8711a9,82076,36,0.01,7002076,False,1,1,1,0,110,113,M,0.8
1,2080,libero_10_task5,libero_10,5,a00d4ec3bfd328b1,82080,0,0.01,7002080,False,1,1,1,0,153,175,M,0.8
1,2082,libero_goal_task2,libero_goal,2,e760d10a023c2f9a,82082,2,0.01,7002082,False,1,1,1,0,95,89,M,0.8
1,2086,libero_object_task2,libero_object,2,2301c929ddb35b86,82086,6,0.01,7002086,False,1,1,1,0,113,122,M,0.8
1,2087,libero_goal_task2,libero_goal,2,9f29d1525a38d49a,82087,7,0.01,7002087,False,1,1,1,0,96,96,M,0.8
1,2095,libero_object_task2,libero_object,2,94c0d6fcb220af67,82095,15,0.01,7002095,False,1,1,0,1,106,280,M,0.8
1,2099,libero_goal_task9,libero_goal,9,c7e83e33b149cfd5,82099,19,0.01,7002099,False,1,1,0,1,147,300,M,0.8
1,2102,libero_object_task4,libero_object,4,36f8f88ccf46d097,82102,22,0.01,7002102,False,1,1,1,0,129,131,M,0.8
1,2105,libero_10_task5,libero_10,5,03650942b9566f38,82105,25,0.01,7002105,False,1,1,1,0,153,163,M,0.8
1,2107,libero_spatial_task2,libero_spatial,2,32805ed5a57a36f3,92107,27,0.01,8002107,True,1,1,1,0,92,90,M,0.8
1,2108,libero_goal_task9,libero_goal,9,71c68fe6f5c43a11,82108,28,0.01,7002108,False,1,1,1,0,162,140,M,0.8
1,2112,libero_object_task3,libero_object,3,b8e6736d96c3ccba,82112,32,0.01,7002112,False,1,1,1,0,129,162,M,0.8
1,2120,libero_spatial_task3,libero_spatial,3,8900566a264967ae,92120,0,0.01,8002120,True,1,1,1,0,81,80,M,0.804
1,2123,libero_goal_task7,libero_goal,7,0a802ef2a08631a1,82123,3,0.01,7002123,False,1,1,1,0,69,73,M,0.8
1,2125,libero_spatial_task1,libero_spatial,1,577115a111d32566,82125,5,0.01,7002125,False,1,1,1,0,110,102,M,0.8
1,2126,libero_spatial_task1,libero_spatial,1,0ab033a47b8fe5a0,82126,6,0.01,7002126,False,1,1,1,0,107,108,M,0.8
1,2128,libero_goal_task1,libero_goal,1,4e7cc548e4fb7f5a,82128,8,0.01,7002128,False,1,1,1,0,85,92,M,0.8
1,2132,libero_spatial_task1,libero_spatial,1,2a2b8603fe3ce7c6,82132,12,0.01,7002132,False,1,1,1,0,111,108,M,0.8
1,2135,libero_spatial_task1,libero_spatial,1,4802b6a78f65d042,82135,15,0.01,7002135,False,1,1,1,0,108,109,M,0.8
1,2137,libero_goal_task2,libero_goal,2,3a95e55710be6daa,82137,17,0.01,7002137,False,1,1,1,0,94,100,M,0.8
1,2140,libero_goal_task9,libero_goal,9,c0e92e0e58d07b64,82140,20,0.01,7002140,False,1,1,1,0,128,135,M,0.8
1,2143,libero_goal_task9,libero_goal,9,ce1a5dd9341bc621,82143,23,0.01,7002143,False,1,1,1,0,137,140,M,0.8
1,2145,libero_object_task2,libero_object,2,2cfb4fb207610676,82145,25,0.01,7002145,False,1,1,1,0,113,120,M,0.8
1,2147,libero_object_task3,libero_object,3,be307e29183cd3ee,82147,27,0.01,7002147,False,1,1,1,0,127,174,M,0.8
1,2150,libero_object_task2,libero_object,2,3e27a9dd8199e24a,82150,30,0.01,7002150,False,1,1,1,0,110,154,M,0.8
1,2156,libero_goal_task1,libero_goal,1,19575e453a039703,82156,36,0.01,7002156,False,1,1,1,0,74,84,M,0.8
1,2158,libero_object_task3,libero_object,3,f583f3418ad2b8b5,82158,38,0.01,7002158,False,1,1,1,0,118,127,M,0.8
1,2161,libero_spatial_task1,libero_spatial,1,bdb434a709a05d49,82161,1,0.01,7002161,False,1,1,1,0,105,97,M,0.8
1,2162,libero_object_task2,libero_object,2,37fc1f9dc46ad591,82162,2,0.01,7002162,False,1,1,1,0,118,112,M,0.8
1,2163,libero_10_task5,libero_10,5,0b7c9039787e08c0,82163,3,0.01,7002163,False,1,1,1,0,160,149,M,0.8
1,2164,libero_goal_task1,libero_goal,1,c52d30d48f914dcc,82164,4,0.01,7002164,False,1,1,1,0,78,80,M,0.8
1,2170,libero_goal_task9,libero_goal,9,88ec34fdf8079b75,82170,10,0.01,7002170,False,1,1,1,0,152,122,M,0.8
1,2172,libero_object_task3,libero_object,3,63679a0a62e586fa,82172,12,0.01,7002172,False,1,1,1,0,120,120,M,0.8
1,2173,libero_goal_task1,libero_goal,1,daf9a0025c30e498,82173,13,0.01,7002173,False,1,1,1,0,78,83,M,0.8
1,2174,libero_object_task4,libero_object,4,e39135a6a0951c0d,82174,14,0.01,7002174,False,1,1,1,0,129,142,M,0.8
1,2183,libero_object_task4,libero_object,4,697023746236ff31,82183,23,0.01,7002183,False,1,1,1,0,135,143,M,0.8
1,2187,libero_object_task2,libero_object,2,a8d30cb134f7858e,82187,27,0.01,7002187,False,1,1,1,0,116,123,M,0.8
1,2188,libero_10_task5,libero_10,5,f73fd88aeeae246c,82188,28,0.01,7002188,False,1,1,1,0,168,174,M,0.8
1,2189,libero_object_task3,libero_object,3,134d7111b1bebd83,82189,29,0.01,7002189,False,1,1,1,0,123,126,M,0.8
1,2191,libero_goal_task4,libero_goal,4,5854ec66b9a56b83,82191,31,0.01,7002191,False,1,1,1,0,79,83,M,0.8
1,2194,libero_spatial_task1,libero_spatial,1,d8ab20facf0613c7,82194,34,0.01,7002194,False,1,1,1,0,105,107,M,0.8
1,2195,libero_object_task3,libero_object,3,2f07702f36899539,82195,35,0.01,7002195,False,1,1,1,0,119,120,M,0.8
1,2196,libero_goal_task7,libero_goal,7,93490aa75591f3ec,82196,36,0.01,7002196,False,1,1,1,0,69,64,M,0.8
1,2199,libero_object_task3,libero_object,3,f4e639714d63cbdf,82199,39,0.01,7002199,False,1,1,1,0,119,152,M,0.8
1,2200,libero_object_task4,libero_object,4,8910f6a0cb981703,82200,0,0.01,7002200,False,1,1,1,0,145,146,M,0.8
1,2201,libero_goal_task7,libero_goal,7,46b8360cfda9cfb1,82201,1,0.01,7002201,False,1,1,1,0,68,72,M,0.8
1,2202,libero_spatial_task1,libero_spatial,1,f7ee7c072ef1c7da,82202,2,0.01,7002202,False,1,1,1,0,133,105,M,0.8
1,2203,libero_object_task4,libero_object,4,e3283c7050b700ff,82203,3,0.01,7002203,False,1,1,1,0,139,143,M,0.8
1,2205,libero_goal_task1,libero_goal,1,4b33669e5f963ffd,82205,5,0.01,7002205,False,1,1,1,0,85,96,M,0.8
1,2206,libero_goal_task2,libero_goal,2,72c0b581edd217e1,82206,6,0.01,7002206,False,1,1,1,0,86,96,M,0.8
1,2210,libero_spatial_task1,libero_spatial,1,c5b3978ab0798b69,82210,10,0.01,7002210,False,1,1,1,0,106,106,M,0.8
1,2213,libero_goal_task9,libero_goal,9,5b492629346beaad,82213,13,0.01,7002213,False,1,1,1,0,128,139,M,0.8
1,2216,libero_goal_task7,libero_goal,7,7da6d0f81e6f9cd1,82216,16,0.01,7002216,False,1,1,1,0,74,79,M,0.8
1,2217,libero_object_task3,libero_object,3,ac8c7e129028db4c,82217,17,0.01,7002217,False,1,1,1,0,135,132,M,0.8
1,2219,libero_spatial_task1,libero_spatial,1,be6d37380aa9cb70,82219,19,0.01,7002219,False,1,1,1,0,107,110,M,0.8
1,2220,libero_object_task9,libero_object,9,d696275bf4cee693,82220,20,0.01,7002220,False,1,1,1,0,116,119,M,0.8
1,2221,libero_object_task2,libero_object,2,74f43b66c668aa03,82221,21,0.01,7002221,False,1,1,1,0,109,119,M,0.8
1,2223,libero_goal_task2,libero_goal,2,d8e7b82333b637b9,82223,23,0.01,7002223,False,1,1,1,0,91,90,M,0.8
1,2230,libero_goal_task2,libero_goal,2,d37af2437534ed5a,82230,30,0.01,7002230,False,1,1,1,0,95,88,M,0.8
1,2231,libero_goal_task9,libero_goal,9,ed0747222277719e,82231,31,0.01,7002231,False,1,1,1,0,132,137,M,0.8
1,2232,libero_goal_task9,libero_goal,9,48685195f9e86d08,82232,32,0.01,7002232,False,1,1,1,0,126,142,M,0.8
1,2239,libero_goal_task9,libero_goal,9,6a42f967cdca1037,82239,39,0.01,7002239,False,1,1,1,0,122,141,M,0.8
1,2240,libero_goal_task9,libero_goal,9,9692c25e4608d761,82240,0,0.01,7002240,False,1,1,1,0,135,137,M,0.8
1,2241,libero_goal_task4,libero_goal,4,becad435dd9a2c24,82241,1,0.01,7002241,False,1,1,0,1,79,300,M,0.8
1,2242,libero_object_task9,libero_object,9,a882914e458017e3,82242,2,0.01,7002242,False,1,1,1,0,128,114,M,0.8
1,2245,libero_object_task0,libero_object,0,1ca0f3cf8a721612,82245,5,0.01,7002245,False,1,1,1,0,131,131,M,0.8
1,2255,libero_spatial_task1,libero_spatial,1,b05adafafd1f0bbe,82255,15,0.01,7002255,False,1,1,1,0,117,104,M,0.8
1,2259,libero_goal_task1,libero_goal,1,c411d2b1725d2611,82259,19,0.01,7002259,False,1,1,1,0,81,83,M,0.8
1,2260,libero_goal_task2,libero_goal,2,fd4d0ff436d01478,82260,20,0.01,7002260,False,1,1,1,0,97,83,M,0.8
1,2272,libero_goal_task9,libero_goal,9,7592c05b44b23033,82272,32,0.01,7002272,False,1,1,1,0,127,136,M,0.8
1,2273,libero_goal_task2,libero_goal,2,1c6b5c477ee1bcbd,82273,33,0.01,7002273,False,1,1,1,0,94,98,M,0.8
1,2278,libero_spatial_task1,libero_spatial,1,81c1e3b24d4b8f4c,82278,38,0.01,7002278,False,1,1,1,0,125,106,M,0.8
1,2279,libero_10_task5,libero_10,5,84e39834d5957dc1,82279,39,0.01,7002279,False,1,1,1,0,162,170,M,0.8
1,2282,libero_spatial_task1,libero_spatial,1,ce8df97ae52983a9,82282,2,0.01,7002282,False,1,1,1,0,105,107,M,0.8
1,2283,libero_spatial_task1,libero_spatial,1,c3d8333caeca0a98,82283,3,0.01,7002283,False,1,1,1,0,107,105,M,0.8
1,2287,libero_object_task2,libero_object,2,03814b14a7918331,82287,7,0.01,7002287,False,1,1,1,0,109,119,M,0.8
1,2289,libero_object_task4,libero_object,4,94eb523c330c83f0,82289,9,0.01,7002289,False,1,1,1,0,135,138,M,0.8
1,2290,libero_object_task3,libero_object,3,0ac9e9bd3ad4a74d,82290,10,0.01,7002290,False,1,1,1,0,124,127,M,0.8
1,2295,libero_10_task5,libero_10,5,750f2f919f64a4b3,82295,15,0.01,7002295,False,1,1,1,0,138,222,M,0.8
1,2297,libero_goal_task2,libero_goal,2,33e764128cde9a0e,82297,17,0.01,7002297,False,1,1,1,0,96,88,M,0.8
1,2298,libero_goal_task1,libero_goal,1,dfa5168bac2b0090,82298,18,0.01,7002298,False,1,1,1,0,81,101,M,0.8
1,2301,libero_spatial_task6,libero_spatial,6,6a7ccc2b0636aed6,92301,21,0.01,8002301,True,1,1,1,0,104,108,M,0.8
1,2305,libero_object_task2,libero_object,2,c5d58897ce86fa2d,82305,25,0.01,7002305,False,1,1,1,0,119,117,M,0.8
1,2309,libero_10_task5,libero_10,5,cf5e00a0e2e0e544,82309,29,0.01,7002309,False,1,1,1,0,151,183,M,0.8
1,2312,libero_object_task9,libero_object,9,66cfcc1839fbf66b,82312,32,0.01,7002312,False,1,1,1,0,115,129,M,0.8
1,2317,libero_goal_task9,libero_goal,9,3298f40d76bc9b28,82317,37,0.01,7002317,False,1,1,1,0,161,133,M,0.8
1,2318,libero_object_task2,libero_object,2,c4ef7adce803d26d,82318,38,0.01,7002318,False,1,1,1,0,120,124,M,0.8
1,2320,libero_object_task4,libero_object,4,0aa0b903beb2458f,82320,0,0.01,7002320,False,1,1,1,0,145,145,M,0.8
1,2322,libero_goal_task7,libero_goal,7,3e9a44a26b76c58b,82322,2,0.01,7002322,False,1,1,1,0,72,77,M,0.8
1,2324,libero_goal_task7,libero_goal,7,fb0a7ec89b31e705,82324,4,0.01,7002324,False,1,1,1,0,70,74,M,0.8
1,2326,libero_goal_task1,libero_goal,1,ae21464afebf8243,82326,6,0.01,7002326,False,1,1,1,0,82,90,M,0.8
1,2327,libero_object_task3,libero_object,3,4802f8e045ec1911,82327,7,0.01,7002327,False,1,1,1,0,111,119,M,0.8
1,2328,libero_goal_task2,libero_goal,2,4fe9f4ce9063b239,82328,8,0.01,7002328,False,1,1,1,0,94,91,M,0.8
1,2329,libero_spatial_task6,libero_spatial,6,6b094beec6f11139,92329,9,0.01,8002329,True,1,1,1,0,97,100,M,0.8
1,2330,libero_spatial_task3,libero_spatial,3,ca2541ab3cd1a55e,92330,10,0.01,8002330,True,0,0,1,-1,220,84,M,0.82
1,2332,libero_goal_task1,libero_goal,1,94c5ea3b322278a7,82332,12,0.01,7002332,False,0,0,1,-1,300,87,M,0.816
1,2337,libero_object_task2,libero_object,2,c9b6be0ddb751fed,82337,17,0.01,7002337,False,1,1,1,0,112,116,M,0.8
1,2339,libero_goal_task9,libero_goal,9,7ac1ec3ebf39e4f3,82339,19,0.01,7002339,False,0,0,1,-1,300,150,M,0.816
1,2342,libero_object_task4,libero_object,4,25fc07fb01d301e9,82342,22,0.01,7002342,False,1,1,1,0,127,143,M,0.8
1,2343,libero_object_task9,libero_object,9,5335c5eba75873e7,82343,23,0.01,7002343,False,1,1,1,0,113,122,M,0.8
1,2344,libero_goal_task9,libero_goal,9,4ec8d7c52c57998b,82344,24,0.01,7002344,False,1,1,1,0,164,172,M,0.812
1,2348,libero_goal_task2,libero_goal,2,722e1a590be342ac,82348,28,0.01,7002348,False,0,0,0,0,300,300,M,0.816
1,2351,libero_spatial_task6,libero_spatial,6,36d6b72e5135d120,92351,31,0.01,8002351,True,1,1,1,0,106,113,M,0.8
1,2354,libero_object_task5,libero_object,5,37592476e1fea900,82354,34,0.01,7002354,False,1,1,1,0,126,126,M,0.8
1,2355,libero_object_task2,libero_object,2,7ad064eb1707115c,82355,35,0.01,7002355,False,1,1,1,0,111,113,M,0.8
1,2356,libero_goal_task2,libero_goal,2,fef8171ecea2a717,82356,36,0.01,7002356,False,1,1,1,0,93,92,M,0.812
1,2357,libero_goal_task1,libero_goal,1,32b5abfade660a28,82357,37,0.01,7002357,False,1,1,1,0,81,83,M,0.812
1,2358,libero_object_task3,libero_object,3,01e292c5f50645c1,82358,38,0.01,7002358,False,1,1,1,0,121,274,M,0.8
1,2360,libero_object_task5,libero_object,5,113b024c9f4afa50,82360,0,0.01,7002360,False,1,1,1,0,124,111,M,0.8
1,2361,libero_object_task4,libero_object,4,53357931936b321a,82361,1,0.01,7002361,False,1,1,1,0,132,151,M,0.8
1,2362,libero_spatial_task1,libero_spatial,1,6c7ecc6e3067759c,82362,2,0.01,7002362,False,1,1,1,0,106,106,M,0.8
1,2363,libero_goal_task4,libero_goal,4,e245893101d4c143,82363,3,0.01,7002363,False,1,1,1,0,90,94,M,0.8
1,2366,libero_goal_task9,libero_goal,9,ac0cf16acc14fef2,82366,6,0.01,7002366,False,1,1,1,0,121,124,M,0.808
1,2367,libero_object_task4,libero_object,4,d2e0c366f88156af,82367,7,0.01,7002367,False,1,1,1,0,141,142,M,0.8
1,2368,libero_object_task3,libero_object,3,4b9732d1a995acd5,82368,8,0.01,7002368,False,1,1,1,0,141,125,M,0.8
1,2369,libero_goal_task2,libero_goal,2,ed1079909bd8aabc,82369,9,0.01,7002369,False,1,1,1,0,88,90,M,0.808
1,2372,libero_goal_task1,libero_goal,1,a75d7ac9d0101be8,82372,12,0.01,7002372,False,1,1,1,0,76,90,M,0.808
1,2374,libero_object_task3,libero_object,3,a94b6454c551f5b5,82374,14,0.01,7002374,False,1,1,0,1,118,280,M,0.8
1,2375,libero_10_task5,libero_10,5,f6364a9c1e50f3bf,82375,15,0.01,7002375,False,1,1,1,0,132,155,M,0.8
1,2376,libero_object_task3,libero_object,3,639b6618aabeff9b,82376,16,0.01,7002376,False,1,1,1,0,135,125,M,0.8
1,2377,libero_goal_task1,libero_goal,1,fe53c29a024e69f0,82377,17,0.01,7002377,False,0,0,1,-1,300,81,M,0.824
1,2379,libero_goal_task2,libero_goal,2,40037ef5a667eda4,82379,19,0.01,7002379,False,1,1,1,0,85,89,M,0.804
1,2380,libero_object_task3,libero_object,3,e070e8c2751e5a1f,82380,20,0.01,7002380,False,1,1,1,0,122,123,M,0.8
1,2381,libero_object_task7,libero_object,7,13a0d48188bc6828,82381,21,0.01,7002381,False,1,1,1,0,128,128,M,0.8
1,2382,libero_goal_task4,libero_goal,4,6b5fac15e18ea842,82382,22,0.01,7002382,False,1,1,1,0,88,86,M,0.8
1,2386,libero_object_task2,libero_object,2,68e5e3e49bee388b,82386,26,0.01,7002386,False,1,1,1,0,120,113,M,0.8
1,2388,libero_object_task0,libero_object,0,846c57e3ab902536,82388,28,0.01,7002388,False,1,1,1,0,119,134,M,0.8
1,2393,libero_spatial_task2,libero_spatial,2,bae836c5c002ab7a,92393,33,0.01,8002393,True,1,1,1,0,95,98,M,0.8
1,2395,libero_10_task5,libero_10,5,4c478767ecd50acd,82395,35,0.01,7002395,False,0,0,1,-1,520,174,M,0.816
1,2397,libero_spatial_task6,libero_spatial,6,f37f2a3a48384b58,92397,37,0.01,8002397,True,1,1,1,0,106,114,M,0.8
1,2400,libero_object_task7,libero_object,7,f17cdfe4786480ac,82400,0,0.01,7002400,False,1,1,0,1,122,280,M,0.8
1,2403,libero_10_task5,libero_10,5,2ceef98b1eb09210,82403,3,0.01,7002403,False,1,1,1,0,148,158,M,0.812
1,2404,libero_object_task2,libero_object,2,3e4e35d2763712f5,82404,4,0.01,7002404,False,1,1,1,0,112,110,M,0.8
1,2405,libero_object_task7,libero_object,7,d0912c06cd9250b0,82405,5,0.01,7002405,False,1,1,1,0,121,129,M,0.8
1,2412,libero_object_task5,libero_object,5,08deba53924ff1fb,82412,12,0.01,7002412,False,1,1,1,0,126,126,M,0.8
1,2413,libero_goal_task1,libero_goal,1,cb61fc7e4f888156,82413,13,0.01,7002413,False,1,1,1,0,82,87,M,0.82
1,2414,libero_10_task5,libero_10,5,72432affc74ffd9b,82414,14,0.01,7002414,False,1,1,1,0,151,177,M,0.808
1,2416,libero_goal_task9,libero_goal,9,971bcd336edeffa0,82416,16,0.01,7002416,False,1,1,1,0,134,132,M,0.804
1,2418,libero_object_task2,libero_object,2,1dacb29c5d2bcf0c,82418,18,0.01,7002418,False,1,1,1,0,118,118,M,0.8
1,2420,libero_object_task3,libero_object,3,244300600adf8a6c,82420,20,0.01,7002420,False,1,1,1,0,120,127,M,0.8
1,2421,libero_object_task4,libero_object,4,b389943e084b2710,82421,21,0.01,7002421,False,1,1,1,0,134,141,M,0.8
1,2423,libero_object_task7,libero_object,7,edd186e9bec4e2c6,82423,23,0.01,7002423,False,1,1,1,0,117,122,M,0.8
1,2424,libero_goal_task7,libero_goal,7,b89a9057b48ce1f8,82424,24,0.01,7002424,False,1,1,1,0,72,75,M,0.8
1,2425,libero_goal_task7,libero_goal,7,9aa97ab27b73c493,82425,25,0.01,7002425,False,1,1,1,0,74,76,M,0.8
1,2426,libero_object_task4,libero_object,4,524dd371a947d681,82426,26,0.01,7002426,False,1,1,1,0,136,145,M,0.8
1,2428,libero_spatial_task2,libero_spatial,2,1dc51b479840ad47,92428,28,0.01,8002428,True,1,1,1,0,100,92,M,0.8
1,2432,libero_spatial_task6,libero_spatial,6,1b891060e108f2a9,92432,32,0.01,8002432,True,1,1,1,0,108,107,M,0.8
1,2434,libero_spatial_task1,libero_spatial,1,a14f9b9e2533038d,82434,34,0.01,7002434,False,1,1,1,0,105,107,M,0.8
1,2435,libero_object_task9,libero_object,9,9b5b3840de2d8315,82435,35,0.01,7002435,False,1,1,1,0,119,120,M,0.8
1,2437,libero_object_task3,libero_object,3,68b82f0fa4e5c46e,82437,37,0.01,7002437,False,1,1,1,0,119,118,M,0.8
1,2442,libero_goal_task4,libero_goal,4,5a7894880f346f9b,82442,2,0.01,7002442,False,1,1,1,0,79,84,M,0.8
1,2443,libero_goal_task9,libero_goal,9,1f4ddecb39992869,82443,3,0.01,7002443,False,1,1,1,0,135,143,M,0.8
1,2447,libero_object_task5,libero_object,5,07fc2f6c5e4cd24f,82447,7,0.01,7002447,False,1,1,1,0,129,127,M,0.8
1,2451,libero_goal_task9,libero_goal,9,08a2029a5ccfe1b8,82451,11,0.01,7002451,False,1,1,1,0,125,153,M,0.8
1,2453,libero_goal_task4,libero_goal,4,aeefe6b78145ee00,82453,13,0.01,7002453,False,1,1,0,1,67,300,M,0.8
1,2454,libero_spatial_task1,libero_spatial,1,c861dada6bda93a6,82454,14,0.01,7002454,False,1,1,1,0,106,105,M,0.8
1,2457,libero_10_task5,libero_10,5,199e989726bcf0a7,82457,17,0.01,7002457,False,1,1,1,0,159,163,M,0.804
1,2458,libero_goal_task4,libero_goal,4,50f19ac92176ba2a,82458,18,0.01,7002458,False,1,1,1,0,89,98,M,0.8
1,2459,libero_object_task7,libero_object,7,115767fe96b178ce,82459,19,0.01,7002459,False,1,1,1,0,129,129,M,0.8
1,2460,libero_goal_task7,libero_goal,7,00e85068e57ad25f,82460,20,0.01,7002460,False,1,1,1,0,69,78,M,0.8
1,2462,libero_goal_task4,libero_goal,4,97ce33cf793995d2,82462,22,0.01,7002462,False,1,1,1,0,82,84,M,0.8
1,2463,libero_object_task3,libero_object,3,7101d5b4bc9954b0,82463,23,0.01,7002463,False,1,1,1,0,119,129,M,0.8
1,2464,libero_object_task2,libero_object,2,6b84ed1882399c55,82464,24,0.01,7002464,False,1,1,1,0,118,116,M,0.8
1,2466,libero_object_task9,libero_object,9,18d792b419c7105f,82466,26,0.01,7002466,False,1,1,1,0,123,116,M,0.8
1,2467,libero_object_task4,libero_object,4,37dc6fdfcb8fb78f,82467,27,0.01,7002467,False,1,1,1,0,132,131,M,0.8
1,2468,libero_object_task4,libero_object,4,f4d02147a518bc28,82468,28,0.01,7002468,False,1,1,1,0,124,154,M,0.8
1,2469,libero_object_task7,libero_object,7,f04ebc0d950450a9,82469,29,0.01,7002469,False,1,1,1,0,117,126,M,0.8
1,2470,libero_object_task5,libero_object,5,3dc19c29c22ec122,82470,30,0.01,7002470,False,1,1,1,0,120,124,M,0.8
1,2471,libero_object_task2,libero_object,2,8e7d4686e217054e,82471,31,0.01,7002471,False,1,1,1,0,119,118,M,0.8
1,2473,libero_object_task3,libero_object,3,320dd607e68b000c,82473,33,0.01,7002473,False,1,1,1,0,118,126,M,0.8
1,2474,libero_spatial_task6,libero_spatial,6,b164725a221403eb,92474,34,0.01,8002474,True,1,1,1,0,104,102,M,0.8
1,2477,libero_spatial_task1,libero_spatial,1,efb693f22957a5af,82477,37,0.01,7002477,False,1,1,1,0,108,111,M,0.8
1,2479,libero_object_task0,libero_object,0,10601d7a69b149dd,82479,39,0.01,7002479,False,1,1,1,0,121,133,M,0.8
1,2484,libero_object_task7,libero_object,7,e44e2056d89fe600,82484,4,0.01,7002484,False,1,1,1,0,122,125,M,0.8
1,2485,libero_goal_task8,libero_goal,8,a0a47f54ed6fc488,82485,5,0.01,7002485,False,1,1,1,0,77,75,M,0.8
1,2486,libero_object_task9,libero_object,9,0d1c79a8b2d8ff66,82486,6,0.01,7002486,False,1,1,1,0,139,125,M,0.8
1,2490,libero_goal_task7,libero_goal,7,eafa21c1c9296826,82490,10,0.01,7002490,False,1,1,1,0,75,69,M,0.8
1,2491,libero_goal_task7,libero_goal,7,3bec7dc37a0dccd6,82491,11,0.01,7002491,False,1,1,1,0,73,83,M,0.8
1,2492,libero_spatial_task1,libero_spatial,1,6023f5450c4dc2ed,82492,12,0.01,7002492,False,1,1,1,0,108,109,M,0.8
1,2493,libero_spatial_task1,libero_spatial,1,c45b93ca559d581a,82493,13,0.01,7002493,False,1,1,1,0,121,103,M,0.8
1,2495,libero_goal_task2,libero_goal,2,78228502c6f72859,82495,15,0.01,7002495,False,1,1,1,0,88,93,M,0.8
1,2496,libero_goal_task4,libero_goal,4,8d3d6b09b914461b,82496,16,0.01,7002496,False,1,1,1,0,96,85,M,0.8
1,2497,libero_object_task9,libero_object,9,73fd22030ce23c25,82497,17,0.01,7002497,False,1,1,1,0,121,122,M,0.8
1,2498,libero_goal_task1,libero_goal,1,4d3db2eb9858cd66,82498,18,0.01,7002498,False,1,1,1,0,81,85,M,0.816
1,2499,libero_object_task5,libero_object,5,731ffc534b66eefc,82499,19,0.01,7002499,False,1,1,1,0,120,129,M,0.8
1,2500,libero_object_task3,libero_object,3,fb45d34bcede5eed,82500,20,0.01,7002500,False,1,1,1,0,124,119,M,0.8
1,2501,libero_object_task0,libero_object,0,5fdfac4aaf43819a,82501,21,0.01,7002501,False,1,1,1,0,129,141,M,0.8
1,2502,libero_goal_task9,libero_goal,9,05919f48715e31a1,82502,22,0.01,7002502,False,1,1,1,0,121,130,M,0.8
1,2503,libero_goal_task7,libero_goal,7,04d414f3118556f3,82503,23,0.01,7002503,False,1,1,1,0,69,76,M,0.8
1,2504,libero_object_task0,libero_object,0,ec6923aa62f395cc,82504,24,0.01,7002504,False,1,1,1,0,138,144,M,0.8
1,2508,libero_object_task7,libero_object,7,6c29e2fbb513b940,82508,28,0.01,7002508,False,1,1,1,0,119,123,M,0.8
1,2510,libero_goal_task8,libero_goal,8,e4ef82f48aa9364f,82510,30,0.01,7002510,False,1,1,1,0,75,76,M,0.8
1,2511,libero_object_task3,libero_object,3,d14271a571a15f28,82511,31,0.01,7002511,False,1,1,1,0,114,124,M,0.8
1,2512,libero_object_task4,libero_object,4,4bd62e52f59c4915,82512,32,0.01,7002512,False,1,1,1,0,136,141,M,0.8
1,2513,libero_spatial_task1,libero_spatial,1,8336c71d69b04174,82513,33,0.01,7002513,False,1,1,1,0,110,108,M,0.8
1,2514,libero_goal_task1,libero_goal,1,31edcb8d6a813cf2,82514,34,0.01,7002514,False,1,1,1,0,75,89,M,0.812
1,2516,libero_goal_task1,libero_goal,1,c66c63b6153e1b65,82516,36,0.01,7002516,False,1,1,1,0,79,82,M,0.808
1,2518,libero_object_task0,libero_object,0,5697d517c2033ebe,82518,38,0.01,7002518,False,1,1,1,0,143,145,M,0.8
1,2521,libero_goal_task4,libero_goal,4,1b61183c4bad8c43,82521,1,0.01,7002521,False,1,1,1,0,80,89,M,0.8
1,2524,libero_10_task5,libero_10,5,422c5a5e7b1d6350,82524,4,0.01,7002524,False,1,1,1,0,143,162,M,0.8
1,2525,libero_object_task7,libero_object,7,2c4a91fc65a7b552,82525,5,0.01,7002525,False,1,1,1,0,122,123,M,0.8
1,2526,libero_spatial_task2,libero_spatial,2,a3ccf586d7ba3a6f,92526,6,0.01,8002526,True,1,1,1,0,91,94,M,0.8
1,2527,libero_goal_task1,libero_goal,1,4f203eb18a55254c,82527,7,0.01,7002527,False,1,1,1,0,79,81,M,0.804
1,2528,libero_object_task0,libero_object,0,aabd24df5a9648c5,82528,8,0.01,7002528,False,1,1,1,0,135,145,M,0.8
1,2531,libero_goal_task8,libero_goal,8,3772108cd9bdd0e4,82531,11,0.01,7002531,False,1,1,1,0,73,74,M,0.8
1,2534,libero_object_task0,libero_object,0,f8baae7121d6b6de,82534,14,0.01,7002534,False,1,1,1,0,132,136,M,0.8
1,2535,libero_object_task3,libero_object,3,2d533047df3169cc,82535,15,0.01,7002535,False,1,1,0,1,117,280,M,0.8
1,2536,libero_object_task9,libero_object,9,691067a07ccd9bea,82536,16,0.01,7002536,False,1,1,1,0,127,122,M,0.8
1,2537,libero_10_task5,libero_10,5,9b3dc1152ddebd17,82537,17,0.01,7002537,False,1,1,1,0,162,178,M,0.8
1,2539,libero_object_task3,libero_object,3,215e7621ef82d2b3,82539,19,0.01,7002539,False,1,1,1,0,126,135,M,0.8
1,2541,libero_goal_task2,libero_goal,2,b3987a7a43e0b735,82541,21,0.01,7002541,False,1,1,1,0,87,84,M,0.8
1,2542,libero_spatial_task6,libero_spatial,6,690e6284ffe1dc0d,92542,22,0.01,8002542,True,1,1,1,0,97,99,M,0.8
1,2543,libero_object_task3,libero_object,3,941afc8a9927eb55,82543,23,0.01,7002543,False,1,1,1,0,132,169,M,0.8
1,2544,libero_goal_task8,libero_goal,8,613bc0b368627647,82544,24,0.01,7002544,False,1,1,1,0,67,73,M,0.8
1,2547,libero_goal_task2,libero_goal,2,6da39437a4452df5,82547,27,0.01,7002547,False,1,1,1,0,85,82,M,0.8
1,2549,libero_spatial_task2,libero_spatial,2,5fdba7c89a06b366,92549,29,0.01,8002549,True,1,1,1,0,94,100,M,0.8
1,2552,libero_goal_task4,libero_goal,4,c3fa05f1b17fb927,82552,32,0.01,7002552,False,1,1,1,0,78,84,M,0.8
1,2553,libero_goal_task8,libero_goal,8,9e24214aed7d5cb9,82553,33,0.01,7002553,False,1,1,1,0,78,80,M,0.8
1,2555,libero_object_task0,libero_object,0,e0b39e6b8f56d2c5,82555,35,0.01,7002555,False,1,1,1,0,130,142,M,0.8
1,2556,libero_object_task0,libero_object,0,19568dc187a874ae,82556,36,0.01,7002556,False,1,1,1,0,134,127,M,0.8
1,2563,libero_goal_task4,libero_goal,4,e33f9f36bd8b82b9,82563,3,0.01,7002563,False,1,1,0,1,84,300,M,0.8
1,2564,libero_object_task3,libero_object,3,1b7095949e2784bc,82564,4,0.01,7002564,False,1,1,1,0,129,132,M,0.8
1,2566,libero_goal_task1,libero_goal,1,95daa18481946c5d,82566,6,0.01,7002566,False,1,1,1,0,79,84,M,0.8
1,2568,libero_spatial_task2,libero_spatial,2,1297bb1b25991846,92568,8,0.01,8002568,True,1,1,1,0,92,103,M,0.8
1,2569,libero_object_task0,libero_object,0,85bd262633b756c7,82569,9,0.01,7002569,False,1,1,1,0,130,146,M,0.8
1,2570,libero_spatial_task1,libero_spatial,1,408dca79c59e7615,82570,10,0.01,7002570,False,1,1,1,0,107,106,M,0.8
1,2571,libero_object_task7,libero_object,7,45db80b0a9cd666b,82571,11,0.01,7002571,False,1,1,1,0,121,120,M,0.8
1,2573,libero_object_task2,libero_object,2,e2e1ef3784034c95,82573,13,0.01,7002573,False,1,1,1,0,120,115,M,0.8
1,2574,libero_object_task3,libero_object,3,3dfe8046ee5c6fbd,82574,14,0.01,7002574,False,1,1,1,0,117,157,M,0.8
1,2576,libero_object_task3,libero_object,3,6a0e498b42e9bc95,82576,16,0.01,7002576,False,1,1,1,0,122,116,M,0.8
1,2578,libero_object_task5,libero_object,5,01b8aed75ef2e699,82578,18,0.01,7002578,False,1,1,1,0,126,128,M,0.8
1,2580,libero_object_task0,libero_object,0,e1268662246ce0b8,82580,20,0.01,7002580,False,1,1,1,0,138,140,M,0.8
1,2581,libero_goal_task8,libero_goal,8,ffed8f5b4aca5677,82581,21,0.01,7002581,False,1,1,1,0,71,77,M,0.8
1,2582,libero_object_task9,libero_object,9,fad8aa412a028a90,82582,22,0.01,7002582,False,1,1,0,1,151,280,M,0.8
1,2583,libero_object_task2,libero_object,2,5974a58d8bb83065,82583,23,0.01,7002583,False,1,1,1,0,110,118,M,0.8
1,2584,libero_goal_task1,libero_goal,1,cc46624765c76279,82584,24,0.01,7002584,False,1,1,1,0,79,91,M,0.8
1,2588,libero_spatial_task6,libero_spatial,6,a30bc1294af73e82,92588,28,0.01,8002588,True,1,1,1,0,97,107,M,0.8
1,2590,libero_object_task5,libero_object,5,6d7e8b876187321b,82590,30,0.01,7002590,False,1,1,1,0,119,125,M,0.8
1,2594,libero_object_task0,libero_object,0,5cfe0a8e11e47ce8,82594,34,0.01,7002594,False,1,1,0,1,130,280,M,0.8
1,2595,libero_object_task0,libero_object,0,8ede2de183e4ee94,82595,35,0.01,7002595,False,1,1,1,0,130,145,M,0.8
1,2597,libero_object_task7,libero_object,7,37fd5d4df0b31984,82597,37,0.01,7002597,False,1,1,1,0,129,129,M,0.8
1,2598,libero_goal_task9,libero_goal,9,ac426c2cdcb81349,82598,38,0.01,7002598,False,1,1,1,0,117,134,M,0.8
1,2601,libero_object_task2,libero_object,2,bc852b2d2b26c1f8,82601,1,0.01,7002601,False,1,1,1,0,118,116,M,0.8
1,2604,libero_object_task9,libero_object,9,730799fab6e826e6,82604,4,0.01,7002604,False,1,1,1,0,149,120,M,0.8
1,2607,libero_object_task4,libero_object,4,1c7367b25a587c66,82607,7,0.01,7002607,False,1,1,1,0,139,133,M,0.8
1,2609,libero_object_task5,libero_object,5,a604948064cb28a4,82609,9,0.01,7002609,False,1,1,1,0,114,124,M,0.8
1,2610,libero_goal_task9,libero_goal,9,2639d96a7cad5b8c,82610,10,0.01,7002610,False,1,1,1,0,129,141,M,0.8
1,2611,libero_spatial_task2,libero_spatial,2,d9f1e9ac9d45759c,92611,11,0.01,8002611,True,1,1,1,0,94,94,M,0.8
1,2612,libero_goal_task1,libero_goal,1,d4e693a1d32505e1,82612,12,0.01,7002612,False,0,0,1,-1,300,85,M,0.816
1,2614,libero_goal_task4,libero_goal,4,528603ccaf299f16,82614,14,0.01,7002614,False,1,1,1,0,88,88,M,0.8
1,2615,libero_goal_task8,libero_goal,8,92e130f27a09171d,82615,15,0.01,7002615,False,1,1,1,0,73,76,M,0.8
1,2616,libero_10_task5,libero_10,5,dd6f692b1ce1a135,82616,16,0.01,7002616,False,1,1,1,0,150,164,M,0.8
1,2618,libero_object_task4,libero_object,4,a64c76e0a2505773,82618,18,0.01,7002618,False,1,1,1,0,138,140,M,0.8
1,2621,libero_object_task3,libero_object,3,025c014040ec91b1,82621,21,0.01,7002621,False,1,1,1,0,118,116,M,0.8
1,2622,libero_object_task3,libero_object,3,a874df2fb42d7ef2,82622,22,0.01,7002622,False,1,1,1,0,117,128,M,0.8
1,2623,libero_goal_task9,libero_goal,9,c3a08424a5c4f38e,82623,23,0.01,7002623,False,1,1,1,0,161,142,M,0.8
1,2624,libero_goal_task2,libero_goal,2,cbad2cc4745b423f,82624,24,0.01,7002624,False,1,1,1,0,83,89,M,0.8
1,2626,libero_object_task9,libero_object,9,85914076ece95604,82626,26,0.01,7002626,False,1,1,1,0,125,118,M,0.8
1,2627,libero_object_task0,libero_object,0,a35352b703be2de2,82627,27,0.01,7002627,False,1,1,0,1,137,280,M,0.8
1,2630,libero_spatial_task1,libero_spatial,1,c2ed3a8f9307e5fa,82630,30,0.01,7002630,False,1,1,0,1,110,220,M,0.8
1,2633,libero_goal_task8,libero_goal,8,4cc55a9232a31abd,82633,33,0.01,7002633,False,1,1,1,0,77,76,M,0.8
1,2635,libero_goal_task7,libero_goal,7,ec20ea76d0799010,82635,35,0.01,7002635,False,1,1,1,0,71,74,M,0.8
1,2636,libero_object_task7,libero_object,7,cc38ac01b8e39bd1,82636,36,0.01,7002636,False,1,1,1,0,121,130,M,0.8
1,2637,libero_spatial_task2,libero_spatial,2,a7810d343ec5658c,92637,37,0.01,8002637,True,1,1,1,0,90,95,M,0.8
1,2641,libero_spatial_task1,libero_spatial,1,30373649d3c02344,82641,1,0.01,7002641,False,1,1,1,0,99,99,M,0.8
1,2642,libero_goal_task2,libero_goal,2,c83841177b211276,82642,2,0.01,7002642,False,1,1,1,0,96,94,M,0.8
1,2644,libero_object_task3,libero_object,3,66f8aa4f4ef771fa,82644,4,0.01,7002644,False,1,1,1,0,135,131,M,0.8
1,2645,libero_goal_task7,libero_goal,7,6040c7abc52cde6e,82645,5,0.01,7002645,False,1,1,1,0,77,75,M,0.8
1,2646,libero_goal_task2,libero_goal,2,ff64db2143c8ece4,82646,6,0.01,7002646,False,1,1,1,0,91,88,M,0.8
1,2649,libero_goal_task9,libero_goal,9,2b32b2cd4a4df8e4,82649,9,0.01,7002649,False,1,1,1,0,125,117,M,0.8
1,2650,libero_goal_task1,libero_goal,1,624ab0c02edc991e,82650,10,0.01,7002650,False,1,1,1,0,81,83,M,0.812
1,2651,libero_object_task7,libero_object,7,fb4b209e61f032d3,82651,11,0.01,7002651,False,1,1,1,0,121,122,M,0.8
1,2655,libero_goal_task7,libero_goal,7,86cc286eb6e8c264,82655,15,0.01,7002655,False,1,1,1,0,69,75,M,0.8
1,2656,libero_goal_task1,libero_goal,1,d3a9302426f25735,82656,16,0.01,7002656,False,1,1,1,0,81,82,M,0.808
1,2657,libero_spatial_task1,libero_spatial,1,d6ee6a7dea229aa1,82657,17,0.01,7002657,False,1,1,1,0,103,107,M,0.8
1,2658,libero_object_task9,libero_object,9,f06143023ebdd3e1,82658,18,0.01,7002658,False,1,1,1,0,122,123,M,0.8
1,2659,libero_object_task7,libero_object,7,0dc76ec46daa6e29,82659,19,0.01,7002659,False,1,1,1,0,134,127,M,0.8
1,2660,libero_goal_task4,libero_goal,4,aebf68477a126271,82660,20,0.01,7002660,False,1,1,1,0,79,85,M,0.8
1,2661,libero_goal_task9,libero_goal,9,255c0ec0a92941e2,82661,21,0.01,7002661,False,1,1,1,0,145,148,M,0.8
1,2662,libero_goal_task4,libero_goal,4,8f20b5a2d3f862fb,82662,22,0.01,7002662,False,1,1,1,0,81,87,M,0.8
1,2663,libero_goal_task7,libero_goal,7,1b67f32ad7986fa7,82663,23,0.01,7002663,False,1,1,1,0,69,71,M,0.8
1,2664,libero_object_task5,libero_object,5,c936173cc8a0cbcb,82664,24,0.01,7002664,False,1,1,1,0,128,131,M,0.8
1,2666,libero_spatial_task1,libero_spatial,1,589ebb5d38cceae8,82666,26,0.01,7002666,False,1,1,1,0,106,108,M,0.8
1,2668,libero_object_task2,libero_object,2,d55aa28dae812fd5,82668,28,0.01,7002668,False,1,1,1,0,118,118,M,0.8
1,2669,libero_object_task7,libero_object,7,188ab30d77de1233,82669,29,0.01,7002669,False,1,1,1,0,121,120,M,0.8
1,2670,libero_object_task5,libero_object,5,4c0424f467847fd9,82670,30,0.01,7002670,False,1,1,1,0,125,124,M,0.8
1,2672,libero_goal_task2,libero_goal,2,2bd082246f94a0b8,82672,32,0.01,7002672,False,1,1,1,0,84,93,M,0.8
1,2673,libero_goal_task9,libero_goal,9,bc16e5843142869d,82673,33,0.01,7002673,False,1,1,1,0,127,127,M,0.8
1,2675,libero_goal_task8,libero_goal,8,9134f875c2e07a87,82675,35,0.01,7002675,False,1,1,1,0,93,71,M,0.8
1,2676,libero_object_task7,libero_object,7,9e9900b9eb38ea45,82676,36,0.01,7002676,False,1,1,1,0,122,129,M,0.8
1,2678,libero_spatial_task2,libero_spatial,2,a1529d6b4f508319,92678,38,0.01,8002678,True,1,1,1,0,99,89,M,0.8
1,2679,libero_goal_task9,libero_goal,9,0a6f73305297bf10,82679,39,0.01,7002679,False,1,1,1,0,120,126,M,0.8
1,2680,libero_goal_task9,libero_goal,9,ae388e39451189af,82680,0,0.01,7002680,False,1,1,1,0,151,154,M,0.8
1,2681,libero_object_task3,libero_object,3,e7471c7d9abd7eb5,82681,1,0.01,7002681,False,1,1,1,0,117,124,M,0.8
1,2683,libero_spatial_task1,libero_spatial,1,ac721d4410cf05e6,82683,3,0.01,7002683,False,1,1,0,1,127,220,M,0.8
1,2685,libero_object_task0,libero_object,0,18f82ce936e4e1d7,82685,5,0.01,7002685,False,1,1,1,0,131,130,M,0.8
1,2686,libero_object_task0,libero_object,0,498f86da5aa6307f,82686,6,0.01,7002686,False,0,0,1,-1,280,135,M,0.816
1,2690,libero_goal_task1,libero_goal,1,28636478a32404b1,82690,10,0.01,7002690,False,1,1,1,0,82,86,M,0.804
1,2691,libero_goal_task8,libero_goal,8,aefc09684bac9b8b,82691,11,0.01,7002691,False,1,1,1,0,81,73,M,0.8
1,2695,libero_goal_task9,libero_goal,9,4d4f7dd486d41c24,82695,15,0.01,7002695,False,1,1,1,0,112,113,M,0.8
1,2697,libero_object_task3,libero_object,3,151c9b50e528ccfb,82697,17,0.01,7002697,False,1,1,1,0,123,129,M,0.8
1,2698,libero_goal_task8,libero_goal,8,4ea78fa95416d4a3,82698,18,0.01,7002698,False,1,1,1,0,75,74,M,0.8
1,2701,libero_10_task5,libero_10,5,f7f1ee81ede362a7,82701,21,0.01,7002701,False,1,1,1,0,161,195,M,0.8
1,2702,libero_goal_task2,libero_goal,2,ebd87e3ec855df87,82702,22,0.01,7002702,False,1,1,1,0,95,93,M,0.8
1,2706,libero_object_task9,libero_object,9,a67e8939181bd3a9,82706,26,0.01,7002706,False,1,1,1,0,139,141,M,0.8
1,2709,libero_object_task5,libero_object,5,3a6b64a2be3c2ab7,82709,29,0.01,7002709,False,1,1,1,0,117,122,M,0.8
1,2710,libero_object_task4,libero_object,4,06f27e5ffbf9e846,82710,30,0.01,7002710,False,1,1,1,0,137,139,M,0.8
1,2711,libero_object_task3,libero_object,3,58bde3de8be6bbd3,82711,31,0.01,7002711,False,1,1,1,0,118,164,M,0.8
1,2712,libero_object_task2,libero_object,2,9a9330bb0575cd10,82712,32,0.01,7002712,False,1,1,1,0,120,120,M,0.8
1,2718,libero_object_task4,libero_object,4,f7e91f90bcf90d8d,82718,38,0.01,7002718,False,1,1,1,0,137,132,M,0.8
1,2720,libero_object_task2,libero_object,2,f68cb28d8a4e69da,82720,0,0.01,7002720,False,1,1,1,0,116,118,M,0.8
1,2721,libero_goal_task1,libero_goal,1,2c24ca6d5a1531f2,82721,1,0.01,7002721,False,1,1,1,0,80,86,M,0.8
1,2722,libero_spatial_task6,libero_spatial,6,1451d512fb6159c7,92722,2,0.01,8002722,True,1,1,1,0,98,96,M,0.8
1,2723,libero_object_task0,libero_object,0,ab5d8749a120da45,82723,3,0.01,7002723,False,1,1,1,0,134,137,M,0.812
1,2727,libero_goal_task7,libero_goal,7,21cd2dbcb8f9c711,82727,7,0.01,7002727,False,1,1,1,0,76,78,M,0.8
1,2728,libero_spatial_task2,libero_spatial,2,3fb9fd1c052fdf92,92728,8,0.01,8002728,True,1,1,1,0,94,95,M,0.8
1,2729,libero_object_task2,libero_object,2,d3da3a49fb65afe2,82729,9,0.01,7002729,False,1,1,1,0,111,116,M,0.8
1,2730,libero_object_task9,libero_object,9,6c6858923d335e29,82730,10,0.01,7002730,False,1,1,1,0,120,126,M,0.8
1,2731,libero_object_task9,libero_object,9,399cde7ddcdf7c51,82731,11,0.01,7002731,False,1,1,1,0,124,120,M,0.8
1,2732,libero_goal_task8,libero_goal,8,5529158a0103e11c,82732,12,0.01,7002732,False,1,1,1,0,72,73,M,0.8
1,2733,libero_object_task7,libero_object,7,43a03dbe29d76d36,82733,13,0.01,7002733,False,0,0,1,-1,280,146,M,0.816
1,2734,libero_10_task5,libero_10,5,223f10dc0b88f9d4,82734,14,0.01,7002734,False,1,1,1,0,150,184,M,0.8
1,2735,libero_object_task5,libero_object,5,4ffdd2d7dae3259b,82735,15,0.01,7002735,False,1,1,1,0,120,125,M,0.8
1,2736,libero_object_task2,libero_object,2,f4bfd44bed6a4581,82736,16,0.01,7002736,False,1,1,1,0,121,113,M,0.8
1,2737,libero_goal_task4,libero_goal,4,99c0fd3a63c14419,82737,17,0.01,7002737,False,1,1,1,0,84,84,M,0.8
1,2738,libero_goal_task4,libero_goal,4,628106335db62a37,82738,18,0.01,7002738,False,1,1,1,0,89,96,M,0.8
1,2739,libero_goal_task4,libero_goal,4,530eb6f01fa7480a,82739,19,0.01,7002739,False,1,1,1,0,80,89,M,0.8
1,2740,libero_object_task2,libero_object,2,9f9c7eab35540ea5,82740,20,0.01,7002740,False,1,1,1,0,117,119,M,0.8
1,2742,libero_object_task9,libero_object,9,3e498fcb0c01c9ea,82742,22,0.01,7002742,False,1,1,1,0,264,127,M,0.8
1,2743,libero_spatial_task1,libero_spatial,1,dc8b09b2c8c41769,82743,23,0.01,7002743,False,1,1,1,0,125,108,M,0.8
1,2744,libero_goal_task8,libero_goal,8,c76ccf982f0de5cb,82744,24,0.01,7002744,False,1,1,1,0,76,76,M,0.8
1,2746,libero_object_task5,libero_object,5,89259864b3adf3e1,82746,26,0.01,7002746,False,1,1,1,0,126,127,M,0.8
1,2747,libero_goal_task2,libero_goal,2,d12c9bd43590bd92,82747,27,0.01,7002747,False,1,1,1,0,83,94,M,0.8
1,2749,libero_object_task4,libero_object,4,418c227fb855a94e,82749,29,0.01,7002749,False,0,0,1,-1,280,131,M,0.816
1,2750,libero_object_task9,libero_object,9,d2ff883c1dd47e88,82750,30,0.01,7002750,False,1,1,1,0,125,124,M,0.8
1,2751,libero_goal_task9,libero_goal,9,21426b0dc8c049ff,82751,31,0.01,7002751,False,1,1,1,0,132,122,M,0.8
1,2752,libero_goal_task9,libero_goal,9,a2bddcdfc19bd2f7,82752,32,0.01,7002752,False,1,1,1,0,143,134,M,0.8
1,2753,libero_object_task3,libero_object,3,83c657a4f58e9975,82753,33,0.01,7002753,False,1,1,1,0,119,125,M,0.8
1,2756,libero_object_task4,libero_object,4,36e67e191ba68030,82756,36,0.01,7002756,False,1,1,1,0,128,137,M,0.812
1,2757,libero_10_task5,libero_10,5,e58680f66f852043,82757,37,0.01,7002757,False,1,1,1,0,155,164,M,0.8
1,2758,libero_object_task0,libero_object,0,b4da544ae592a1e5,82758,38,0.01,7002758,False,1,1,1,0,138,154,M,0.808
1,2760,libero_goal_task2,libero_goal,2,8cf1b07fbb65b2e8,82760,0,0.01,7002760,False,1,1,1,0,84,77,M,0.8
1,2761,libero_object_task4,libero_object,4,14b7c7ab134c23d4,82761,1,0.01,7002761,False,1,1,1,0,132,141,M,0.808
1,2764,libero_goal_task1,libero_goal,1,a6d8e2e0b63b815c,82764,4,0.01,7002764,False,1,1,1,0,80,88,M,0.8
1,2766,libero_goal_task1,libero_goal,1,cb4af984f1951155,82766,6,0.01,7002766,False,1,1,1,0,79,87,M,0.8
1,2768,libero_goal_task7,libero_goal,7,628e4ecc8b8aa544,82768,8,0.01,7002768,False,1,1,1,0,69,70,M,0.8
1,2770,libero_10_task5,libero_10,5,08d8f2d8cfd846c2,82770,10,0.01,7002770,False,1,1,1,0,155,152,M,0.8
1,2773,libero_object_task7,libero_object,7,9634fd3326a2b394,82773,13,0.01,7002773,False,1,1,1,0,139,140,M,0.812
1,2775,libero_goal_task2,libero_goal,2,b3b2b3270e30ef5b,82775,15,0.01,7002775,False,1,1,1,0,92,95,M,0.8
1,2778,libero_goal_task7,libero_goal,7,17d4369222a9ca29,82778,18,0.01,7002778,False,1,1,1,0,68,72,M,0.8
1,2779,libero_object_task4,libero_object,4,3a558623c19e20ed,82779,19,0.01,7002779,False,1,1,1,0,135,137,M,0.804
1,2780,libero_goal_task1,libero_goal,1,1c315eff2035fa68,82780,20,0.01,7002780,False,1,1,1,0,81,88,M,0.8
1,2781,libero_object_task7,libero_object,7,a0310085ddd9c1ed,82781,21,0.01,7002781,False,1,1,1,0,127,138,M,0.808
1,2782,libero_10_task5,libero_10,5,78d039374f76fe97,82782,22,0.01,7002782,False,1,1,1,0,151,167,M,0.8
1,2784,libero_spatial_task1,libero_spatial,1,86c8663c9d81e6a6,82784,24,0.01,7002784,False,1,1,1,0,112,108,M,0.8
1,2785,libero_goal_task2,libero_goal,2,da3f02d7a5b27646,82785,25,0.01,7002785,False,1,1,1,0,86,81,M,0.8
1,2786,libero_object_task9,libero_object,9,05e2ca10b6d6c0ec,82786,26,0.01,7002786,False,1,1,1,0,126,113,M,0.8
1,2787,libero_object_task0,libero_object,0,72a60132ff0e4988,82787,27,0.01,7002787,False,1,1,1,0,145,128,M,0.804
1,2788,libero_goal_task8,libero_goal,8,aa98024d725b76af,82788,28,0.01,7002788,False,1,1,1,0,76,78,M,0.8
1,2789,libero_spatial_task2,libero_spatial,2,41612bb52b246822,92789,29,0.01,8002789,True,1,1,1,0,94,97,M,0.8
1,2790,libero_goal_task8,libero_goal,8,510ef87b25f8a0c3,82790,30,0.01,7002790,False,1,1,1,0,76,75,M,0.8
1,2791,libero_10_task5,libero_10,5,f1a8c99856e12e19,82791,31,0.01,7002791,False,1,1,1,0,157,184,M,0.8
1,2792,libero_goal_task8,libero_goal,8,9b27cc88f181f383,82792,32,0.01,7002792,False,1,1,1,0,75,75,M,0.8
1,2793,libero_goal_task9,libero_goal,9,3c9ea1f48a1946f3,82793,33,0.01,7002793,False,1,1,1,0,126,123,M,0.8
1,2796,libero_goal_task9,libero_goal,9,5dd74405124cd6e7,82796,36,0.01,7002796,False,1,1,1,0,122,159,M,0.8
1,2797,libero_object_task7,libero_object,7,aed4f9cc6e26b2e5,82797,37,0.01,7002797,False,1,1,1,0,128,132,M,0.804
1,2798,libero_object_task5,libero_object,5,c44bd83a788fe039,82798,38,0.01,7002798,False,1,1,1,0,125,126,M,0.8
1,2799,libero_goal_task7,libero_goal,7,339512f9c906082a,82799,39,0.01,7002799,False,1,1,1,0,65,76,M,0.8
1,2804,libero_object_task4,libero_object,4,2561073be7eaa5ac,82804,4,0.01,7002804,False,1,1,1,0,137,133,M,0.8
1,2807,libero_goal_task9,libero_goal,9,20005cf5b44293a0,82807,7,0.01,7002807,False,1,1,1,0,124,135,M,0.8
1,2809,libero_spatial_task6,libero_spatial,6,590aebc131c212dd,92809,9,0.01,8002809,True,1,1,1,0,98,98,M,0.8
1,2810,libero_goal_task1,libero_goal,1,9254a9b69a40ff39,82810,10,0.01,7002810,False,1,1,1,0,84,82,M,0.8
1,2811,libero_goal_task2,libero_goal,2,7aa8a744d6b90e53,82811,11,0.01,7002811,False,1,1,1,0,84,91,M,0.8
1,2812,libero_object_task9,libero_object,9,8bd6cc34341674f1,82812,12,0.01,7002812,False,1,1,1,0,127,122,M,0.8
1,2816,libero_goal_task8,libero_goal,8,264802e4f0c9136d,82816,16,0.01,7002816,False,1,1,1,0,76,74,M,0.8
1,2817,libero_goal_task1,libero_goal,1,532f692dbddf3eb5,82817,17,0.01,7002817,False,1,1,1,0,82,81,M,0.8
1,2818,libero_goal_task7,libero_goal,7,b025673ad68ba187,82818,18,0.01,7002818,False,1,1,1,0,69,68,M,0.8
1,2820,libero_object_task0,libero_object,0,dea740bc4d596b22,82820,20,0.01,7002820,False,1,1,1,0,129,142,M,0.8
1,2824,libero_spatial_task6,libero_spatial,6,c46d0110ddca8453,92824,24,0.01,8002824,True,1,1,1,0,98,99,M,0.8
1,2827,libero_10_task5,libero_10,5,2fe02ea2ef2dd140,82827,27,0.01,7002827,False,1,1,1,0,164,258,M,0.8
1,2828,libero_object_task5,libero_object,5,83e69b022b8949bd,82828,28,0.01,7002828,False,0,0,0,0,280,280,M,0.816
1,2830,libero_object_task0,libero_object,0,bd06eebbc3aba306,82830,30,0.01,7002830,False,1,1,1,0,129,142,M,0.8
1,2834,libero_object_task2,libero_object,2,88d02f0fc8da70e6,82834,34,0.01,7002834,False,1,1,1,0,108,110,M,0.8
1,2835,libero_goal_task9,libero_goal,9,b30fe2df13ddaca7,82835,35,0.01,7002835,False,1,1,1,0,123,129,M,0.8
1,2837,libero_object_task0,libero_object,0,767b725c9a695f27,82837,37,0.01,7002837,False,0,0,1,-1,280,137,M,0.816
1,2839,libero_goal_task9,libero_goal,9,1a84a55774f75377,82839,39,0.01,7002839,False,1,1,1,0,131,141,M,0.8
1,2841,libero_goal_task7,libero_goal,7,9a9f85b8985e8b63,82841,1,0.01,7002841,False,1,1,1,0,73,72,M,0.8
1,2842,libero_object_task3,libero_object,3,dc8f17d33dfd3b66,82842,2,0.01,7002842,False,1,1,1,0,132,127,M,0.8
1,2843,libero_spatial_task1,libero_spatial,1,9c1a685281528740,82843,3,0.01,7002843,False,1,1,1,0,121,100,M,0.8
1,2844,libero_goal_task9,libero_goal,9,beddf2b5f1bfcb33,82844,4,0.01,7002844,False,1,1,1,0,125,135,M,0.8
1,2845,libero_goal_task1,libero_goal,1,6542881553e34a39,82845,5,0.01,7002845,False,1,1,1,0,88,90,M,0.8
1,2847,libero_10_task5,libero_10,5,3aece490c2a18bf9,82847,7,0.01,7002847,False,1,1,1,0,146,165,M,0.8
1,2853,libero_goal_task8,libero_goal,8,8ee705ef4daa041a,82853,13,0.01,7002853,False,1,1,1,0,77,77,M,0.8
1,2854,libero_goal_task4,libero_goal,4,b1417dd3e538da8d,82854,14,0.01,7002854,False,1,1,1,0,82,88,M,0.8
1,2855,libero_object_task4,libero_object,4,c8067f7b80eabc16,82855,15,0.01,7002855,False,1,1,1,0,132,150,M,0.8
1,2857,libero_10_task5,libero_10,5,d2261cd1ae4c9f6a,82857,17,0.01,7002857,False,1,1,1,0,149,181,M,0.8
1,2859,libero_goal_task7,libero_goal,7,078b0910ef45555f,82859,19,0.01,7002859,False,1,1,1,0,72,75,M,0.8
1,2861,libero_goal_task8,libero_goal,8,9cc58a400308b723,82861,21,0.01,7002861,False,1,1,1,0,74,78,M,0.8
1,2862,libero_object_task9,libero_object,9,e38fedcd3a9f0956,82862,22,0.01,7002862,False,0,0,1,-1,280,136,M,0.816
1,2863,libero_object_task4,libero_object,4,eca7f7ec868cd642,82863,23,0.01,7002863,False,1,1,1,0,129,140,M,0.8
1,2864,libero_object_task7,libero_object,7,92066d7c568bf872,82864,24,0.01,7002864,False,1,1,0,1,125,280,M,0.8
1,2866,libero_spatial_task1,libero_spatial,1,af2b10b3439aa5b8,82866,26,0.01,7002866,False,1,1,1,0,100,105,M,0.8
1,2867,libero_object_task9,libero_object,9,1415ae4cda02a1a9,82867,27,0.01,7002867,False,1,1,1,0,125,132,M,0.812
1,2869,libero_goal_task8,libero_goal,8,91e014c76c13d232,82869,29,0.01,7002869,False,1,1,1,0,79,79,M,0.8
1,2870,libero_goal_task9,libero_goal,9,e67bc0e8eecd3018,82870,30,0.01,7002870,False,1,1,1,0,118,122,M,0.8
1,2871,libero_object_task2,libero_object,2,cf3c76b37836b359,82871,31,0.01,7002871,False,1,1,1,0,123,117,M,0.8
1,2872,libero_object_task7,libero_object,7,d00cbdd7ee50ff61,82872,32,0.01,7002872,False,1,1,1,0,118,125,M,0.8
1,2873,libero_object_task4,libero_object,4,ebb2a591cefe0ca9,82873,33,0.01,7002873,False,1,1,1,0,132,142,M,0.8
1,2874,libero_goal_task2,libero_goal,2,b0d82fdb27d240b8,82874,34,0.01,7002874,False,1,1,1,0,97,96,M,0.8
1,2875,libero_object_task4,libero_object,4,cc72401722172fdc,82875,35,0.01,7002875,False,1,1,1,0,131,143,M,0.8
1,2876,libero_object_task9,libero_object,9,3cfaa51f08a86a07,82876,36,0.01,7002876,False,1,1,1,0,129,122,M,0.808
1,2877,libero_object_task9,libero_object,9,9b3679ed39364f31,82877,37,0.01,7002877,False,1,1,1,0,136,116,M,0.804
1,2883,libero_object_task7,libero_object,7,d77f0e51b89feb48,82883,3,0.01,7002883,False,1,1,1,0,126,129,M,0.8
1,2885,libero_object_task2,libero_object,2,527596c775786744,82885,5,0.01,7002885,False,1,1,1,0,111,125,M,0.8
1,2887,libero_spatial_task6,libero_spatial,6,e9a8132f61f41fad,92887,7,0.01,8002887,True,1,1,1,0,94,103,M,0.8
1,2888,libero_goal_task4,libero_goal,4,9e1b64999955d345,82888,8,0.01,7002888,False,1,1,1,0,81,85,M,0.8
1,2889,libero_object_task3,libero_object,3,658398315513268c,82889,9,0.01,7002889,False,1,1,1,0,126,131,M,0.8
1,2891,libero_goal_task1,libero_goal,1,2947625f531fd7b0,82891,11,0.01,7002891,False,1,1,1,0,84,87,M,0.8
1,2896,libero_goal_task2,libero_goal,2,e2afc9449c9b37b8,82896,16,0.01,7002896,False,1,1,1,0,94,92,M,0.8
1,2898,libero_goal_task9,libero_goal,9,e8860bce54875264,82898,18,0.01,7002898,False,1,1,1,0,120,124,M,0.8
1,2901,libero_object_task5,libero_object,5,839e0044c4548923,82901,21,0.01,7002901,False,1,1,1,0,123,127,M,0.812
1,2902,libero_goal_task7,libero_goal,7,85d68296055361bc,82902,22,0.01,7002902,False,1,1,1,0,64,73,M,0.8
1,2903,libero_object_task3,libero_object,3,66506f2131fd4590,82903,23,0.01,7002903,False,1,1,1,0,134,166,M,0.8
1,2908,libero_goal_task2,libero_goal,2,92a70a7a6914b0a7,82908,28,0.01,7002908,False,1,1,1,0,98,98,M,0.8
1,2911,libero_spatial_task1,libero_spatial,1,7605815fecef70e1,82911,31,0.01,7002911,False,1,1,1,0,137,102,M,0.8
1,2912,libero_10_task5,libero_10,5,ec66b164d58934bf,82912,32,0.01,7002912,False,1,1,1,0,163,244,M,0.8
1,2913,libero_object_task5,libero_object,5,202d868768f19045,82913,33,0.01,7002913,False,1,1,1,0,125,171,M,0.808
1,2915,libero_object_task2,libero_object,2,b23b2b0e530be346,82915,35,0.01,7002915,False,1,1,1,0,119,120,M,0.8
1,2916,libero_object_task7,libero_object,7,7ea1710d655b9732,82916,36,0.01,7002916,False,1,1,1,0,123,121,M,0.8
1,2917,libero_object_task2,libero_object,2,f637c7922b07defc,82917,37,0.01,7002917,False,1,1,1,0,114,118,M,0.8
1,2920,libero_goal_task8,libero_goal,8,a6534e02b7f1e496,82920,0,0.01,7002920,False,1,1,1,0,76,74,M,0.8
1,2922,libero_10_task5,libero_10,5,e9d8ad0a1f677649,82922,2,0.01,7002922,False,1,1,1,0,152,143,M,0.8
1,2924,libero_object_task4,libero_object,4,b574fe74af9693b1,82924,4,0.01,7002924,False,1,1,1,0,135,134,M,0.8
1,2927,libero_spatial_task6,libero_spatial,6,dafeb00df7aa51c7,92927,7,0.01,8002927,True,1,1,1,0,99,108,M,0.8
1,2931,libero_10_task5,libero_10,5,ded84a7275ff3dfe,82931,11,0.01,7002931,False,1,1,1,0,152,212,M,0.8
1,2933,libero_object_task7,libero_object,7,2ff2d818f6fa1d10,82933,13,0.01,7002933,False,1,1,1,0,124,138,M,0.8
1,2936,libero_object_task4,libero_object,4,c74df59f2c1e97b4,82936,16,0.01,7002936,False,1,1,1,0,134,142,M,0.8
1,2937,libero_object_task4,libero_object,4,2c22b36330dd07ad,82937,17,0.01,7002937,False,1,1,1,0,133,146,M,0.8
1,2939,libero_object_task9,libero_object,9,a917ce3d1efed17b,82939,19,0.01,7002939,False,1,1,1,0,121,156,M,0.8
1,2940,libero_goal_task2,libero_goal,2,2caba7d94b66be5f,82940,20,0.01,7002940,False,1,1,1,0,96,86,M,0.8
1,2941,libero_spatial_task1,libero_spatial,1,fdccd29d198630b7,82941,21,0.01,7002941,False,1,1,1,0,108,108,M,0.8
1,2942,libero_object_task0,libero_object,0,4063d15a02cb0ea4,82942,22,0.01,7002942,False,1,1,1,0,135,137,M,0.812
1,2943,libero_goal_task4,libero_goal,4,e7e72ae89225cbc6,82943,23,0.01,7002943,False,1,1,1,0,80,85,M,0.8
1,2944,libero_goal_task2,libero_goal,2,4817996dad7cbb5a,82944,24,0.01,7002944,False,1,1,1,0,78,102,M,0.8
1,2946,libero_goal_task2,libero_goal,2,2a0b87e0466eb3b2,82946,26,0.01,7002946,False,1,1,1,0,99,87,M,0.8
1,2947,libero_goal_task8,libero_goal,8,c3c2ca9fd243ad54,82947,27,0.01,7002947,False,1,1,1,0,74,72,M,0.8
1,2949,libero_object_task2,libero_object,2,f2d07602109f0f1f,82949,29,0.01,7002949,False,1,1,1,0,112,120,M,0.8
1,2951,libero_goal_task4,libero_goal,4,a1afcf200d8defe8,82951,31,0.01,7002951,False,1,1,1,0,78,86,M,0.8
1,2952,libero_goal_task7,libero_goal,7,bd909049d56eb76d,82952,32,0.01,7002952,False,1,1,1,0,70,73,M,0.8
1,2953,libero_goal_task1,libero_goal,1,a25a64549b322c53,82953,33,0.01,7002953,False,1,1,1,0,85,90,M,0.8
1,2954,libero_object_task0,libero_object,0,ccaeae602705c29c,82954,34,0.01,7002954,False,1,1,1,0,127,137,M,0.808
1,2956,libero_goal_task8,libero_goal,8,134678e3267cd1dd,82956,36,0.01,7002956,False,1,1,1,0,70,72,M,0.8
1,2959,libero_goal_task4,libero_goal,4,4d802ddb3a4d939a,82959,39,0.01,7002959,False,1,1,1,0,85,83,M,0.8
1,2961,libero_object_task0,libero_object,0,7130113d1f5fbc0b,82961,1,0.01,7002961,False,1,1,1,0,132,140,M,0.804
1,2962,libero_goal_task4,libero_goal,4,7fac9c1848a6c154,82962,2,0.01,7002962,False,1,1,1,0,79,85,M,0.8
1,2963,libero_object_task5,libero_object,5,f2391eecd068494a,82963,3,0.01,7002963,False,1,1,1,0,122,128,M,0.804
1,2964,libero_goal_task2,libero_goal,2,3e2348ede2d3abfc,82964,4,0.01,7002964,False,1,1,1,0,86,92,M,0.8
1,2966,libero_object_task7,libero_object,7,dc6ad2b223777304,82966,6,0.01,7002966,False,1,1,1,0,126,172,M,0.8
1,2968,libero_goal_task2,libero_goal,2,c5515ba520d7653b,82968,8,0.01,7002968,False,1,1,1,0,94,92,M,0.8
1,2969,libero_goal_task9,libero_goal,9,0c30fb8ca917ad83,82969,9,0.01,7002969,False,1,1,1,0,145,118,M,0.8
1,2970,libero_object_task4,libero_object,4,2af003ba249e5ecc,82970,10,0.01,7002970,False,1,1,1,0,138,138,M,0.8
1,2971,libero_goal_task2,libero_goal,2,959bf74b01db0097,82971,11,0.01,7002971,False,1,1,1,0,82,87,M,0.8
1,2973,libero_object_task0,libero_object,0,c9e1ebed66e2a679,82973,13,0.01,7002973,False,1,1,1,0,189,131,M,0.8
1,2974,libero_goal_task9,libero_goal,9,5609ab075fa44456,82974,14,0.01,7002974,False,1,1,1,0,126,149,M,0.8
1,2975,libero_goal_task1,libero_goal,1,d4fbc8adb172a37e,82975,15,0.01,7002975,False,1,1,1,0,82,90,M,0.8
1,2977,libero_goal_task8,libero_goal,8,003dff0bb7a4a684,82977,17,0.01,7002977,False,1,1,1,0,76,72,M,0.8
1,2979,libero_goal_task7,libero_goal,7,b08bd6a985518f12,82979,19,0.01,7002979,False,1,1,1,0,91,75,M,0.8
1,2980,libero_goal_task2,libero_goal,2,315aa6c7da31810c,82980,20,0.01,7002980,False,1,1,1,0,96,85,M,0.8
1,2982,libero_goal_task1,libero_goal,1,43e6f82aea6a8778,82982,22,0.01,7002982,False,1,1,1,0,83,90,M,0.8
1,2983,libero_object_task5,libero_object,5,d60539376f454d5d,82983,23,0.01,7002983,False,1,1,1,0,119,128,M,0.8
1,2985,libero_object_task7,libero_object,7,8331d42122fb0fcf,82985,25,0.01,7002985,False,1,1,1,0,125,125,M,0.8
1,2986,libero_goal_task8,libero_goal,8,54c7db097baa73d1,82986,26,0.01,7002986,False,1,1,1,0,78,76,M,0.8
1,2987,libero_spatial_task6,libero_spatial,6,9e75a19b11a77348,92987,27,0.01,8002987,True,0,0,1,-1,220,110,M,0.816
1,2988,libero_goal_task7,libero_goal,7,1208a4471b34b073,82988,28,0.01,7002988,False,1,1,1,0,70,71,M,0.8
1,2990,libero_object_task2,libero_object,2,9a42b1dce08a9a09,82990,30,0.01,7002990,False,1,1,1,0,106,112,M,0.8
1,2991,libero_spatial_task1,libero_spatial,1,f026000648cb84e1,82991,31,0.01,7002991,False,1,1,1,0,117,99,M,0.8
1,2993,libero_object_task2,libero_object,2,5971ae29f3c5ed0d,82993,33,0.01,7002993,False,1,1,1,0,117,118,M,0.8
1,2994,libero_goal_task1,libero_goal,1,8a8aedee1030e34a,82994,34,0.01,7002994,False,1,1,1,0,81,92,M,0.8
1,2995,libero_object_task5,libero_object,5,7aa8a14bd362aba4,82995,35,0.01,7002995,False,1,1,1,0,120,128,M,0.8
1,2998,libero_spatial_task1,libero_spatial,1,ffb93dc91eb5b812,82998,38,0.01,7002998,False,0,0,1,-1,220,108,M,0.816
1,2999,libero_object_task2,libero_object,2,45096b7e0a1b1404,82999,39,0.01,7002999,False,1,1,1,0,117,120,M,0.8
1,3000,libero_object_task9,libero_object,9,10ad65d5ff05048d,83000,0,0.01,7003000,False,1,1,1,0,112,116,M,0.8
1,3001,libero_goal_task4,libero_goal,4,552e238cec8a7b4d,83001,1,0.01,7003001,False,1,1,1,0,80,89,M,0.8
1,3002,libero_object_task4,libero_object,4,2e51362b49bbbaad,83002,2,0.01,7003002,False,1,1,1,0,129,134,M,0.8
1,3006,libero_goal_task4,libero_goal,4,4e4cbd47d8e57b00,83006,6,0.01,7003006,False,1,1,0,1,86,300,M,0.8
1,3009,libero_object_task7,libero_object,7,5671392222155610,83009,9,0.01,7003009,False,1,1,1,0,116,132,M,0.8
1,3012,libero_goal_task2,libero_goal,2,368fb80b0d7c05b6,83012,12,0.01,7003012,False,1,1,1,0,88,96,M,0.8
1,3013,libero_goal_task4,libero_goal,4,84c369108ef209d7,83013,13,0.01,7003013,False,1,1,1,0,82,85,M,0.8
1,3015,libero_goal_task8,libero_goal,8,d2b01f1e831bf606,83015,15,0.01,7003015,False,1,1,1,0,75,77,M,0.8
1,3016,libero_object_task4,libero_object,4,b29ef0de4ad8c5b2,83016,16,0.01,7003016,False,1,1,1,0,132,135,M,0.8
1,3019,libero_object_task2,libero_object,2,9f3fb077c046f84f,83019,19,0.01,7003019,False,1,1,1,0,118,116,M,0.8
1,3020,libero_goal_task4,libero_goal,4,c0939fe7e787ed4b,83020,20,0.01,7003020,False,1,1,1,0,78,81,M,0.8
1,3021,libero_object_task5,libero_object,5,fd0f0eb08cf301bd,83021,21,0.01,7003021,False,1,1,1,0,125,130,M,0.8
1,3024,libero_goal_task9,libero_goal,9,0b7a394f88f9bf24,83024,24,0.01,7003024,False,1,1,1,0,162,150,M,0.8
1,3027,libero_object_task9,libero_object,9,619284ebbe5530c7,83027,27,0.01,7003027,False,1,1,1,0,123,119,M,0.8
1,3030,libero_10_task5,libero_10,5,9877e84a16286484,83030,30,0.01,7003030,False,1,1,1,0,161,172,M,0.8
1,3031,libero_spatial_task1,libero_spatial,1,fcb30fc2ed077a91,83031,31,0.01,7003031,False,1,1,1,0,122,104,M,0.812
1,3035,libero_object_task0,libero_object,0,c4269c1619eebe0a,83035,35,0.01,7003035,False,1,1,1,0,129,161,M,0.8
1,3036,libero_goal_task9,libero_goal,9,71ef856782ca2ba8,83036,36,0.01,7003036,False,0,0,1,-1,300,136,M,0.816
1,3037,libero_spatial_task2,libero_spatial,2,8caf4e4311f6a848,93037,37,0.01,8003037,True,1,1,1,0,96,96,M,0.8
1,3038,libero_object_task9,libero_object,9,2b807a07893463ca,83038,38,0.01,7003038,False,1,1,1,0,112,118,M,0.8
1,3040,libero_object_task9,libero_object,9,9bebe725402493b0,83040,0,0.01,7003040,False,1,1,1,0,117,118,M,0.8
1,3041,libero_object_task5,libero_object,5,4e1650cb35372805,83041,1,0.01,7003041,False,1,1,1,0,116,123,M,0.8
1,3044,libero_10_task5,libero_10,5,276fbe20657b6269,83044,4,0.01,7003044,False,1,1,1,0,148,167,M,0.8
1,3045,libero_goal_task2,libero_goal,2,8e4c73a90a131240,83045,5,0.01,7003045,False,1,1,1,0,92,90,M,0.8
1,3046,libero_spatial_task6,libero_spatial,6,70996d10950936bf,93046,6,0.01,8003046,True,1,1,1,0,105,109,M,0.812
1,3047,libero_object_task0,libero_object,0,41947194d14d3e05,83047,7,0.01,7003047,False,1,1,1,0,130,137,M,0.8
1,3048,libero_object_task0,libero_object,0,a19f7c0ad8ee4d0d,83048,8,0.01,7003048,False,1,1,1,0,136,144,M,0.8
1,3050,libero_object_task4,libero_object,4,0bed07c9cbb223ad,83050,10,0.01,7003050,False,0,0,1,-1,280,139,M,0.816
1,3051,libero_object_task2,libero_object,2,ede7be7fe14f7e9b,83051,11,0.01,7003051,False,1,1,1,0,111,116,M,0.8
1,3052,libero_10_task5,libero_10,5,f1d629f2d47e8c30,83052,12,0.01,7003052,False,1,1,1,0,149,147,M,0.8
1,3053,libero_object_task2,libero_object,2,268e74c555726307,83053,13,0.01,7003053,False,1,1,1,0,112,121,M,0.8
1,3054,libero_goal_task4,libero_goal,4,4d27c8e78c9e2966,83054,14,0.01,7003054,False,1,1,1,0,84,84,M,0.8
1,3055,libero_object_task3,libero_object,3,dd29fbb7da78fc00,83055,15,0.01,7003055,False,1,1,0,1,115,280,M,0.8
1,3056,libero_object_task9,libero_object,9,545d8751c295b3e8,83056,16,0.01,7003056,False,1,1,1,0,129,121,M,0.8
1,3057,libero_10_task5,libero_10,5,f2c0f16b29c70ffe,83057,17,0.01,7003057,False,1,1,1,0,155,166,M,0.8
1,3059,libero_goal_task9,libero_goal,9,1e74ba4635ab8925,83059,19,0.01,7003059,False,1,1,1,0,147,141,M,0.812
1,3062,libero_goal_task4,libero_goal,4,2267974016bb14d5,83062,22,0.01,7003062,False,1,1,0,1,82,300,M,0.8
1,3063,libero_object_task9,libero_object,9,301ca5841d7d32eb,83063,23,0.01,7003063,False,1,1,1,0,110,118,M,0.8
1,3068,libero_10_task5,libero_10,5,a20225cb18b654f5,83068,28,0.01,7003068,False,1,1,1,0,154,171,M,0.8
1,3072,libero_object_task3,libero_object,3,eff56fc05f3d099e,83072,32,0.01,7003072,False,1,1,1,0,127,126,M,0.8
1,3073,libero_goal_task8,libero_goal,8,a367c0b9cc770f0e,83073,33,0.01,7003073,False,1,1,1,0,77,78,M,0.8
1,3074,libero_goal_task7,libero_goal,7,539e4c69840b7143,83074,34,0.01,7003074,False,1,1,1,0,69,70,M,0.8
1,3075,libero_goal_task1,libero_goal,1,cc69f28437a3ff73,83075,35,0.01,7003075,False,1,1,1,0,77,83,M,0.8
1,3078,libero_goal_task7,libero_goal,7,630c07754a59e35c,83078,38,0.01,7003078,False,1,1,1,0,227,70,M,0.8
1,3079,libero_goal_task1,libero_goal,1,118ed1046a625ec8,83079,39,0.01,7003079,False,0,0,1,-1,300,93,M,0.816
1,3084,libero_spatial_task1,libero_spatial,1,f124968abfce50e8,83084,4,0.01,7003084,False,1,1,1,0,106,112,M,0.808
1,3087,libero_object_task9,libero_object,9,7002ad5f92dc9328,83087,7,0.01,7003087,False,1,1,1,0,126,121,M,0.8
1,3088,libero_goal_task8,libero_goal,8,d129f9b1b99d847d,83088,8,0.01,7003088,False,1,1,1,0,74,72,M,0.8
1,3091,libero_goal_task1,libero_goal,1,ea8f4a0bf05dada9,83091,11,0.01,7003091,False,1,1,1,0,85,85,M,0.812
1,3095,libero_goal_task2,libero_goal,2,a21880d10245d894,83095,15,0.01,7003095,False,1,1,1,0,94,93,M,0.8
1,3096,libero_goal_task8,libero_goal,8,010691a0d58d15c1,83096,16,0.01,7003096,False,1,1,1,0,78,71,M,0.8
1,3098,libero_goal_task8,libero_goal,8,bb3ef677ef48b231,83098,18,0.01,7003098,False,1,1,1,0,76,75,M,0.8
1,3100,libero_object_task2,libero_object,2,fc823f6bb9d477ba,83100,20,0.01,7003100,False,1,1,1,0,120,115,M,0.8
1,3102,libero_object_task7,libero_object,7,d480869ce9ef6751,83102,22,0.01,7003102,False,1,1,1,0,115,122,M,0.8
1,3105,libero_object_task7,libero_object,7,55a62b1141d3466f,83105,25,0.01,7003105,False,1,1,1,0,132,122,M,0.8
1,3106,libero_object_task4,libero_object,4,a0b30f1d142b2a81,83106,26,0.01,7003106,False,1,1,1,0,134,142,M,0.812
1,3108,libero_object_task2,libero_object,2,7a44424a2ea81322,83108,28,0.01,7003108,False,1,1,1,0,117,121,M,0.8
1,3110,libero_object_task5,libero_object,5,19ae9e05c25a6569,83110,30,0.01,7003110,False,1,1,1,0,120,128,M,0.8
1,3112,libero_object_task9,libero_object,9,2707f1d96ae5cfd7,83112,32,0.01,7003112,False,1,1,1,0,117,117,M,0.8
1,3115,libero_object_task5,libero_object,5,7094218d0460f893,83115,35,0.01,7003115,False,1,1,1,0,121,122,M,0.8
1,3117,libero_goal_task8,libero_goal,8,8d241f220acffea1,83117,37,0.01,7003117,False,1,1,1,0,76,79,M,0.8
1,3118,libero_10_task5,libero_10,5,32d6832f7e4ae670,83118,38,0.01,7003118,False,1,1,1,0,164,182,M,0.8
1,3119,libero_object_task9,libero_object,9,961c43e7aba50ae9,83119,39,0.01,7003119,False,1,1,1,0,109,114,M,0.8
1,3120,libero_object_task7,libero_object,7,e1de6ff3b8f4dcf3,83120,0,0.01,7003120,False,1,1,1,0,121,125,M,0.8
1,3121,libero_goal_task7,libero_goal,7,c9f2f8a11b991837,83121,1,0.01,7003121,False,1,1,1,0,69,74,M,0.8
1,3122,libero_object_task7,libero_object,7,29526a554bea7ae4,83122,2,0.01,7003122,False,1,1,0,1,133,280,M,0.8
1,3124,libero_object_task2,libero_object,2,00412dfd31b16724,83124,4,0.01,7003124,False,1,1,1,0,115,111,M,0.8
1,3125,libero_object_task4,libero_object,4,24a8e3edb984e89d,83125,5,0.01,7003125,False,1,1,1,0,130,136,M,0.808
1,3126,libero_object_task0,libero_object,0,ffb48314902d0926,83126,6,0.01,7003126,False,1,1,1,0,267,137,M,0.8
1,3128,libero_goal_task2,libero_goal,2,d2c69b60033509f4,83128,8,0.01,7003128,False,1,1,1,0,95,97,M,0.8
1,3134,libero_goal_task1,libero_goal,1,8889db2b4696d2f5,83134,14,0.01,7003134,False,1,1,1,0,78,79,M,0.808
1,3135,libero_object_task7,libero_object,7,3b10091fd06209b4,83135,15,0.01,7003135,False,1,1,1,0,118,117,M,0.8
1,3137,libero_goal_task4,libero_goal,4,3be13caf89a83920,83137,17,0.01,7003137,False,1,1,1,0,81,87,M,0.8
1,3141,libero_10_task5,libero_10,5,1611b8210bd5fd02,83141,21,0.01,7003141,False,1,1,1,0,156,167,M,0.8
1,3142,libero_goal_task9,libero_goal,9,b203613a6c639e59,83142,22,0.01,7003142,False,1,1,1,0,115,135,M,0.808
1,3145,libero_object_task2,libero_object,2,80c5bf4a7d034607,83145,25,0.01,7003145,False,1,1,1,0,119,123,M,0.8
1,3146,libero_goal_task2,libero_goal,2,8908bd37a0c11444,83146,26,0.01,7003146,False,1,1,1,0,102,88,M,0.8
1,3147,libero_object_task0,libero_object,0,ed9e7bc036861562,83147,27,0.01,7003147,False,1,1,1,0,120,122,M,0.8
1,3150,libero_object_task0,libero_object,0,8017fd696ef49a17,83150,30,0.01,7003150,False,1,1,1,0,121,132,M,0.8
1,3153,libero_object_task3,libero_object,3,4cc8f17f4fc058dd,83153,33,0.01,7003153,False,1,1,0,1,118,280,M,0.8
1,3154,libero_object_task9,libero_object,9,2f27fc3570351605,83154,34,0.01,7003154,False,1,1,1,0,121,115,M,0.8
1,3155,libero_goal_task1,libero_goal,1,3eaac2520893ec37,83155,35,0.01,7003155,False,1,1,1,0,76,80,M,0.804
1,3156,libero_goal_task8,libero_goal,8,cae189759cd91bdd,83156,36,0.01,7003156,False,1,1,1,0,73,76,M,0.8
1,3157,libero_object_task5,libero_object,5,256b10b5424eb5b6,83157,37,0.01,7003157,False,1,1,1,0,125,123,M,0.8
1,3159,libero_goal_task9,libero_goal,9,88e9880010c5b892,83159,39,0.01,7003159,False,1,1,1,0,124,119,M,0.804
1,3160,libero_goal_task2,libero_goal,2,1c7025c6c1b82998,83160,0,0.01,7003160,False,1,1,1,0,85,78,M,0.8
1,3166,libero_goal_task2,libero_goal,2,89d51498a02f0250,83166,6,0.01,7003166,False,1,1,1,0,84,97,M,0.8
1,3167,libero_object_task3,libero_object,3,ec4d895596b3be1e,83167,7,0.01,7003167,False,1,1,1,0,114,118,M,0.8
1,3168,libero_10_task5,libero_10,5,1fb4f03f4d17803f,83168,8,0.01,7003168,False,1,1,1,0,146,142,M,0.8
1,3169,libero_object_task4,libero_object,4,1dd08b3a1517fd94,83169,9,0.01,7003169,False,1,1,1,0,135,138,M,0.804
1,3171,libero_object_task9,libero_object,9,c63102d9bc76b4b1,83171,11,0.01,7003171,False,1,1,1,0,120,132,M,0.8
1,3173,libero_object_task9,libero_object,9,f5d5e56f46ab76fd,83173,13,0.01,7003173,False,0,0,1,-1,280,129,M,0.816
1,3174,libero_spatial_task2,libero_spatial,2,71e7eadd350ac024,93174,14,0.01,8003174,True,1,1,1,0,95,93,M,0.8
1,3175,libero_object_task4,libero_object,4,dc6852cb442ca575,83175,15,0.01,7003175,False,1,1,1,0,135,144,M,0.8
1,3177,libero_goal_task2,libero_goal,2,d12254446c631418,83177,17,0.01,7003177,False,1,1,1,0,94,91,M,0.8
1,3178,libero_goal_task2,libero_goal,2,c62e1bd3ea7ef1cb,83178,18,0.01,7003178,False,1,1,1,0,96,96,M,0.8
1,3180,libero_goal_task8,libero_goal,8,dfbf4aed023e1db4,83180,20,0.01,7003180,False,1,1,1,0,73,81,M,0.8
1,3181,libero_object_task2,libero_object,2,b3608afaa8ddad8a,83181,21,0.01,7003181,False,1,1,1,0,110,119,M,0.8
1,3183,libero_object_task3,libero_object,3,bce9f4fc26fbaa5e,83183,23,0.01,7003183,False,1,1,1,0,119,154,M,0.8
1,3186,libero_spatial_task1,libero_spatial,1,219d1f77f54faa96,83186,26,0.01,7003186,False,1,1,1,0,101,113,M,0.804
1,3191,libero_goal_task8,libero_goal,8,a08ee99cd4c5e6f3,83191,31,0.01,7003191,False,1,1,1,0,78,81,M,0.8
1,3192,libero_object_task4,libero_object,4,9341e938530e912a,83192,32,0.01,7003192,False,1,1,1,0,135,141,M,0.8
1,3195,libero_object_task3,libero_object,3,7aac575894bdc399,83195,35,0.01,7003195,False,1,1,1,0,123,118,M,0.8
1,3197,libero_object_task4,libero_object,4,52ae9106e420e3b4,83197,37,0.01,7003197,False,1,1,1,0,135,142,M,0.8
1,3198,libero_goal_task1,libero_goal,1,7b3490184a7c72c9,83198,38,0.01,7003198,False,1,1,1,0,83,94,M,0.8
1,3199,libero_spatial_task2,libero_spatial,2,a432f081b4eb1056,93199,39,0.01,8003199,True,1,1,1,0,93,92,M,0.8
1,3200,libero_goal_task2,libero_goal,2,aa0b2706c40e776e,83200,0,0.01,7003200,False,1,1,1,0,79,81,M,0.8
1,3201,libero_object_task4,libero_object,4,6ced4ec5bf354504,83201,1,0.01,7003201,False,1,1,1,0,129,137,M,0.8
1,3204,libero_goal_task2,libero_goal,2,cb475a549bb5de76,83204,4,0.01,7003204,False,1,1,1,0,86,83,M,0.8
1,3205,libero_object_task4,libero_object,4,f1275fed78e27f4b,83205,5,0.01,7003205,False,1,1,1,0,128,136,M,0.8
1,3206,libero_goal_task4,libero_goal,4,ff77135690c66e82,83206,6,0.01,7003206,False,1,1,1,0,82,87,M,0.8
1,3207,libero_object_task5,libero_object,5,fb434117131af500,83207,7,0.01,7003207,False,1,1,1,0,126,129,M,0.8
1,3208,libero_goal_task8,libero_goal,8,d6db58124e9d9ef3,83208,8,0.01,7003208,False,1,1,1,0,75,73,M,0.8
1,3209,libero_object_task2,libero_object,2,03ff127bab499c28,83209,9,0.01,7003209,False,1,1,1,0,111,116,M,0.8
1,3212,libero_object_task7,libero_object,7,233132511fe2bbb6,83212,12,0.01,7003212,False,1,1,1,0,116,121,M,0.8
1,3215,libero_goal_task1,libero_goal,1,09627ba40f2c614d,83215,15,0.01,7003215,False,1,1,1,0,79,89,M,0.8
1,3221,libero_goal_task2,libero_goal,2,e081d3e4c25e859c,83221,21,0.01,7003221,False,1,1,1,0,87,94,M,0.8
1,3222,libero_object_task4,libero_object,4,b0c85cf4afa90d00,83222,22,0.01,7003222,False,1,1,1,0,127,130,M,0.8
1,3224,libero_object_task7,libero_object,7,91082c80f497feec,83224,24,0.01,7003224,False,1,1,1,0,130,185,M,0.8
1,3225,libero_goal_task1,libero_goal,1,79046e00f2c64e52,83225,25,0.01,7003225,False,1,1,1,0,81,91,M,0.8
1,3227,libero_goal_task4,libero_goal,4,c7c105b4032fa77d,83227,27,0.01,7003227,False,1,1,1,0,78,88,M,0.8
1,3229,libero_spatial_task2,libero_spatial,2,1a25210d223db6c6,93229,29,0.01,8003229,True,1,1,1,0,90,96,M,0.8
1,3230,libero_goal_task1,libero_goal,1,51c9dc8d1dee2b4b,83230,30,0.01,7003230,False,1,1,1,0,81,92,M,0.8
1,3231,libero_spatial_task1,libero_spatial,1,788cba34d2a32e72,83231,31,0.01,7003231,False,1,1,1,0,112,99,M,0.8
1,3233,libero_goal_task2,libero_goal,2,ca349ce471542827,83233,33,0.01,7003233,False,1,1,1,0,95,91,M,0.8
1,3234,libero_object_task3,libero_object,3,ad983612bb2b1fe1,83234,34,0.01,7003234,False,1,1,1,0,143,197,M,0.8
1,3236,libero_goal_task1,libero_goal,1,193626855112643c,83236,36,0.01,7003236,False,1,1,1,0,83,86,M,0.8
1,3237,libero_goal_task2,libero_goal,2,3568fa39aab70106,83237,37,0.01,7003237,False,1,1,1,0,92,88,M,0.8
1,3238,libero_object_task4,libero_object,4,6b2d412fe2f48421,83238,38,0.01,7003238,False,1,1,0,1,137,280,M,0.8
1,3239,libero_goal_task1,libero_goal,1,55171e39430a818d,83239,39,0.01,7003239,False,0,0,1,-1,300,95,M,0.816
1,3242,libero_10_task5,libero_10,5,0ea48c1a41335611,83242,2,0.01,7003242,False,1,1,1,0,147,149,M,0.8
1,3244,libero_goal_task9,libero_goal,9,13c0de3ecc3a8e40,83244,4,0.01,7003244,False,1,1,1,0,134,138,M,0.8
1,3245,libero_spatial_task1,libero_spatial,1,db79efcaccc2461b,83245,5,0.01,7003245,False,1,1,1,0,107,99,M,0.8
1,3246,libero_goal_task2,libero_goal,2,5ebff8fe998342ba,83246,6,0.01,7003246,False,1,1,1,0,85,93,M,0.8
1,3249,libero_goal_task8,libero_goal,8,a621fd07a97ac6b2,83249,9,0.01,7003249,False,1,1,1,0,71,72,M,0.8
1,3252,libero_object_task7,libero_object,7,24a0ba8f9e64bc2d,83252,12,0.01,7003252,False,1,1,1,0,116,120,M,0.8
1,3254,libero_goal_task4,libero_goal,4,ba6556db66538039,83254,14,0.01,7003254,False,1,1,1,0,85,90,M,0.8
1,3255,libero_object_task3,libero_object,3,bfdccb4e7de35d88,83255,15,0.01,7003255,False,1,1,1,0,121,128,M,0.8
1,3256,libero_object_task3,libero_object,3,4df8eec0bc059e7e,83256,16,0.01,7003256,False,1,1,1,0,116,114,M,0.8
1,3261,libero_object_task5,libero_object,5,13a9b12f7c18ae19,83261,21,0.01,7003261,False,1,1,1,0,117,126,M,0.8
1,3262,libero_goal_task8,libero_goal,8,ff4994dff9c27a5a,83262,22,0.01,7003262,False,1,1,1,0,72,71,M,0.8
1,3263,libero_object_task5,libero_object,5,b260bdd192ad3313,83263,23,0.01,7003263,False,1,1,1,0,123,130,M,0.8
1,3265,libero_goal_task8,libero_goal,8,71232b25c0b55e1c,83265,25,0.01,7003265,False,1,1,1,0,76,76,M,0.8
1,3266,libero_spatial_task1,libero_spatial,1,250169d188c2fa55,83266,26,0.01,7003266,False,1,1,1,0,105,104,M,0.8
1,3267,libero_object_task7,libero_object,7,9c83edfe08ba1100,83267,27,0.01,7003267,False,1,1,1,0,121,127,M,0.8
1,3268,libero_object_task0,libero_object,0,b5f65071ca7fe21b,83268,28,0.01,7003268,False,1,1,1,0,129,148,M,0.8
1,3270,libero_goal_task2,libero_goal,2,acad68778e3aa663,83270,30,0.01,7003270,False,1,1,1,0,97,87,M,0.8
1,3271,libero_object_task7,libero_object,7,15669913fdb0cd4a,83271,31,0.01,7003271,False,1,1,1,0,118,120,M,0.8
1,3273,libero_object_task0,libero_object,0,9abc68ee4e126665,83273,33,0.01,7003273,False,0,0,1,-1,280,184,M,0.816
1,3274,libero_goal_task2,libero_goal,2,e66d89871a66bf12,83274,34,0.01,7003274,False,1,1,1,0,93,90,M,0.8
1,3276,libero_object_task5,libero_object,5,b9fc4d290a0f4ba3,83276,36,0.01,7003276,False,1,1,1,0,118,119,M,0.8
1,3278,libero_goal_task7,libero_goal,7,b45ba17213bd4ec1,83278,38,0.01,7003278,False,1,1,1,0,72,76,M,0.8
1,3279,libero_object_task4,libero_object,4,82a6faaf71c0e25f,83279,39,0.01,7003279,False,1,1,1,0,134,136,M,0.8
1,3281,libero_goal_task7,libero_goal,7,ada1995e0899bc8b,83281,1,0.01,7003281,False,1,1,1,0,67,73,M,0.8
1,3284,libero_goal_task1,libero_goal,1,97d9a6fcb0ef773d,83284,4,0.01,7003284,False,1,1,1,0,79,86,M,0.812
1,3285,libero_goal_task8,libero_goal,8,8e9af1c7ffe3afc9,83285,5,0.01,7003285,False,1,1,1,0,77,79,M,0.8
1,3286,libero_object_task7,libero_object,7,f6ed767d451b4099,83286,6,0.01,7003286,False,1,1,1,0,128,138,M,0.8
1,3287,libero_goal_task2,libero_goal,2,e88cc99880c6ede5,83287,7,0.01,7003287,False,1,1,1,0,88,100,M,0.8
1,3288,libero_spatial_task1,libero_spatial,1,bbcadcba71ee54db,83288,8,0.01,7003288,False,0,0,1,-1,220,99,M,0.816
1,3289,libero_object_task4,libero_object,4,cb72bfc9df0035fb,83289,9,0.01,7003289,False,1,1,1,0,129,139,M,0.8
1,3291,libero_goal_task1,libero_goal,1,27b64f727c4ca0bf,83291,11,0.01,7003291,False,1,1,1,0,86,87,M,0.808
1,3293,libero_spatial_task1,libero_spatial,1,da099e8f195989ed,83293,13,0.01,7003293,False,1,1,1,0,110,106,M,0.812
1,3294,libero_object_task0,libero_object,0,a9301439a9cba987,83294,14,0.01,7003294,False,1,1,1,0,122,136,M,0.812
1,3295,libero_object_task5,libero_object,5,e291c5c843573da9,83295,15,0.01,7003295,False,1,1,1,0,117,193,M,0.8
1,3297,libero_spatial_task2,libero_spatial,2,cd74b06acb881af4,93297,17,0.01,8003297,True,1,1,1,0,98,100,M,0.8
1,3300,libero_goal_task1,libero_goal,1,32b88a7694a6a7ed,83300,20,0.01,7003300,False,1,1,1,0,82,84,M,0.804
1,3302,libero_goal_task2,libero_goal,2,1f9d85e5a911ab52,83302,22,0.01,7003302,False,1,1,1,0,96,93,M,0.8
1,3303,libero_object_task0,libero_object,0,a636c7663e80e59b,83303,23,0.01,7003303,False,1,1,1,0,121,136,M,0.808
1,3304,libero_spatial_task1,libero_spatial,1,572426a1a8dd6018,83304,24,0.01,7003304,False,1,1,1,0,111,109,M,0.808
1,3305,libero_goal_task4,libero_goal,4,0c9ec6a96a24d3d9,83305,25,0.01,7003305,False,1,1,1,0,84,89,M,0.8
1,3307,libero_goal_task7,libero_goal,7,21a608e6a02f42b7,83307,27,0.01,7003307,False,1,1,1,0,67,72,M,0.8
1,3309,libero_spatial_task1,libero_spatial,1,3913f3e8ae556502,83309,29,0.01,7003309,False,1,1,1,0,109,107,M,0.804
1,3310,libero_spatial_task6,libero_spatial,6,42d55c33c3a2dcd4,93310,30,0.01,8003310,True,1,1,1,0,103,107,M,0.808
1,3311,libero_spatial_task1,libero_spatial,1,7857cbb85b5f4843,83311,31,0.01,7003311,False,1,1,1,0,110,111,M,0.8
1,3312,libero_goal_task4,libero_goal,4,b5e9fe05b53ac11d,83312,32,0.01,7003312,False,1,1,1,0,78,86,M,0.8
1,3315,libero_object_task2,libero_object,2,db8b58c6608ec32b,83315,35,0.01,7003315,False,1,1,1,0,111,112,M,0.8
1,3316,libero_goal_task9,libero_goal,9,3360971828dbd858,83316,36,0.01,7003316,False,1,1,1,0,132,166,M,0.8
1,3317,libero_object_task0,libero_object,0,24ca3f0c86136a58,83317,37,0.01,7003317,False,1,1,1,0,133,136,M,0.804
1,3319,libero_goal_task1,libero_goal,1,f0ab65720d36b745,83319,39,0.01,7003319,False,0,0,1,-1,300,88,M,0.82
1,3320,libero_10_task5,libero_10,5,6ecdcb122ab07bea,83320,0,0.01,7003320,False,1,1,1,0,153,162,M,0.8
1,3321,libero_object_task5,libero_object,5,9a84e00fec7894f1,83321,1,0.01,7003321,False,1,1,1,0,121,128,M,0.8
1,3322,libero_object_task3,libero_object,3,6ae9e994350445c2,83322,2,0.01,7003322,False,1,1,1,0,122,119,M,0.8
1,3324,libero_object_task7,libero_object,7,63a6598fc67f00a6,83324,4,0.01,7003324,False,1,1,1,0,125,126,M,0.8
1,3328,libero_10_task5,libero_10,5,7b7b362fff3c9ce7,83328,8,0.01,7003328,False,1,1,1,0,142,149,M,0.8
1,3331,libero_spatial_task2,libero_spatial,2,6ed1db20a9fca8c2,93331,11,0.01,8003331,True,1,1,1,0,96,94,M,0.8
1,3332,libero_object_task2,libero_object,2,e8e645f7d9aa4d46,83332,12,0.01,7003332,False,1,1,1,0,117,116,M,0.8
1,3334,libero_object_task5,libero_object,5,287cf693a75e036e,83334,14,0.01,7003334,False,1,1,1,0,119,173,M,0.8
1,3335,libero_object_task3,libero_object,3,809297463dea287b,83335,15,0.01,7003335,False,1,1,1,0,121,126,M,0.8
1,3336,libero_10_task5,libero_10,5,623082380951bebf,83336,16,0.01,7003336,False,1,1,1,0,138,159,M,0.8
1,3337,libero_goal_task2,libero_goal,2,f087c779e6c36821,83337,17,0.01,7003337,False,1,1,1,0,96,94,M,0.8
1,3340,libero_goal_task8,libero_goal,8,9cc47c9d8dcdda0a,83340,20,0.01,7003340,False,1,1,1,0,74,73,M,0.8
1,3341,libero_10_task5,libero_10,5,80cc78289ad74088,83341,21,0.01,7003341,False,1,1,1,0,154,169,M,0.8
1,3343,libero_object_task9,libero_object,9,74b39fbdeb35be61,83343,23,0.01,7003343,False,1,1,1,0,111,118,M,0.812
1,3344,libero_object_task4,libero_object,4,70fdf335120d16a3,83344,24,0.01,7003344,False,1,1,1,0,137,143,M,0.8
1,3345,libero_goal_task7,libero_goal,7,bfb8811100ce57eb,83345,25,0.01,7003345,False,1,1,1,0,68,72,M,0.8
1,3346,libero_goal_task1,libero_goal,1,6800adb7f4f3d516,83346,26,0.01,7003346,False,1,1,1,0,77,84,M,0.816
1,3347,libero_object_task0,libero_object,0,5ee642e750a544cf,83347,27,0.01,7003347,False,1,1,1,0,129,139,M,0.8
1,3353,libero_goal_task8,libero_goal,8,a446dd9e0113cc14,83353,33,0.01,7003353,False,1,1,1,0,74,76,M,0.8
1,3354,libero_object_task5,libero_object,5,a576cb02fe7b7b9b,83354,34,0.01,7003354,False,1,1,1,0,125,122,M,0.8
1,3355,libero_object_task3,libero_object,3,c994ae70c56581d3,83355,35,0.01,7003355,False,1,1,1,0,112,134,M,0.8
1,3359,libero_object_task7,libero_object,7,5ccb1c99795f0e98,83359,39,0.01,7003359,False,1,1,1,0,124,133,M,0.8
1,3360,libero_object_task5,libero_object,5,c4634d6b2322b5c6,83360,0,0.01,7003360,False,1,1,1,0,126,121,M,0.8
1,3362,libero_goal_task2,libero_goal,2,d1f153ff558d1b67,83362,2,0.01,7003362,False,1,1,1,0,96,97,M,0.8
1,3365,libero_spatial_task1,libero_spatial,1,a8d8d4117e7ddcb7,83365,5,0.01,7003365,False,1,1,1,0,121,103,M,0.8
1,3367,libero_object_task7,libero_object,7,dcde2960e32e02cd,83367,7,0.01,7003367,False,1,1,1,0,125,128,M,0.8
1,3368,libero_object_task9,libero_object,9,c4004ebd8708965f,83368,8,0.01,7003368,False,1,1,1,0,113,118,M,0.808
1,3372,libero_spatial_task1,libero_spatial,1,6f1d4cfdaa2fd757,83372,12,0.01,7003372,False,1,1,1,0,109,110,M,0.8
1,3373,libero_object_task9,libero_object,9,2be2f3e78a3fdbdd,83373,13,0.01,7003373,False,1,1,1,0,121,121,M,0.804
1,3374,libero_goal_task1,libero_goal,1,04baedd21e7c3ce5,83374,14,0.01,7003374,False,1,1,1,0,78,81,M,0.812
1,3377,libero_object_task5,libero_object,5,64cd413a9fa1d2cf,83377,17,0.01,7003377,False,0,0,0,0,280,280,M,0.816
1,3378,libero_10_task5,libero_10,5,ab35fe9ffaf262bd,83378,18,0.01,7003378,False,1,1,1,0,145,192,M,0.8
1,3383,libero_object_task7,libero_object,7,5ec33257c724b800,83383,23,0.01,7003383,False,0,0,1,-1,280,123,M,0.816
1,3384,libero_goal_task9,libero_goal,9,35e1f945778550cb,83384,24,0.01,7003384,False,1,1,1,0,152,134,M,0.8
1,3385,libero_object_task7,libero_object,7,1dbc37aad519a09d,83385,25,0.01,7003385,False,1,1,1,0,123,122,M,0.812
1,3389,libero_goal_task9,libero_goal,9,4ab6393f179881bd,83389,29,0.01,7003389,False,1,1,1,0,125,130,M,0.8
1,3393,libero_goal_task8,libero_goal,8,60d71d0b18282a7e,83393,33,0.01,7003393,False,1,1,1,0,79,80,M,0.8
1,3394,libero_object_task9,libero_object,9,79010b4642f04f3a,83394,34,0.01,7003394,False,1,1,1,0,132,123,M,0.8
1,3396,libero_goal_task1,libero_goal,1,9035d89a70e02bba,83396,36,0.01,7003396,False,1,1,1,0,76,87,M,0.808
1,3398,libero_object_task3,libero_object,3,42223b041985848f,83398,38,0.01,7003398,False,1,1,1,0,117,126,M,0.8
1,3399,libero_goal_task2,libero_goal,2,6eac274992798ad5,83399,39,0.01,7003399,False,1,1,1,0,92,93,M,0.8
1,3400,libero_object_task0,libero_object,0,7dbd06d329335ec8,83400,0,0.01,7003400,False,1,1,1,0,131,150,M,0.8
1,3403,libero_object_task3,libero_object,3,7314a5cd04b1e808,83403,3,0.01,7003403,False,1,1,1,0,120,124,M,0.8
1,3405,libero_spatial_task2,libero_spatial,2,2a66206648e4f2c5,93405,5,0.01,8003405,True,1,1,1,0,100,100,M,0.8
1,3410,libero_goal_task4,libero_goal,4,fe704ee7997804b2,83410,10,0.01,7003410,False,1,1,1,0,84,90,M,0.8
1,3411,libero_goal_task4,libero_goal,4,91a89ff3ca7e54df,83411,11,0.01,7003411,False,1,1,1,0,86,87,M,0.8
1,3415,libero_object_task4,libero_object,4,9457a6ec5a909fa9,83415,15,0.01,7003415,False,1,1,1,0,137,138,M,0.8
1,3416,libero_goal_task9,libero_goal,9,a9eed13a9627dd2d,83416,16,0.01,7003416,False,1,1,1,0,125,136,M,0.8
1,3417,libero_goal_task9,libero_goal,9,6aea162362d287d2,83417,17,0.01,7003417,False,1,1,1,0,168,134,M,0.8
1,3418,libero_goal_task2,libero_goal,2,30e57474f5b5bb23,83418,18,0.01,7003418,False,1,1,1,0,95,95,M,0.8
1,3419,libero_object_task7,libero_object,7,7e1f79b3daafd816,83419,19,0.01,7003419,False,1,1,1,0,137,126,M,0.808
1,3420,libero_object_task4,libero_object,4,229e13dcbf08d243,83420,20,0.01,7003420,False,1,1,1,0,127,130,M,0.8
1,3423,libero_goal_task4,libero_goal,4,966438edf831a495,83423,23,0.01,7003423,False,1,1,1,0,82,85,M,0.8
1,3424,libero_object_task5,libero_object,5,40556a62f1b6863e,83424,24,0.01,7003424,False,1,1,1,0,124,129,M,0.812
1,3425,libero_object_task3,libero_object,3,0064716c14a385d2,83425,25,0.01,7003425,False,1,1,1,0,130,126,M,0.8
1,3426,libero_spatial_task6,libero_spatial,6,9d11a4698c7f0e6c,93426,26,0.01,8003426,True,1,1,1,0,106,108,M,0.804
1,3428,libero_object_task4,libero_object,4,beac7efcfdeac951,83428,28,0.01,7003428,False,1,1,1,0,122,134,M,0.8
1,3429,libero_10_task5,libero_10,5,fd4b191447a7a537,83429,29,0.01,7003429,False,1,1,1,0,150,172,M,0.8
1,3431,libero_spatial_task6,libero_spatial,6,84d6624bcc93e416,93431,31,0.01,8003431,True,1,1,1,0,104,108,M,0.8
1,3432,libero_10_task5,libero_10,5,8e9084f3fce3de18,83432,32,0.01,7003432,False,1,1,1,0,169,224,M,0.8
1,3433,libero_10_task5,libero_10,5,65f9bab744247caf,83433,33,0.01,7003433,False,1,1,1,0,161,174,M,0.8
1,3435,libero_goal_task2,libero_goal,2,473ab3f93415cc2c,83435,35,0.01,7003435,False,1,1,1,0,94,86,M,0.8
1,3438,libero_object_task5,libero_object,5,8faa68039a3e4ca2,83438,38,0.01,7003438,False,1,1,1,0,123,121,M,0.808
1,3442,libero_goal_task8,libero_goal,8,044bc2571f116599,83442,2,0.01,7003442,False,1,1,1,0,75,80,M,0.8
1,3443,libero_10_task5,libero_10,5,42c97a61db355e7e,83443,3,0.01,7003443,False,1,1,1,0,153,157,M,0.8
1,3446,libero_goal_task1,libero_goal,1,e4c7da3ad0d3ca1d,83446,6,0.01,7003446,False,1,1,1,0,86,93,M,0.804
1,3447,libero_object_task3,libero_object,3,3158ceeab73fd3b5,83447,7,0.01,7003447,False,1,1,1,0,116,117,M,0.8
1,3451,libero_object_task0,libero_object,0,b6a1afe3fcd5d9df,83451,11,0.01,7003451,False,1,1,1,0,127,130,M,0.8
1,3452,libero_goal_task8,libero_goal,8,f1878cef114fb117,83452,12,0.01,7003452,False,1,1,1,0,72,77,M,0.8
1,3453,libero_goal_task1,libero_goal,1,9cd1425aee49e797,83453,13,0.01,7003453,False,1,1,1,0,80,88,M,0.8
1,3455,libero_object_task0,libero_object,0,2e988c9f6d88b832,83455,15,0.01,7003455,False,1,1,1,0,128,177,M,0.8
1,3459,libero_spatial_task1,libero_spatial,1,c6ebd85e2049eff0,83459,19,0.01,7003459,False,1,1,1,0,107,99,M,0.8
1,3460,libero_10_task5,libero_10,5,5a638db5268d47f1,83460,20,0.01,7003460,False,1,1,1,0,178,188,M,0.8
1,3463,libero_goal_task2,libero_goal,2,1f96aa7f37233182,83463,23,0.01,7003463,False,1,1,1,0,90,85,M,0.8
1,3464,libero_goal_task2,libero_goal,2,38350a9e2583d174,83464,24,0.01,7003464,False,1,1,1,0,82,88,M,0.8
1,3465,libero_goal_task7,libero_goal,7,b78168231e71f546,83465,25,0.01,7003465,False,1,1,1,0,69,80,M,0.8
1,3466,libero_10_task5,libero_10,5,730a04026e2524f4,83466,26,0.01,7003466,False,1,1,1,0,152,153,M,0.8
1,3467,libero_object_task9,libero_object,9,baf62b82a2cdaf43,83467,27,0.01,7003467,False,1,1,1,0,121,125,M,0.8
1,3468,libero_object_task7,libero_object,7,7e737709d729349d,83468,28,0.01,7003468,False,1,1,1,0,119,179,M,0.804
1,3469,libero_goal_task4,libero_goal,4,3062db41d2466c85,83469,29,0.01,7003469,False,1,1,1,0,85,87,M,0.8
1,3471,libero_goal_task9,libero_goal,9,69f9902be425aaaf,83471,31,0.01,7003471,False,1,1,1,0,131,152,M,0.8
1,3472,libero_goal_task2,libero_goal,2,cbb08722ffeb5c69,83472,32,0.01,7003472,False,1,1,1,0,85,94,M,0.8
1,3473,libero_object_task2,libero_object,2,c5e133b905123fe7,83473,33,0.01,7003473,False,1,1,1,0,115,121,M,0.8
1,3474,libero_object_task2,libero_object,2,b783e77fddc97ecc,83474,34,0.01,7003474,False,1,1,1,0,110,116,M,0.8
1,3476,libero_object_task5,libero_object,5,64deb861bc044c59,83476,36,0.01,7003476,False,1,1,1,0,125,119,M,0.804
1,3478,libero_goal_task2,libero_goal,2,833bad65f26b9fe0,83478,38,0.01,7003478,False,1,1,1,0,86,88,M,0.8
1,3480,libero_object_task7,libero_object,7,89ee392eeec82396,83480,0,0.01,7003480,False,1,1,1,0,122,127,M,0.8
1,3481,libero_object_task5,libero_object,5,9d73fb3fc134698e,83481,1,0.01,7003481,False,1,1,1,0,115,121,M,0.8
1,3482,libero_goal_task9,libero_goal,9,c62229efe68ce7a5,83482,2,0.01,7003482,False,1,1,1,0,136,143,M,0.8
1,3483,libero_object_task4,libero_object,4,ea7490c4c08b1206,83483,3,0.01,7003483,False,1,1,1,0,141,139,M,0.8
1,3484,libero_goal_task1,libero_goal,1,d14effdfef211935,83484,4,0.01,7003484,False,1,1,1,0,80,82,M,0.8
1,3486,libero_goal_task7,libero_goal,7,374593d5fc64a24d,83486,6,0.01,7003486,False,1,1,1,0,76,74,M,0.8
1,3490,libero_spatial_task2,libero_spatial,2,a00b9cf27611dff5,93490,10,0.01,8003490,True,0,0,1,-1,220,92,M,0.816
1,3491,libero_object_task2,libero_object,2,5e355d8d95b69135,83491,11,0.01,7003491,False,1,1,1,0,112,115,M,0.8
1,3493,libero_object_task5,libero_object,5,a34e5a848a949478,83493,13,0.01,7003493,False,1,1,1,0,128,128,M,0.8
1,3495,libero_spatial_task6,libero_spatial,6,20f998850126b003,93495,15,0.01,8003495,True,1,1,1,0,103,103,M,0.8
1,3496,libero_goal_task8,libero_goal,8,26497256b18380a5,83496,16,0.01,7003496,False,1,1,1,0,77,73,M,0.8
1,3499,libero_spatial_task6,libero_spatial,6,a719fda907307560,93499,19,0.01,8003499,True,1,1,1,0,97,110,M,0.8
1,3503,libero_spatial_task6,libero_spatial,6,740f7c15d2c9ea8f,93503,23,0.01,8003503,True,1,1,1,0,99,101,M,0.8
1,3504,libero_goal_task9,libero_goal,9,c15953583dc1ef6c,83504,24,0.01,7003504,False,0,0,1,-1,300,160,M,0.816
1,3506,libero_goal_task8,libero_goal,8,4699f5120ddadc12,83506,26,0.01,7003506,False,1,1,1,0,81,77,M,0.8
1,3509,libero_object_task3,libero_object,3,b4f2c51f60fbca1a,83509,29,0.01,7003509,False,1,1,1,0,126,129,M,0.8
1,3512,libero_spatial_task2,libero_spatial,2,c5ed0f632ddff747,93512,32,0.01,8003512,True,1,1,1,0,93,95,M,0.812
1,3513,libero_goal_task9,libero_goal,9,d174bf7a9f280a45,83513,33,0.01,7003513,False,1,1,1,0,129,120,M,0.812
1,3514,libero_object_task3,libero_object,3,0e9c26ff4e5507ce,83514,34,0.01,7003514,False,1,1,1,0,141,156,M,0.8
1,3516,libero_spatial_task1,libero_spatial,1,16147344a11144c6,83516,36,0.01,7003516,False,1,1,1,0,109,113,M,0.8
1,3518,libero_goal_task7,libero_goal,7,bdbff2d09c6071c7,83518,38,0.01,7003518,False,1,1,1,0,69,67,M,0.8
1,3519,libero_goal_task7,libero_goal,7,0691d8431c76b31f,83519,39,0.01,7003519,False,1,1,1,0,66,76,M,0.8
1,3520,libero_goal_task7,libero_goal,7,271b5bd90cd576e7,83520,0,0.01,7003520,False,1,1,1,0,72,76,M,0.8
1,3521,libero_goal_task7,libero_goal,7,9cb62d96d4f044fe,83521,1,0.01,7003521,False,1,1,1,0,71,72,M,0.8
1,3522,libero_spatial_task1,libero_spatial,1,3e4f9edab50cd762,83522,2,0.01,7003522,False,0,0,1,-1,220,103,M,0.816
1,3523,libero_object_task0,libero_object,0,53e0b02c3dd301ee,83523,3,0.01,7003523,False,1,1,1,0,132,161,M,0.8
1,3525,libero_10_task5,libero_10,5,57c1d0f5d20349f7,83525,5,0.01,7003525,False,1,1,1,0,151,163,M,0.8
1,3526,libero_10_task5,libero_10,5,b8f0b5b2bc78e4bf,83526,6,0.01,7003526,False,1,1,1,0,158,176,M,0.8
1,3527,libero_goal_task9,libero_goal,9,a042df521f1f2955,83527,7,0.01,7003527,False,1,1,1,0,125,135,M,0.808
1,3530,libero_goal_task1,libero_goal,1,8b221fecf7d30b49,83530,10,0.01,7003530,False,1,1,1,0,81,82,M,0.8
1,3531,libero_object_task3,libero_object,3,cf184f30fdd2b050,83531,11,0.01,7003531,False,1,1,1,0,123,139,M,0.8
1,3532,libero_goal_task1,libero_goal,1,15b1f6531791475b,83532,12,0.01,7003532,False,1,1,1,0,81,85,M,0.8
1,3533,libero_goal_task8,libero_goal,8,6c2f30e291a5aed4,83533,13,0.01,7003533,False,1,1,1,0,76,76,M,0.8
1,3535,libero_goal_task2,libero_goal,2,15671efa6e3d6ec1,83535,15,0.01,7003535,False,1,1,1,0,96,93,M,0.8
1,3536,libero_goal_task4,libero_goal,4,71ca319dc4159e82,83536,16,0.01,7003536,False,1,1,1,0,135,85,M,0.8
1,3538,libero_goal_task9,libero_goal,9,24b7301f1034f916,83538,18,0.01,7003538,False,1,1,1,0,122,142,M,0.804
1,3539,libero_goal_task2,libero_goal,2,2c39959e1fd76b30,83539,19,0.01,7003539,False,1,1,1,0,86,85,M,0.8
1,3541,libero_object_task7,libero_object,7,2786fb7afcce6430,83541,21,0.01,7003541,False,1,1,1,0,128,165,M,0.8
1,3542,libero_goal_task8,libero_goal,8,d0d4a426ca15d17f,83542,22,0.01,7003542,False,0,0,1,-1,300,72,M,0.816
1,3543,libero_spatial_task1,libero_spatial,1,9bfc172ffdd021f8,83543,23,0.01,7003543,False,1,1,1,0,127,111,M,0.812
1,3545,libero_goal_task8,libero_goal,8,056587a7bee78ad0,83545,25,0.01,7003545,False,1,1,1,0,75,76,M,0.812
1,3547,libero_spatial_task2,libero_spatial,2,b7522d295a63a6bc,93547,27,0.01,8003547,True,1,1,1,0,89,92,M,0.808
1,3548,libero_goal_task4,libero_goal,4,b0d974e20b3d07a3,83548,28,0.01,7003548,False,1,1,1,0,84,82,M,0.8
1,3550,libero_goal_task4,libero_goal,4,ba497360c3826a23,83550,30,0.01,7003550,False,1,1,1,0,85,88,M,0.8
1,3551,libero_goal_task8,libero_goal,8,703eb67a95a00886,83551,31,0.01,7003551,False,1,1,1,0,79,81,M,0.808
1,3552,libero_spatial_task6,libero_spatial,6,a5095445f2517834,93552,32,0.01,8003552,True,1,1,1,0,99,99,M,0.8
1,3553,libero_object_task7,libero_object,7,0ae08b67aaa85403,83553,33,0.01,7003553,False,1,1,1,0,124,161,M,0.8
1,3554,libero_goal_task4,libero_goal,4,d8e8f89bbc13f662,83554,34,0.01,7003554,False,1,1,1,0,79,88,M,0.8
1,3556,libero_object_task5,libero_object,5,4304c5a55fd296f2,83556,36,0.01,7003556,False,1,1,1,0,124,122,M,0.8
1,3560,libero_object_task4,libero_object,4,c35d8a92306efd95,83560,0,0.01,7003560,False,1,1,1,0,134,144,M,0.8
1,3561,libero_spatial_task6,libero_spatial,6,3d7c9a696090a39b,93561,1,0.01,8003561,True,1,1,1,0,103,101,M,0.8
1,3563,libero_object_task3,libero_object,3,5892bbb094513476,83563,3,0.01,7003563,False,1,1,1,0,122,172,M,0.8
1,3565,libero_object_task9,libero_object,9,f762290e0dfb4621,83565,5,0.01,7003565,False,1,1,1,0,112,119,M,0.8
1,3567,libero_object_task0,libero_object,0,a508ef0f757f66d8,83567,7,0.01,7003567,False,1,1,1,0,136,141,M,0.8
1,3568,libero_spatial_task1,libero_spatial,1,c47c8e6aee95bccf,83568,8,0.01,7003568,False,1,1,1,0,169,101,M,0.808
1,3570,libero_object_task0,libero_object,0,c3fb93a9dbdbc4c3,83570,10,0.01,7003570,False,1,1,1,0,142,130,M,0.8
1,3572,libero_goal_task4,libero_goal,4,cd920c8fa0d0e854,83572,12,0.01,7003572,False,1,1,1,0,81,86,M,0.8
1,3575,libero_spatial_task1,libero_spatial,1,58acd24d171567e0,83575,15,0.01,7003575,False,1,1,1,0,103,107,M,0.804
1,3578,libero_10_task5,libero_10,5,7cfee9e7b860130b,83578,18,0.01,7003578,False,1,1,1,0,143,155,M,0.8
1,3580,libero_goal_task4,libero_goal,4,a65fb54abe170336,83580,20,0.01,7003580,False,1,1,1,0,84,87,M,0.8
1,3581,libero_goal_task1,libero_goal,1,90c4d3c9a720f457,83581,21,0.01,7003581,False,1,1,1,0,84,90,M,0.8
1,3582,libero_object_task0,libero_object,0,418f81a7b2b8f40e,83582,22,0.01,7003582,False,1,1,1,0,131,137,M,0.8
1,3583,libero_goal_task9,libero_goal,9,098dcc991280998b,83583,23,0.01,7003583,False,1,1,1,0,132,139,M,0.8
1,3586,libero_goal_task7,libero_goal,7,8d35b0f4ceb3a09e,83586,26,0.01,7003586,False,1,1,1,0,70,72,M,0.8
1,3587,libero_goal_task9,libero_goal,9,1b69d0ade9cf7130,83587,27,0.01,7003587,False,1,1,1,0,128,133,M,0.8
1,3589,libero_goal_task9,libero_goal,9,86b7873eb621133b,83589,29,0.01,7003589,False,1,1,1,0,135,161,M,0.8
1,3590,libero_goal_task4,libero_goal,4,4a0a07e14b15b676,83590,30,0.01,7003590,False,1,1,1,0,89,87,M,0.8
1,3592,libero_object_task7,libero_object,7,82a45f9dbb820d13,83592,32,0.01,7003592,False,1,1,1,0,118,130,M,0.8
1,3594,libero_object_task2,libero_object,2,5c5245a5ff05b621,83594,34,0.01,7003594,False,1,1,1,0,111,112,M,0.8
1,3597,libero_object_task9,libero_object,9,6addb35b6ddc2539,83597,37,0.01,7003597,False,1,1,1,0,128,117,M,0.8
1,3599,libero_spatial_task1,libero_spatial,1,e9e8a5611b443dee,83599,39,0.01,7003599,False,1,1,1,0,108,104,M,0.8
1,3601,libero_object_task0,libero_object,0,8cabb5db8b599e1b,83601,1,0.01,7003601,False,1,1,1,0,133,137,M,0.8
1,3602,libero_object_task9,libero_object,9,0be18c272c589d62,83602,2,0.01,7003602,False,1,1,1,0,122,120,M,0.8
1,3604,libero_10_task5,libero_10,5,fa49a89e7eee8660,83604,4,0.01,7003604,False,1,1,1,0,145,160,M,0.8
1,3605,libero_object_task0,libero_object,0,3f181d54737bea09,83605,5,0.01,7003605,False,1,1,1,0,130,143,M,0.8
1,3606,libero_goal_task7,libero_goal,7,ba01a338099f8f9d,83606,6,0.01,7003606,False,1,1,1,0,70,73,M,0.8
1,3608,libero_goal_task4,libero_goal,4,e024ea853966239a,83608,8,0.01,7003608,False,1,1,1,0,80,85,M,0.8
1,3609,libero_goal_task9,libero_goal,9,1fadf4f62b473e84,83609,9,0.01,7003609,False,1,1,1,0,124,140,M,0.8
1,3611,libero_goal_task9,libero_goal,9,a427759ed23e6c6a,83611,11,0.01,7003611,False,1,1,1,0,117,123,M,0.8
1,3612,libero_object_task5,libero_object,5,b6340363af2abd3f,83612,12,0.01,7003612,False,1,1,1,0,116,118,M,0.8
1,3613,libero_goal_task8,libero_goal,8,331e2be4581d4114,83613,13,0.01,7003613,False,1,1,1,0,81,78,M,0.804
1,3615,libero_goal_task9,libero_goal,9,7c5823b2f87689e0,83615,15,0.01,7003615,False,1,1,1,0,112,126,M,0.8
1,3618,libero_object_task5,libero_object,5,a4652348421e42b0,83618,18,0.01,7003618,False,1,1,1,0,117,122,M,0.8
1,3620,libero_goal_task9,libero_goal,9,42368a3a48ffba3e,83620,20,0.01,7003620,False,1,1,1,0,123,128,M,0.8
1,3623,libero_object_task7,libero_object,7,e3a694966dfcf86b,83623,23,0.01,7003623,False,1,1,0,1,120,280,M,0.8
1,3624,libero_object_task3,libero_object,3,3648da4ebeb29b5b,83624,24,0.01,7003624,False,1,1,1,0,118,117,M,0.8
1,3625,libero_object_task7,libero_object,7,04a74e1ae6bb6f5c,83625,25,0.01,7003625,False,1,1,1,0,124,140,M,0.8
1,3626,libero_spatial_task6,libero_spatial,6,61800f59c2deb40b,93626,26,0.01,8003626,True,1,1,1,0,102,102,M,0.8
1,3627,libero_goal_task7,libero_goal,7,0a1ce5761fe4679c,83627,27,0.01,7003627,False,1,1,1,0,68,76,M,0.8
1,3628,libero_spatial_task2,libero_spatial,2,4b9fb7cad8e4e55b,93628,28,0.01,8003628,True,1,1,1,0,99,94,M,0.804
1,3630,libero_goal_task1,libero_goal,1,5f5f0ab1b3937492,83630,30,0.01,7003630,False,1,1,1,0,80,87,M,0.8
1,3633,libero_object_task0,libero_object,0,a1fdc0b63079bfb5,83633,33,0.01,7003633,False,1,1,1,0,130,143,M,0.8
1,3634,libero_goal_task2,libero_goal,2,715155bb38dccd78,83634,34,0.01,7003634,False,1,1,1,0,95,94,M,0.8
1,3636,libero_goal_task8,libero_goal,8,8a713722d27455f2,83636,36,0.01,7003636,False,1,1,1,0,71,74,M,0.8
1,3638,libero_goal_task9,libero_goal,9,00aedb92891de7d3,83638,38,0.01,7003638,False,1,1,1,0,128,139,M,0.8
1,3640,libero_object_task3,libero_object,3,d2a81fc8c05289f4,83640,0,0.01,7003640,False,1,1,1,0,117,120,M,0.8
1,3642,libero_object_task4,libero_object,4,8180eff9ce7b54a7,83642,2,0.01,7003642,False,1,1,1,0,130,138,M,0.8
1,3644,libero_goal_task1,libero_goal,1,36b494ddb4fcf091,83644,4,0.01,7003644,False,1,1,1,0,78,85,M,0.8
1,3645,libero_object_task5,libero_object,5,69112a6ac9a4c0ed,83645,5,0.01,7003645,False,1,1,1,0,134,122,M,0.8
1,3649,libero_object_task2,libero_object,2,977b1a1819c153bf,83649,9,0.01,7003649,False,1,1,1,0,111,118,M,0.8
1,3650,libero_object_task0,libero_object,0,e7768a3f1a919ed4,83650,10,0.01,7003650,False,1,1,1,0,131,136,M,0.8
1,3651,libero_goal_task4,libero_goal,4,861e52b76399c455,83651,11,0.01,7003651,False,1,1,1,0,83,88,M,0.8
1,3652,libero_object_task9,libero_object,9,66ab686a65a4070a,83652,12,0.01,7003652,False,1,1,1,0,133,120,M,0.8
1,3655,libero_object_task5,libero_object,5,273f25222925b85a,83655,15,0.01,7003655,False,1,1,1,0,110,123,M,0.8
1,3656,libero_object_task0,libero_object,0,83816ba80d72d311,83656,16,0.01,7003656,False,1,1,1,0,142,141,M,0.8
1,3658,libero_10_task5,libero_10,5,ca6425efe9e7d06c,83658,18,0.01,7003658,False,1,1,1,0,147,166,M,0.8
1,3659,libero_object_task4,libero_object,4,f24dc54355bd54ed,83659,19,0.01,7003659,False,1,1,1,0,137,144,M,0.8
1,3660,libero_goal_task1,libero_goal,1,827c045a7cd52388,83660,20,0.01,7003660,False,1,1,1,0,81,92,M,0.8
1,3661,libero_object_task2,libero_object,2,94b03609fd3b858c,83661,21,0.01,7003661,False,1,1,1,0,140,116,M,0.8
1,3663,libero_object_task5,libero_object,5,2d7edc3224bfda15,83663,23,0.01,7003663,False,0,0,1,-1,280,124,M,0.816
1,3664,libero_object_task3,libero_object,3,2c647bd284aaad17,83664,24,0.01,7003664,False,1,1,0,1,122,280,M,0.8
1,3666,libero_object_task4,libero_object,4,07f1eab1cf7d4960,83666,26,0.01,7003666,False,1,1,1,0,135,138,M,0.8
1,3668,libero_spatial_task1,libero_spatial,1,1a7ba9229fa18507,83668,28,0.01,7003668,False,1,1,1,0,109,105,M,0.8
1,3671,libero_spatial_task1,libero_spatial,1,1a09dc7c77c287d9,83671,31,0.01,7003671,False,1,1,1,0,121,102,M,0.8
1,3674,libero_goal_task2,libero_goal,2,549fa49c5659a069,83674,34,0.01,7003674,False,1,1,1,0,97,94,M,0.8
1,3678,libero_object_task3,libero_object,3,e241ce8ce64f049a,83678,38,0.01,7003678,False,1,1,1,0,119,124,M,0.8
1,3683,libero_object_task9,libero_object,9,f8462984ad2f85a7,83683,3,0.01,7003683,False,0,0,1,-1,280,113,M,0.816
1,3684,libero_object_task3,libero_object,3,871a7ca2f9a2328f,83684,4,0.01,7003684,False,1,1,1,0,123,128,M,0.8
1,3686,libero_object_task0,libero_object,0,0c2f080e2fd0b6d6,83686,6,0.01,7003686,False,0,0,1,-1,280,136,M,0.816
1,3688,libero_goal_task9,libero_goal,9,bc489c6f45255c2e,83688,8,0.01,7003688,False,1,1,1,0,200,144,M,0.8
1,3690,libero_object_task2,libero_object,2,d13751d6ff9205ee,83690,10,0.01,7003690,False,1,1,1,0,110,113,M,0.8
1,3691,libero_object_task5,libero_object,5,31a78b5f7ee9f9f2,83691,11,0.01,7003691,False,1,1,1,0,116,126,M,0.812
1,3693,libero_object_task3,libero_object,3,6267e54ee9fb3ce4,83693,13,0.01,7003693,False,1,1,1,0,118,126,M,0.8
1,3695,libero_object_task2,libero_object,2,d14bb85b30c6cb9a,83695,15,0.01,7003695,False,1,1,0,1,106,280,M,0.8
1,3696,libero_goal_task8,libero_goal,8,caa369a2b948ad9d,83696,16,0.01,7003696,False,1,1,1,0,75,74,M,0.8
1,3697,libero_goal_task9,libero_goal,9,c257ca582f0b4925,83697,17,0.01,7003697,False,1,1,1,0,128,128,M,0.8
1,3698,libero_spatial_task1,libero_spatial,1,e857a13d9e704262,83698,18,0.01,7003698,False,1,1,1,0,105,108,M,0.8
1,3699,libero_goal_task4,libero_goal,4,94b89c6c87c13c88,83699,19,0.01,7003699,False,1,1,1,0,80,86,M,0.8
1,3702,libero_object_task3,libero_object,3,ac33c983a24287c8,83702,22,0.01,7003702,False,1,1,0,1,126,280,M,0.8
1,3705,libero_10_task5,libero_10,5,7c3075aab2be0325,83705,25,0.01,7003705,False,1,1,1,0,145,155,M,0.8
1,3707,libero_spatial_task6,libero_spatial,6,76044e57010a33b3,93707,27,0.01,8003707,True,1,1,1,0,103,101,M,0.8
1,3709,libero_goal_task2,libero_goal,2,8b3240f19d801c96,83709,29,0.01,7003709,False,1,1,1,0,85,88,M,0.8
1,3712,libero_goal_task4,libero_goal,4,468ed56fdf14a3fe,83712,32,0.01,7003712,False,1,1,1,0,88,82,M,0.8
1,3714,libero_object_task2,libero_object,2,89ede71dc9a3e152,83714,34,0.01,7003714,False,1,1,1,0,107,117,M,0.8
1,3715,libero_goal_task2,libero_goal,2,a37a52f5f3544561,83715,35,0.01,7003715,False,1,1,1,0,91,95,M,0.8
1,3717,libero_object_task0,libero_object,0,720e0637ed5d2698,83717,37,0.01,7003717,False,1,1,1,0,129,125,M,0.812
1,3718,libero_object_task7,libero_object,7,4c610b7a74adfb42,83718,38,0.01,7003718,False,1,1,1,0,128,136,M,0.8
1,3719,libero_goal_task1,libero_goal,1,f1abb6d528db3ae2,83719,39,0.01,7003719,False,1,1,1,0,89,91,M,0.8
1,3721,libero_object_task0,libero_object,0,e90a7ca3cdca8165,83721,1,0.01,7003721,False,1,1,1,0,120,160,M,0.808
1,3722,libero_object_task4,libero_object,4,7f70747d7c869a76,83722,2,0.01,7003722,False,1,1,1,0,129,142,M,0.8
1,3723,libero_goal_task1,libero_goal,1,94b48dda86fe77b1,83723,3,0.01,7003723,False,1,1,1,0,80,84,M,0.8
1,3725,libero_goal_task1,libero_goal,1,93a0db6e604d483e,83725,5,0.01,7003725,False,1,1,1,0,86,83,M,0.8
1,3727,libero_goal_task2,libero_goal,2,82b3df5b3388873a,83727,7,0.01,7003727,False,1,1,1,0,91,99,M,0.8
1,3729,libero_goal_task9,libero_goal,9,f758ff7394fb45ff,83729,9,0.01,7003729,False,1,1,1,0,145,120,M,0.8
1,3732,libero_goal_task8,libero_goal,8,5b958a54244d2789,83732,12,0.01,7003732,False,1,1,1,0,76,76,M,0.8
1,3733,libero_object_task7,libero_object,7,80e4be08a1423038,83733,13,0.01,7003733,False,1,1,1,0,124,139,M,0.8
1,3734,libero_spatial_task1,libero_spatial,1,fee41fd961efca9c,83734,14,0.01,7003734,False,1,1,1,0,107,105,M,0.8
1,3736,libero_object_task4,libero_object,4,e461eccf24970325,83736,16,0.01,7003736,False,1,1,1,0,129,136,M,0.8
1,3737,libero_goal_task2,libero_goal,2,8f410a77497c4c77,83737,17,0.01,7003737,False,1,1,1,0,96,89,M,0.8
1,3738,libero_object_task3,libero_object,3,cf79e5d56ca65e06,83738,18,0.01,7003738,False,1,1,1,0,136,139,M,0.8
1,3741,libero_goal_task8,libero_goal,8,a038ca8d6e97ee8d,83741,21,0.01,7003741,False,1,1,1,0,73,78,M,0.8
1,3743,libero_goal_task1,libero_goal,1,2c57a16ab2574250,83743,23,0.01,7003743,False,1,1,1,0,86,89,M,0.8
1,3745,libero_object_task7,libero_object,7,727297357aaaff4f,83745,25,0.01,7003745,False,1,1,1,0,127,126,M,0.8
1,3746,libero_object_task3,libero_object,3,cb29428e59f4ee00,83746,26,0.01,7003746,False,1,1,1,0,126,124,M,0.8
1,3747,libero_object_task3,libero_object,3,693772a9974b1325,83747,27,0.01,7003747,False,1,1,1,0,159,127,M,0.8
1,3748,libero_goal_task9,libero_goal,9,d2844eecfe4c6ef4,83748,28,0.01,7003748,False,1,1,1,0,133,147,M,0.8
1,3750,libero_spatial_task6,libero_spatial,6,263df1ba62533234,93750,30,0.01,8003750,True,1,1,1,0,101,109,M,0.8
1,3752,libero_object_task3,libero_object,3,4eedd331d9f3e701,83752,32,0.01,7003752,False,1,1,1,0,129,167,M,0.8
1,3753,libero_object_task2,libero_object,2,668e87098baa7dfb,83753,33,0.01,7003753,False,1,1,1,0,110,123,M,0.8
1,3755,libero_object_task5,libero_object,5,630e1c2b197b25e4,83755,35,0.01,7003755,False,1,1,1,0,122,123,M,0.808
1,3756,libero_goal_task8,libero_goal,8,39a1fdd32283d59a,83756,36,0.01,7003756,False,0,0,1,-1,300,73,M,0.816
1,3757,libero_spatial_task2,libero_spatial,2,85c5a9bb18fe4b0b,93757,37,0.01,8003757,True,1,1,1,0,91,96,M,0.8
1,3759,libero_object_task3,libero_object,3,479a030303d5fab7,83759,39,0.01,7003759,False,1,1,1,0,115,117,M,0.8
1,3760,libero_goal_task8,libero_goal,8,a537e79d3b46a429,83760,0,0.01,7003760,False,1,1,1,0,76,76,M,0.812
1,3762,libero_spatial_task1,libero_spatial,1,0c679b532e514824,83762,2,0.01,7003762,False,0,0,0,0,220,220,M,0.816
1,3763,libero_goal_task7,libero_goal,7,1ff32bb68b263d23,83763,3,0.01,7003763,False,1,1,1,0,67,78,M,0.8
1,3764,libero_goal_task2,libero_goal,2,e264c4b497d43f74,83764,4,0.01,7003764,False,1,1,1,0,84,92,M,0.8
1,3767,libero_goal_task4,libero_goal,4,14727cea9a437b2c,83767,7,0.01,7003767,False,1,1,1,0,80,86,M,0.8
1,3768,libero_goal_task7,libero_goal,7,c003e4d5ad192245,83768,8,0.01,7003768,False,1,1,1,0,69,71,M,0.8
1,3769,libero_10_task5,libero_10,5,fd5ad63a2f403ecf,83769,9,0.01,7003769,False,1,1,1,0,148,164,M,0.8
1,3771,libero_object_task4,libero_object,4,e7168690e2c0a259,83771,11,0.01,7003771,False,1,1,1,0,123,142,M,0.8
1,3774,libero_goal_task7,libero_goal,7,e9ed4796562c9cad,83774,14,0.01,7003774,False,1,1,1,0,69,72,M,0.8
1,3775,libero_object_task9,libero_object,9,800df67d868f93ff,83775,15,0.01,7003775,False,1,1,1,0,115,114,M,0.812
1,3776,libero_goal_task4,libero_goal,4,d6fc7d5f6774ecba,83776,16,0.01,7003776,False,1,1,1,0,140,85,M,0.8
1,3777,libero_object_task4,libero_object,4,4c0b6e53ccac7022,83777,17,0.01,7003777,False,1,1,1,0,136,142,M,0.8
1,3778,libero_object_task0,libero_object,0,d61f65ea0686f300,83778,18,0.01,7003778,False,1,1,0,1,146,280,M,0.804
1,3780,libero_goal_task7,libero_goal,7,f023aef4cb481c57,83780,20,0.01,7003780,False,1,1,1,0,68,78,M,0.8
1,3781,libero_10_task5,libero_10,5,1ad36a60e74078b5,83781,21,0.01,7003781,False,1,1,1,0,160,183,M,0.8
1,3782,libero_object_task3,libero_object,3,3654947cf9c30f29,83782,22,0.01,7003782,False,1,1,1,0,124,133,M,0.8
1,3785,libero_goal_task1,libero_goal,1,1cb44d88850128d0,83785,25,0.01,7003785,False,1,1,1,0,80,93,M,0.8
1,3786,libero_object_task9,libero_object,9,1ba4e1eb598e112a,83786,26,0.01,7003786,False,0,0,1,-1,280,115,M,0.828
1,3789,libero_object_task9,libero_object,9,4c084cce8e82e6f4,83789,29,0.01,7003789,False,1,1,1,0,132,128,M,0.824
1,3790,libero_object_task0,libero_object,0,58411c8b20321d60,83790,30,0.01,7003790,False,1,1,1,0,136,145,M,0.8
1,3791,libero_object_task5,libero_object,5,1174bcf3fc2d4b0a,83791,31,0.01,7003791,False,1,1,1,0,125,122,M,0.804
1,3796,libero_10_task5,libero_10,5,61a3707174cb9b52,83796,36,0.01,7003796,False,1,1,1,0,167,174,M,0.8
1,3798,libero_goal_task7,libero_goal,7,d20b9f6698c25e50,83798,38,0.01,7003798,False,1,1,1,0,69,69,M,0.8
1,3799,libero_goal_task9,libero_goal,9,d67c35054011fd3a,83799,39,0.01,7003799,False,1,1,1,0,134,136,M,0.8
1,3800,libero_goal_task1,libero_goal,1,a50388f08d508a51,83800,0,0.01,7003800,False,1,1,1,0,81,84,M,0.8
1,3801,libero_object_task9,libero_object,9,33ed1d8357966774,83801,1,0.01,7003801,False,1,1,1,0,116,131,M,0.82
1,3802,libero_object_task5,libero_object,5,0e432670ae6679b0,83802,2,0.01,7003802,False,1,1,1,0,126,122,M,0.8
1,3803,libero_object_task5,libero_object,5,dcb6216626a976fd,83803,3,0.01,7003803,False,1,1,1,0,123,128,M,0.8
1,3804,libero_object_task3,libero_object,3,7c4dbb678059d22e,83804,4,0.01,7003804,False,1,1,0,1,127,280,M,0.8
1,3805,libero_object_task9,libero_object,9,dbee68ef1240d1a8,83805,5,0.01,7003805,False,1,1,0,1,115,280,M,0.816
1,3806,libero_10_task5,libero_10,5,655942224f74fb00,83806,6,0.01,7003806,False,1,1,1,0,151,167,M,0.8
1,3807,libero_spatial_task6,libero_spatial,6,28b16d83b028edbb,93807,7,0.01,8003807,True,1,1,1,0,100,104,M,0.8
1,3808,libero_object_task4,libero_object,4,1d5f68863dba09b7,83808,8,0.01,7003808,False,1,1,1,0,126,132,M,0.8
1,3809,libero_goal_task1,libero_goal,1,2511ec34c98bbdf0,83809,9,0.01,7003809,False,1,1,1,0,83,89,M,0.8
1,3810,libero_spatial_task1,libero_spatial,1,823590362ba39674,83810,10,0.01,7003810,False,1,1,1,0,107,105,M,0.812
1,3811,libero_object_task4,libero_object,4,36dc7df57dc2dfd0,83811,11,0.01,7003811,False,0,0,1,-1,280,131,M,0.816
1,3812,libero_object_task3,libero_object,3,19e04480b770d626,83812,12,0.01,7003812,False,1,1,1,0,144,132,M,0.8
1,3816,libero_goal_task7,libero_goal,7,f6857f60f6161a91,83816,16,0.01,7003816,False,1,1,1,0,80,79,M,0.8
1,3817,libero_goal_task4,libero_goal,4,a16acdd25b8a4df9,83817,17,0.01,7003817,False,1,1,1,0,85,85,M,0.8
1,3820,libero_goal_task8,libero_goal,8,02421461ef060ce6,83820,20,0.01,7003820,False,1,1,1,0,72,74,M,0.808
1,3821,libero_object_task3,libero_object,3,1adf72799c9d1721,83821,21,0.01,7003821,False,1,1,1,0,111,126,M,0.8
1,3822,libero_object_task0,libero_object,0,ca5d3676f4fe6aa4,83822,22,0.01,7003822,False,1,1,1,0,139,144,M,0.8
1,3827,libero_object_task9,libero_object,9,1614c5171b1ffe0a,83827,27,0.01,7003827,False,1,1,1,0,130,122,M,0.812
1,3828,libero_goal_task7,libero_goal,7,4f32feef8d52dc7b,83828,28,0.01,7003828,False,1,1,1,0,66,74,M,0.8
1,3831,libero_goal_task9,libero_goal,9,8f71843a8bc36347,83831,31,0.01,7003831,False,1,1,1,0,134,129,M,0.8
1,3832,libero_object_task9,libero_object,9,95269c1d12e9c917,83832,32,0.01,7003832,False,1,1,1,0,116,127,M,0.808
1,3833,libero_object_task9,libero_object,9,7b3e3f45a66f15cd,83833,33,0.01,7003833,False,1,1,1,0,113,120,M,0.804
1,3838,libero_object_task2,libero_object,2,b1d21e0bba8d9dd6,83838,38,0.01,7003838,False,1,1,1,0,118,122,M,0.8
1,3839,libero_object_task3,libero_object,3,26622c9d132f9247,83839,39,0.01,7003839,False,1,1,1,0,114,119,M,0.8
1,3841,libero_object_task7,libero_object,7,2c56e1e5442db38c,83841,1,0.01,7003841,False,1,1,1,0,122,141,M,0.8
1,3847,libero_object_task1,libero_object,1,ba43f525811364c3,83847,7,0.01,7003847,False,1,1,1,0,117,123,M,0.844
1,3850,libero_goal_task8,libero_goal,8,7aef07ef65976a65,83850,10,0.01,7003850,False,1,1,1,0,75,80,M,0.804
1,3857,libero_goal_task9,libero_goal,9,84f2b5374b44931a,83857,17,0.01,7003857,False,1,1,1,0,123,130,M,0.8
1,3858,libero_goal_task7,libero_goal,7,071af7c0dfc5b9f1,83858,18,0.01,7003858,False,1,1,1,0,69,67,M,0.8
1,3859,libero_goal_task8,libero_goal,8,fee3459894eaee2d,83859,19,0.01,7003859,False,1,1,1,0,70,73,M,0.8
1,3863,libero_object_task1,libero_object,1,cc9315822718ea17,83863,23,0.01,7003863,False,1,1,1,0,114,124,M,0.84
1,3864,libero_object_task0,libero_object,0,1c19726fa09852ec,83864,24,0.01,7003864,False,1,1,1,0,135,140,M,0.8
1,3865,libero_object_task9,libero_object,9,e98b765f6965047b,83865,25,0.01,7003865,False,1,1,1,0,143,131,M,0.8
1,3867,libero_spatial_task6,libero_spatial,6,fd68b2fac1ddd284,93867,27,0.01,8003867,True,1,1,1,0,101,98,M,0.8
1,3870,libero_object_task3,libero_object,3,f13808df169d20e4,83870,30,0.01,7003870,False,1,1,1,0,119,165,M,0.8
1,3872,libero_object_task7,libero_object,7,23786da1dc7c0fb1,83872,32,0.01,7003872,False,0,0,1,-1,280,171,M,0.816
1,3874,libero_spatial_task2,libero_spatial,2,a27a2649cd57b6e1,93874,34,0.01,8003874,True,1,1,1,0,102,95,M,0.8
1,3876,libero_object_task7,libero_object,7,82f60663b45a1426,83876,36,0.01,7003876,False,1,1,1,0,118,126,M,0.812
1,3877,libero_goal_task2,libero_goal,2,7bfe2151912a9895,83877,37,0.01,7003877,False,1,1,1,0,93,89,M,0.8
1,3878,libero_object_task3,libero_object,3,a6c8ddf4a4f135d6,83878,38,0.01,7003878,False,1,1,1,0,124,168,M,0.8
1,3879,libero_goal_task7,libero_goal,7,b69199b9f0d03922,83879,39,0.01,7003879,False,1,1,1,0,65,68,M,0.8
1,3882,libero_goal_task4,libero_goal,4,0ad7849be6d0f095,83882,2,0.01,7003882,False,1,1,1,0,80,81,M,0.8
1,3884,libero_object_task1,libero_object,1,583f3b94870ad839,83884,4,0.01,7003884,False,1,1,1,0,122,128,M,0.836
1,3885,libero_object_task2,libero_object,2,4c813f2377b2c996,83885,5,0.01,7003885,False,1,1,1,0,112,118,M,0.8
1,3887,libero_goal_task8,libero_goal,8,aa2830758c82ee3b,83887,7,0.01,7003887,False,1,1,1,0,72,72,M,0.8
1,3888,libero_object_task3,libero_object,3,9f6b79d170358039,83888,8,0.01,7003888,False,1,1,1,0,116,121,M,0.8
1,3889,libero_goal_task7,libero_goal,7,f241af84a8265fd7,83889,9,0.01,7003889,False,1,1,1,0,68,73,M,0.8
1,3891,libero_10_task5,libero_10,5,9b8e48060eb3ff11,83891,11,0.01,7003891,False,1,1,1,0,157,168,M,0.8
1,3892,libero_object_task0,libero_object,0,e7fddbdbd7a2adfc,83892,12,0.01,7003892,False,1,1,1,0,141,143,M,0.8
1,3894,libero_object_task1,libero_object,1,a51d48bb030bfab4,83894,14,0.01,7003894,False,1,1,1,0,128,119,M,0.832
1,3896,libero_10_task5,libero_10,5,1b188c6a5a6da239,83896,16,0.01,7003896,False,1,1,1,0,145,148,M,0.8
1,3898,libero_goal_task8,libero_goal,8,843a9fb992977ad5,83898,18,0.01,7003898,False,1,1,1,0,76,75,M,0.8
1,3901,libero_object_task2,libero_object,2,46f18cefc4d8efe5,83901,21,0.01,7003901,False,1,1,1,0,107,119,M,0.8
1,3902,libero_goal_task1,libero_goal,1,d6ff32a0bc0713ca,83902,22,0.01,7003902,False,1,1,1,0,77,84,M,0.8
1,3903,libero_object_task1,libero_object,1,2c9a9cf1377c4da5,83903,23,0.01,7003903,False,1,1,1,0,117,125,M,0.828
1,3907,libero_goal_task4,libero_goal,4,e9827b62d7b88a81,83907,27,0.01,7003907,False,1,1,1,0,81,86,M,0.8
1,3909,libero_object_task9,libero_object,9,dc0747532b501bb6,83909,29,0.01,7003909,False,1,1,1,0,124,125,M,0.8
1,3911,libero_spatial_task1,libero_spatial,1,f01d83f3914ef5fc,83911,31,0.01,7003911,False,1,1,1,0,214,103,M,0.808
1,3913,libero_goal_task9,libero_goal,9,5b757597c1bb450a,83913,33,0.01,7003913,False,1,1,1,0,161,119,M,0.8
1,3914,libero_goal_task4,libero_goal,4,0be2599cb4ca8b1c,83914,34,0.01,7003914,False,1,1,1,0,79,89,M,0.8
1,3916,libero_object_task4,libero_object,4,e5cb9d102b923ca7,83916,36,0.01,7003916,False,1,1,1,0,129,133,M,0.812
1,3917,libero_goal_task2,libero_goal,2,e014bd06ef89b507,83917,37,0.01,7003917,False,1,1,1,0,92,90,M,0.8
1,3919,libero_goal_task1,libero_goal,1,59363ae7f8380386,83919,39,0.01,7003919,False,1,1,1,0,106,89,M,0.8
1,3920,libero_object_task1,libero_object,1,394a0dc82c8a20e1,83920,0,0.01,7003920,False,1,1,1,0,121,164,M,0.824
1,3921,libero_goal_task7,libero_goal,7,2272ebc02dbb1b74,83921,1,0.01,7003921,False,1,1,1,0,72,68,M,0.8
1,3922,libero_object_task1,libero_object,1,bf83051dc6ff8900,83922,2,0.01,7003922,False,1,1,1,0,121,137,M,0.82
1,3927,libero_object_task9,libero_object,9,9378d2661ea5d321,83927,7,0.01,7003927,False,1,1,1,0,210,118,M,0.8
1,3929,libero_goal_task8,libero_goal,8,89081cd46fa36caf,83929,9,0.01,7003929,False,1,1,1,0,75,75,M,0.8
1,3930,libero_10_task5,libero_10,5,bb1f18d5ee12441e,83930,10,0.01,7003930,False,0,0,1,-1,520,150,M,0.816
1,3931,libero_goal_task7,libero_goal,7,3d571c36747cad5e,83931,11,0.01,7003931,False,1,1,1,0,68,71,M,0.8
1,3933,libero_object_task3,libero_object,3,19e168b7c134f73c,83933,13,0.01,7003933,False,1,1,1,0,116,114,M,0.8
1,3935,libero_goal_task2,libero_goal,2,e3db288f0f368284,83935,15,0.01,7003935,False,1,1,1,0,91,95,M,0.8
1,3938,libero_object_task9,libero_object,9,64a60f2b858bb0bf,83938,18,0.01,7003938,False,1,1,1,0,122,125,M,0.8
1,3939,libero_goal_task9,libero_goal,9,20e13d5686bbde16,83939,19,0.01,7003939,False,0,0,1,-1,300,150,M,0.816
1,3940,libero_object_task2,libero_object,2,020951fe76b41505,83940,20,0.01,7003940,False,1,1,1,0,115,123,M,0.8
1,3941,libero_goal_task4,libero_goal,4,f06daa8fc0765387,83941,21,0.01,7003941,False,1,1,1,0,80,83,M,0.8
1,3942,libero_goal_task7,libero_goal,7,64a8f542909ca58a,83942,22,0.01,7003942,False,1,1,1,0,60,67,M,0.8
1,3944,libero_object_task0,libero_object,0,28caacaa7821cfd8,83944,24,0.01,7003944,False,1,1,1,0,138,143,M,0.8
1,3947,libero_goal_task2,libero_goal,2,26eae17d968c0865,83947,27,0.01,7003947,False,1,1,1,0,85,83,M,0.8
1,3951,libero_goal_task9,libero_goal,9,9eb6538dedb832a3,83951,31,0.01,7003951,False,1,1,1,0,129,127,M,0.812
1,3952,libero_10_task5,libero_10,5,e82ab36b0f9301ec,83952,32,0.01,7003952,False,1,1,1,0,174,192,M,0.812
1,3954,libero_object_task2,libero_object,2,b9a0a630f62ee6f6,83954,34,0.01,7003954,False,1,1,1,0,108,110,M,0.8
1,3957,libero_object_task9,libero_object,9,20f20c50f959eff4,83957,37,0.01,7003957,False,0,0,1,-1,280,125,M,0.816
1,3958,libero_goal_task1,libero_goal,1,0ed790894ec776cd,83958,38,0.01,7003958,False,1,1,1,0,84,97,M,0.8
1,3959,libero_spatial_task1,libero_spatial,1,5ad6e8f5b484c300,83959,39,0.01,7003959,False,1,1,1,0,98,101,M,0.804
1,3961,libero_goal_task1,libero_goal,1,8dee703520394b3d,83961,1,0.01,7003961,False,1,1,1,0,78,88,M,0.8
1,3964,libero_object_task2,libero_object,2,83410c7567f8dde2,83964,4,0.01,7003964,False,1,1,1,0,109,107,M,0.8
1,3966,libero_object_task9,libero_object,9,830271b3c727fa3b,83966,6,0.01,7003966,False,1,1,1,0,138,120,M,0.812
1,3968,libero_goal_task1,libero_goal,1,560384535e38dc36,83968,8,0.01,7003968,False,1,1,1,0,88,95,M,0.8
1,3970,libero_goal_task7,libero_goal,7,fc64c404c0318410,83970,10,0.01,7003970,False,1,1,1,0,74,69,M,0.8
1,3972,libero_10_task5,libero_10,5,cd7da2529b28d6fb,83972,12,0.01,7003972,False,1,1,1,0,159,152,M,0.808
1,3974,libero_object_task2,libero_object,2,5a72e53bebb8667a,83974,14,0.01,7003974,False,1,1,1,0,112,115,M,0.8
1,3976,libero_object_task1,libero_object,1,71ab3e980a488e36,83976,16,0.01,7003976,False,1,1,1,0,128,124,M,0.816
1,3977,libero_object_task0,libero_object,0,bf9230b1655e0211,83977,17,0.01,7003977,False,1,1,1,0,143,136,M,0.8
1,3979,libero_object_task7,libero_object,7,9aaee99a9678327b,83979,19,0.01,7003979,False,1,1,1,0,141,128,M,0.808
1,3980,libero_goal_task2,libero_goal,2,5c918165264cdbb7,83980,20,0.01,7003980,False,1,1,1,0,97,85,M,0.8
1,3983,libero_goal_task9,libero_goal,9,da0214432012dd3a,83983,23,0.01,7003983,False,1,1,1,0,141,144,M,0.808
1,3984,libero_spatial_task6,libero_spatial,6,4d07cc7a2660e01a,93984,24,0.01,8003984,True,1,1,1,0,98,96,M,0.8
1,3986,libero_goal_task7,libero_goal,7,6e4ca47211ab11b2,83986,26,0.01,7003986,False,1,1,1,0,71,76,M,0.8
1,3987,libero_spatial_task6,libero_spatial,6,1a8d5a7ebb5d2d5e,93987,27,0.01,8003987,True,1,1,1,0,104,103,M,0.8
1,3988,libero_object_task5,libero_object,5,af72642d19b14aaa,83988,28,0.01,7003988,False,1,1,1,0,184,187,M,0.8
1,3990,libero_goal_task7,libero_goal,7,e6f04eb8df8a7ed7,83990,30,0.01,7003990,False,1,1,1,0,74,74,M,0.8
1,3994,libero_goal_task8,libero_goal,8,f96a4323bc106822,83994,34,0.01,7003994,False,1,1,1,0,80,82,M,0.8
1,3995,libero_goal_task2,libero_goal,2,a533aa99b99e8861,83995,35,0.01,7003995,False,1,1,1,0,92,95,M,0.8
1,3997,libero_object_task2,libero_object,2,67f3bdcd57fd07af,83997,37,0.01,7003997,False,1,1,1,0,114,117,M,0.8
2,448,libero_object_task8,libero_object,8,0ff1f574d2bc74f4,90448,8,0.01,8000448,False,1,1,1,0,137,157,M,0.8
2,450,libero_object_task8,libero_object,8,0e3cc07f9f743be9,90450,10,0.01,8000450,False,1,1,1,0,130,148,M,0.8
2,468,libero_object_task8,libero_object,8,c7fbc4ffb00e411f,90468,28,0.01,8000468,False,1,1,1,0,144,155,M,0.8
2,471,libero_object_task8,libero_object,8,4046b409c6b28d75,90471,31,0.01,8000471,False,1,1,1,0,138,147,M,0.8
2,514,libero_goal_task4,libero_goal,4,e8f9c7321a86ed1b,90514,34,0.01,8000514,False,1,1,1,0,132,87,M,0.8
2,518,libero_object_task8,libero_object,8,806f3745a3145b4e,90518,38,0.01,8000518,False,1,1,1,0,136,189,M,0.8
2,521,libero_object_task8,libero_object,8,286b79c0c252790d,90521,1,0.01,8000521,False,1,1,1,0,138,146,M,0.8
2,522,libero_object_task8,libero_object,8,bfce62aa6b70398c,90522,2,0.01,8000522,False,1,1,1,0,145,144,M,0.8
2,530,libero_goal_task4,libero_goal,4,64c4c3fd14776177,90530,10,0.01,8000530,False,1,1,1,0,83,86,M,0.8
2,544,libero_goal_task4,libero_goal,4,6d208b09d4af399b,90544,24,0.01,8000544,False,1,1,1,0,77,82,M,0.8
2,545,libero_goal_task4,libero_goal,4,cee9b3440443a201,90545,25,0.01,8000545,False,1,1,1,0,89,86,M,0.8
2,565,libero_goal_task4,libero_goal,4,b45e973d3f2e050f,90565,5,0.01,8000565,False,1,1,1,0,159,85,M,0.8
2,570,libero_goal_task4,libero_goal,4,d9cecad20c73073b,90570,10,0.01,8000570,False,1,1,1,0,85,93,M,0.8
2,577,libero_object_task5,libero_object,5,4a7ce68530cf8778,90577,17,0.01,8000577,False,0,0,0,0,280,280,M,0.816
2,580,libero_goal_task3,libero_goal,3,f91f96e4c070dd1c,90580,20,0.01,8000580,False,0,0,1,-1,300,177,M,0.816
2,597,libero_goal_task4,libero_goal,4,0a8520b69bf702f8,90597,37,0.01,8000597,False,1,1,1,0,84,85,M,0.8
2,609,libero_goal_task4,libero_goal,4,5f8b22bf52339c37,90609,9,0.01,8000609,False,1,1,1,0,77,91,M,0.8
2,611,libero_goal_task4,libero_goal,4,be0350cf26965fb3,90611,11,0.01,8000611,False,1,1,1,0,87,90,M,0.8
2,615,libero_goal_task7,libero_goal,7,7cf90cf6a052df24,90615,15,0.01,8000615,False,1,1,1,0,69,70,M,0.8
2,618,libero_object_task8,libero_object,8,ee65cddf554c93ec,90618,18,0.01,8000618,False,1,1,1,0,170,157,M,0.8
2,619,libero_goal_task4,libero_goal,4,1324dc8a9ef9ec59,90619,19,0.01,8000619,False,1,1,1,0,81,88,M,0.8
2,624,libero_10_task2,libero_10,2,2fff9c81e9953fb7,90624,24,0.01,8000624,False,1,1,1,0,225,225,M,0.8
2,638,libero_object_task8,libero_object,8,9a1d858c412335b0,90638,38,0.01,8000638,False,1,1,1,0,138,144,M,0.8
2,639,libero_goal_task1,libero_goal,1,2a7e8f5a6315aa65,90639,39,0.01,8000639,False,1,1,1,0,85,85,M,0.8
2,646,libero_goal_task7,libero_goal,7,bb0f6ad7c6bd717c,90646,6,0.01,8000646,False,1,1,1,0,76,77,M,0.8
2,651,libero_10_task2,libero_10,2,7a4501f4e0774641,90651,11,0.01,8000651,False,1,1,1,0,235,252,M,0.8
2,654,libero_goal_task1,libero_goal,1,bb5d2813664a3297,90654,14,0.01,8000654,False,1,1,1,0,81,79,M,0.8
2,661,libero_goal_task1,libero_goal,1,ceb2eaee213e0556,90661,21,0.01,8000661,False,1,1,1,0,91,84,M,0.8
2,671,libero_goal_task1,libero_goal,1,9d1748bcdf804709,90671,31,0.01,8000671,False,1,1,1,0,79,90,M,0.8
2,678,libero_goal_task4,libero_goal,4,937d968c0c65bf7b,90678,38,0.01,8000678,False,1,1,1,0,89,85,M,0.8
2,680,libero_goal_task1,libero_goal,1,a0a8b2b1d3e1d162,90680,0,0.01,8000680,False,1,1,1,0,84,84,M,0.8
2,681,libero_object_task8,libero_object,8,63ea31a83786554e,90681,1,0.01,8000681,False,1,1,1,0,137,149,M,0.8
2,686,libero_goal_task1,libero_goal,1,8c3586752d4572c6,90686,6,0.01,8000686,False,1,1,1,0,98,89,M,0.8
2,691,libero_goal_task4,libero_goal,4,a4e931f9514d2e59,90691,11,0.01,8000691,False,1,1,1,0,86,86,M,0.8
2,694,libero_goal_task2,libero_goal,2,244bc14f5156c765,90694,14,0.01,8000694,False,1,1,1,0,86,84,M,0.8
2,701,libero_goal_task4,libero_goal,4,5692b27128a608db,90701,21,0.01,8000701,False,1,1,1,0,80,84,M,0.8
2,702,libero_goal_task2,libero_goal,2,a618f6d3b0c85fc5,90702,22,0.01,8000702,False,1,1,1,0,97,89,M,0.8
2,707,libero_goal_task2,libero_goal,2,7246631dfff3567e,90707,27,0.01,8000707,False,1,1,1,0,91,83,M,0.8
2,711,libero_goal_task7,libero_goal,7,1112308e2a22af90,90711,31,0.01,8000711,False,1,1,1,0,70,76,M,0.8
2,716,libero_object_task8,libero_object,8,ae334b89acd1e5f5,90716,36,0.01,8000716,False,1,1,1,0,136,154,M,0.8
2,717,libero_object_task8,libero_object,8,be91d4b04ac6ee75,90717,37,0.01,8000717,False,1,1,1,0,137,148,M,0.8
2,727,libero_object_task8,libero_object,8,c10a70b1f08ae608,90727,7,0.01,8000727,False,1,1,1,0,137,165,M,0.8
2,740,libero_goal_task4,libero_goal,4,4294b6667953b500,90740,20,0.01,8000740,False,1,1,1,0,80,82,M,0.8
2,745,libero_object_task2,libero_object,2,9db2e879653f881a,90745,25,0.01,8000745,False,1,1,1,0,114,121,M,0.8
2,751,libero_goal_task2,libero_goal,2,d86987049666d9a8,90751,31,0.01,8000751,False,1,1,1,0,99,93,M,0.8
2,759,libero_goal_task1,libero_goal,1,3d04cdcd9f27d5c7,90759,39,0.01,8000759,False,1,1,1,0,96,89,M,0.8
2,767,libero_goal_task4,libero_goal,4,e84f41e4b2c80d68,90767,7,0.01,8000767,False,1,1,1,0,82,88,M,0.8
2,770,libero_goal_task7,libero_goal,7,333ef2fe65c4e992,90770,10,0.01,8000770,False,1,1,1,0,70,72,M,0.8
2,782,libero_goal_task4,libero_goal,4,1b722ac216e8b360,90782,22,0.01,8000782,False,1,1,1,0,82,90,M,0.8
2,785,libero_10_task2,libero_10,2,4747b2b5100fd8ab,90785,25,0.01,8000785,False,1,1,1,0,228,228,M,0.8
2,791,libero_10_task2,libero_10,2,1a9f28b648a8bb89,90791,31,0.01,8000791,False,1,1,1,0,245,233,M,0.8
2,793,libero_goal_task1,libero_goal,1,7d910dcef5f98caa,90793,33,0.01,8000793,False,1,1,1,0,84,89,M,0.8
2,797,libero_goal_task4,libero_goal,4,f1beb13cbb89693f,90797,37,0.01,8000797,False,1,1,1,0,82,85,M,0.8
2,802,libero_goal_task8,libero_goal,8,49f268dc6dd71fe0,90802,2,0.01,8000802,False,1,1,1,0,79,80,M,0.8
2,803,libero_goal_task1,libero_goal,1,40c584a9718ed60b,90803,3,0.01,8000803,False,1,1,1,0,85,83,M,0.8
2,809,libero_goal_task1,libero_goal,1,d04ae004481472f7,90809,9,0.01,8000809,False,0,0,1,-1,300,84,M,0.816
2,815,libero_goal_task1,libero_goal,1,17270fc300fd77d5,90815,15,0.01,8000815,False,1,1,1,0,84,85,M,0.812
2,817,libero_goal_task1,libero_goal,1,572b3f01c07c15f7,90817,17,0.01,8000817,False,1,1,1,0,81,87,M,0.808
2,821,libero_object_task9,libero_object,9,ce0fa1da29e5b7aa,90821,21,0.01,8000821,False,1,1,1,0,110,110,M,0.8
2,828,libero_10_task2,libero_10,2,612d37bdaa338916,90828,28,0.01,8000828,False,1,1,1,0,238,250,M,0.8
2,829,libero_object_task2,libero_object,2,15168fa6d2ade819,90829,29,0.01,8000829,False,1,1,1,0,115,126,M,0.8
2,834,libero_10_task2,libero_10,2,45d6a9a4dac23a10,90834,34,0.01,8000834,False,1,1,1,0,247,308,M,0.8
2,840,libero_object_task9,libero_object,9,9660b5df6749083c,90840,0,0.01,8000840,False,1,1,1,0,111,113,M,0.8
2,845,libero_object_task2,libero_object,2,3dd23f57caae6d04,90845,5,0.01,8000845,False,0,0,1,-1,280,112,M,0.816
2,852,libero_10_task2,libero_10,2,69e955d655063445,90852,12,0.01,8000852,False,1,1,0,1,215,520,M,0.8
2,856,libero_object_task8,libero_object,8,37446c464ebe2c2f,90856,16,0.01,8000856,False,1,1,1,0,143,153,M,0.8
2,857,libero_goal_task1,libero_goal,1,da34979c6cea02cc,90857,17,0.01,8000857,False,1,1,1,0,77,82,M,0.804
2,861,libero_goal_task8,libero_goal,8,0f48f9d7a4de5217,90861,21,0.01,8000861,False,0,0,1,-1,300,77,M,0.816
2,866,libero_goal_task7,libero_goal,7,ffde4ae61e802e77,90866,26,0.01,8000866,False,1,1,1,0,68,81,M,0.8
2,870,libero_goal_task4,libero_goal,4,1bcf68981f659826,90870,30,0.01,8000870,False,1,1,1,0,81,84,M,0.8
2,873,libero_object_task9,libero_object,9,cf5bf03f45a63f2c,90873,33,0.01,8000873,False,1,1,1,0,111,127,M,0.8
2,875,libero_goal_task1,libero_goal,1,40a6568f93887f69,90875,35,0.01,8000875,False,1,1,1,0,83,81,M,0.8
2,876,libero_object_task2,libero_object,2,287b5a21a4a108db,90876,36,0.01,8000876,False,1,1,1,0,106,113,M,0.812
2,882,libero_goal_task8,libero_goal,8,c238682c42f4c7c0,90882,2,0.01,8000882,False,1,1,1,0,77,83,M,0.812
2,883,libero_goal_task2,libero_goal,2,8bddf84613f2d723,90883,3,0.01,8000883,False,1,1,1,0,96,95,M,0.8
2,885,libero_goal_task4,libero_goal,4,7d2e1e534d261ce5,90885,5,0.01,8000885,False,1,1,1,0,81,82,M,0.8
2,891,libero_object_task2,libero_object,2,9d886a326073ee32,90891,11,0.01,8000891,False,1,1,1,0,109,113,M,0.808
2,894,libero_object_task2,libero_object,2,51ce0eebe07d37fb,90894,14,0.01,8000894,False,1,1,1,0,112,122,M,0.804
2,897,libero_goal_task7,libero_goal,7,a92d3dc09bb09515,90897,17,0.01,8000897,False,1,1,1,0,75,76,M,0.8
2,898,libero_object_task2,libero_object,2,cbd5aa3dea34d556,90898,18,0.01,8000898,False,1,1,1,0,115,125,M,0.8
2,899,libero_goal_task2,libero_goal,2,d90b56b03681079c,90899,19,0.01,8000899,False,1,1,1,0,89,86,M,0.8
2,900,libero_object_task4,libero_object,4,7e69000e70f079c9,90900,20,0.01,8000900,False,1,1,1,0,124,136,M,0.8
2,902,libero_object_task4,libero_object,4,f21f871120797e19,90902,22,0.01,8000902,False,1,1,1,0,131,138,M,0.8
2,903,libero_goal_task7,libero_goal,7,15b723214ac84e59,90903,23,0.01,8000903,False,1,1,1,0,75,75,M,0.8
2,905,libero_goal_task2,libero_goal,2,38e0f3779dfde219,90905,25,0.01,8000905,False,1,1,1,0,94,94,M,0.8
2,906,libero_10_task2,libero_10,2,ec1ea04bdb5a8692,90906,26,0.01,8000906,False,1,1,1,0,235,240,M,0.8
2,907,libero_goal_task1,libero_goal,1,7740823738653ac0,90907,27,0.01,8000907,False,1,1,1,0,88,91,M,0.8
2,908,libero_10_task2,libero_10,2,8c575657a0b8b578,90908,28,0.01,8000908,False,1,1,1,0,230,255,M,0.8
2,909,libero_goal_task7,libero_goal,7,edba0c0edda0d42b,90909,29,0.01,8000909,False,1,1,1,0,73,71,M,0.8
2,910,libero_goal_task7,libero_goal,7,ddc8a53a44a60c18,90910,30,0.01,8000910,False,1,1,1,0,72,75,M,0.8
2,912,libero_goal_task7,libero_goal,7,6232587cf00b8ff7,90912,32,0.01,8000912,False,1,1,1,0,72,74,M,0.8
2,917,libero_goal_task1,libero_goal,1,70671d72dcb3dd5c,90917,37,0.01,8000917,False,1,1,1,0,85,85,M,0.8
2,919,libero_object_task9,libero_object,9,b89999d6e4dac151,90919,39,0.01,8000919,False,1,1,1,0,107,130,M,0.8
2,921,libero_goal_task7,libero_goal,7,5518976f06556a05,90921,1,0.01,8000921,False,1,1,1,0,69,73,M,0.8
2,924,libero_goal_task7,libero_goal,7,7f75eb44e49f6e39,90924,4,0.01,8000924,False,1,1,1,0,69,77,M,0.8
2,926,libero_10_task2,libero_10,2,d606268a844126f2,90926,6,0.01,8000926,False,1,1,1,0,254,258,M,0.8
2,927,libero_object_task2,libero_object,2,b8794a398f1f3cdd,90927,7,0.01,8000927,False,1,1,1,0,109,115,M,0.8
2,928,libero_object_task2,libero_object,2,e747f2fe820d635b,90928,8,0.01,8000928,False,1,1,1,0,110,118,M,0.8
2,929,libero_object_task8,libero_object,8,c8958b0227df8d7f,90929,9,0.01,8000929,False,1,1,1,0,132,141,M,0.8
2,931,libero_object_task2,libero_object,2,dd8d7d9280844676,90931,11,0.01,8000931,False,1,1,1,0,109,117,M,0.8
2,932,libero_goal_task4,libero_goal,4,8e48b010a7ee3e3f,90932,12,0.01,8000932,False,1,1,1,0,80,87,M,0.8
2,933,libero_10_task2,libero_10,2,4ef711a247760b54,90933,13,0.01,8000933,False,1,1,1,0,218,230,M,0.8
2,934,libero_10_task2,libero_10,2,53fa6f2be75e7118,90934,14,0.01,8000934,False,1,1,1,0,241,243,M,0.8
2,937,libero_object_task2,libero_object,2,07cf7917f010ae7c,90937,17,0.01,8000937,False,1,1,1,0,113,122,M,0.8
2,941,libero_goal_task7,libero_goal,7,049b29ecbf002597,90941,21,0.01,8000941,False,1,1,1,0,61,70,M,0.8
2,944,libero_goal_task8,libero_goal,8,1f470f95f8783cc5,90944,24,0.01,8000944,False,1,1,1,0,63,72,M,0.808
2,946,libero_goal_task1,libero_goal,1,66fadff8fa541519,90946,26,0.01,8000946,False,1,1,1,0,75,81,M,0.8
2,948,libero_object_task9,libero_object,9,f41116a3a112bd04,90948,28,0.01,8000948,False,1,1,1,0,114,120,M,0.8
2,953,libero_object_task4,libero_object,4,a7ce8d9c364c94b5,90953,33,0.01,8000953,False,1,1,1,0,136,134,M,0.8
2,955,libero_object_task2,libero_object,2,12e44915b9844235,90955,35,0.01,8000955,False,1,1,1,0,107,118,M,0.8
2,958,libero_goal_task2,libero_goal,2,abefd8f0ae93cb63,90958,38,0.01,8000958,False,0,0,1,-1,300,100,M,0.816
2,966,libero_goal_task1,libero_goal,1,a70e156befff63a6,90966,6,0.01,8000966,False,1,1,1,0,81,85,M,0.8
2,970,libero_10_task2,libero_10,2,4a3b51c76b5d7f92,90970,10,0.01,8000970,False,1,1,1,0,226,225,M,0.8
2,971,libero_object_task9,libero_object,9,163681936b6a5679,90971,11,0.01,8000971,False,1,1,1,0,117,123,M,0.8
2,976,libero_object_task2,libero_object,2,ca8ed28ab72ca7ca,90976,16,0.01,8000976,False,1,1,1,0,105,112,M,0.8
2,980,libero_goal_task1,libero_goal,1,c2016799b6fab4b2,90980,20,0.01,8000980,False,1,1,1,0,83,97,M,0.8
2,983,libero_goal_task2,libero_goal,2,3e5cb9dc31ca31a9,90983,23,0.01,8000983,False,1,1,1,0,95,90,M,0.812
2,988,libero_goal_task8,libero_goal,8,7a1fc4f8f91c8a99,90988,28,0.01,8000988,False,1,1,1,0,63,81,M,0.804
2,989,libero_goal_task1,libero_goal,1,af0ef61dbf5c6d36,90989,29,0.01,8000989,False,1,1,1,0,83,83,M,0.8
2,991,libero_goal_task2,libero_goal,2,9a28f9ccc376c690,90991,31,0.01,8000991,False,1,1,1,0,94,93,M,0.808
2,992,libero_object_task2,libero_object,2,958db66d07f61ee2,90992,32,0.01,8000992,False,1,1,1,0,115,122,M,0.8
2,993,libero_10_task2,libero_10,2,523f6ff4e98b0dc3,90993,33,0.01,8000993,False,1,1,1,0,214,227,M,0.8
2,1000,libero_object_task2,libero_object,2,6d6f737c0ba8ee81,91000,0,0.01,8001000,False,1,1,1,0,115,116,M,0.8
2,1002,libero_goal_task8,libero_goal,8,d2971f36c01cfc5f,91002,2,0.01,8001002,False,1,1,1,0,75,74,M,0.8
2,1005,libero_10_task2,libero_10,2,d7ab5abfe67e9db5,91005,5,0.01,8001005,False,1,1,1,0,228,239,M,0.8
2,1006,libero_10_task2,libero_10,2,dd0a0d584d196d13,91006,6,0.01,8001006,False,1,1,1,0,247,264,M,0.8
2,1008,libero_object_task4,libero_object,4,ef2afec9304d8a8f,91008,8,0.01,8001008,False,1,1,1,0,137,134,M,0.8
2,1014,libero_goal_task4,libero_goal,4,b0b45b90493b519e,91014,14,0.01,8001014,False,1,1,1,0,82,86,M,0.8
2,1016,libero_goal_task7,libero_goal,7,b1b93ebdd91e027c,91016,16,0.01,8001016,False,1,1,1,0,73,76,M,0.8
2,1018,libero_object_task8,libero_object,8,c4f1f472c3565c8e,91018,18,0.01,8001018,False,1,1,0,1,130,280,M,0.8
2,1022,libero_object_task8,libero_object,8,c83dc990081646e2,91022,22,0.01,8001022,False,1,1,1,0,137,202,M,0.8
2,1024,libero_object_task2,libero_object,2,845648d1d118d738,91024,24,0.01,8001024,False,1,1,1,0,114,117,M,0.8
2,1025,libero_goal_task2,libero_goal,2,978cfe4aef06ddb0,91025,25,0.01,8001025,False,1,1,1,0,99,89,M,0.804
2,1030,libero_object_task8,libero_object,8,41ad5ea07292a9c6,91030,30,0.01,8001030,False,1,1,0,1,138,280,M,0.8
2,1032,libero_object_task4,libero_object,4,bad2bbb77072a5f7,91032,32,0.01,8001032,False,1,1,1,0,131,138,M,0.8
2,1034,libero_object_task4,libero_object,4,8352fffa2e928118,91034,34,0.01,8001034,False,1,1,1,0,130,131,M,0.8
2,1035,libero_goal_task4,libero_goal,4,0182fbde720ec920,91035,35,0.01,8001035,False,1,1,1,0,80,81,M,0.8
2,1036,libero_goal_task1,libero_goal,1,12796fdd98ac3dba,91036,36,0.01,8001036,False,1,1,1,0,83,80,M,0.8
2,1048,libero_goal_task8,libero_goal,8,9475b83b1e660cf6,91048,8,0.01,8001048,False,1,1,1,0,70,74,M,0.8
2,1057,libero_goal_task2,libero_goal,2,5e5bea686673c092,91057,17,0.01,8001057,False,1,1,1,0,95,100,M,0.8
2,1061,libero_goal_task1,libero_goal,1,7a8fc6083317e206,91061,21,0.01,8001061,False,1,1,1,0,90,93,M,0.8
2,1062,libero_object_task2,libero_object,2,8fafb7f1b3ff6b4d,91062,22,0.01,8001062,False,1,1,1,0,111,109,M,0.8
2,1063,libero_goal_task4,libero_goal,4,c2bc1a99fac02e0c,91063,23,0.01,8001063,False,1,1,1,0,80,86,M,0.8
2,1065,libero_object_task8,libero_object,8,9d6ca143fa390f6c,91065,25,0.01,8001065,False,1,1,1,0,145,145,M,0.8
2,1072,libero_object_task2,libero_object,2,abbef4aed2fcd62e,91072,32,0.01,8001072,False,1,1,1,0,114,120,M,0.8
2,1073,libero_object_task4,libero_object,4,b5aec1d883bcffb2,91073,33,0.01,8001073,False,1,1,1,0,134,141,M,0.8
2,1080,libero_object_task9,libero_object,9,65d30a055acf9e9a,91080,0,0.01,8001080,False,1,1,1,0,112,129,M,0.8
2,1084,libero_goal_task7,libero_goal,7,e7fba1c709524c44,91084,4,0.01,8001084,False,1,1,1,0,67,72,M,0.8
2,1085,libero_10_task2,libero_10,2,b92238c966b17101,91085,5,0.01,8001085,False,1,1,1,0,240,242,M,0.8
2,1090,libero_goal_task7,libero_goal,7,d04ec03ec2750adf,91090,10,0.01,8001090,False,1,1,1,0,73,71,M,0.8
2,1095,libero_object_task2,libero_object,2,7fb3c5f638646373,91095,15,0.01,8001095,False,1,1,0,1,110,280,M,0.8
2,1096,libero_goal_task7,libero_goal,7,a9a2dee478f0f81c,91096,16,0.01,8001096,False,1,1,1,0,73,77,M,0.8
2,1099,libero_10_task2,libero_10,2,00ee553c158edbaf,91099,19,0.01,8001099,False,1,1,1,0,221,219,M,0.8
2,1101,libero_goal_task7,libero_goal,7,6e5fd14115a0a0b6,91101,21,0.01,8001101,False,1,1,1,0,65,65,M,0.8
2,1103,libero_goal_task4,libero_goal,4,fb2f42fe7e738593,91103,23,0.01,8001103,False,1,1,1,0,79,88,M,0.8
2,1108,libero_object_task8,libero_object,8,4d2dfba3cb3fa508,91108,28,0.01,8001108,False,1,1,1,0,138,154,M,0.8
2,1111,libero_object_task9,libero_object,9,5104fc4ad9a6ad61,91111,31,0.01,8001111,False,1,1,1,0,112,111,M,0.8
2,1113,libero_goal_task1,libero_goal,1,265318da8eb03290,91113,33,0.01,8001113,False,0,0,1,-1,300,83,M,0.816
2,1114,libero_10_task2,libero_10,2,18f8e82d3272ddae,91114,34,0.01,8001114,False,1,1,1,0,266,246,M,0.8
2,1116,libero_object_task9,libero_object,9,fd4b7ec0c189b127,91116,36,0.01,8001116,False,1,1,1,0,110,123,M,0.8
2,1122,libero_goal_task8,libero_goal,8,e539d0d269848ff8,91122,2,0.01,8001122,False,1,1,1,0,72,78,M,0.8
2,1132,libero_object_task4,libero_object,4,7a5e6016b3590e5a,91132,12,0.01,8001132,False,1,1,1,0,136,130,M,0.8
2,1142,libero_goal_task7,libero_goal,7,854c8310a682b212,91142,22,0.01,8001142,False,1,1,1,0,63,63,M,0.8
2,1145,libero_10_task2,libero_10,2,b1bcd64f722d730f,91145,25,0.01,8001145,False,1,1,1,0,233,232,M,0.8
2,1148,libero_goal_task1,libero_goal,1,3c6ad7aeb853a848,91148,28,0.01,8001148,False,1,1,1,0,90,88,M,0.812
2,1149,libero_object_task8,libero_object,8,5ef89fdfb59ed920,91149,29,0.01,8001149,False,1,1,1,0,136,165,M,0.8
2,1150,libero_10_task2,libero_10,2,7ff5449bf842ca25,91150,30,0.01,8001150,False,1,1,1,0,217,228,M,0.8
2,1153,libero_goal_task7,libero_goal,7,461ebecc648950b3,91153,33,0.01,8001153,False,1,1,1,0,72,73,M,0.8
2,1157,libero_object_task9,libero_object,9,ff929401b6b8775e,91157,37,0.01,8001157,False,1,1,1,0,114,125,M,0.8
2,1158,libero_object_task8,libero_object,8,2dc55645d21cba94,91158,38,0.01,8001158,False,1,1,1,0,184,145,M,0.8
2,1165,libero_goal_task4,libero_goal,4,d280653ff697f402,91165,5,0.01,8001165,False,1,1,1,0,75,80,M,0.8
2,1166,libero_goal_task4,libero_goal,4,1e72846e0fa874c9,91166,6,0.01,8001166,False,1,1,1,0,83,85,M,0.8
2,1167,libero_object_task8,libero_object,8,e699c33a893c92d0,91167,7,0.01,8001167,False,1,1,1,0,132,146,M,0.8
2,1172,libero_10_task2,libero_10,2,25f09f51e9be0cb5,91172,12,0.01,8001172,False,1,1,1,0,213,244,M,0.8
2,1174,libero_goal_task2,libero_goal,2,6c31f879b00aece6,91174,14,0.01,8001174,False,1,1,1,0,86,85,M,0.8
2,1176,libero_goal_task2,libero_goal,2,7fc2d2089a4196b2,91176,16,0.01,8001176,False,1,1,1,0,85,95,M,0.8
2,1177,libero_goal_task4,libero_goal,4,fb7f01d3be0f2775,91177,17,0.01,8001177,False,1,1,1,0,86,83,M,0.8
2,1178,libero_object_task8,libero_object,8,ac6402f52ac5f841,91178,18,0.01,8001178,False,1,1,1,0,141,146,M,0.8
2,1179,libero_object_task4,libero_object,4,52ea41d70e304030,91179,19,0.01,8001179,False,1,1,1,0,136,143,M,0.8
2,1180,libero_goal_task2,libero_goal,2,c0450d6f223ec08c,91180,20,0.01,8001180,False,1,1,1,0,83,83,M,0.8
2,1183,libero_goal_task8,libero_goal,8,3cfa10fc9e6e732e,91183,23,0.01,8001183,False,1,1,1,0,68,76,M,0.8
2,1187,libero_10_task2,libero_10,2,2ce6ff9f201f2566,91187,27,0.01,8001187,False,1,1,1,0,229,237,M,0.8
2,1188,libero_goal_task4,libero_goal,4,b771944c9065f961,91188,28,0.01,8001188,False,1,1,1,0,79,84,M,0.8
2,1189,libero_goal_task1,libero_goal,1,4690e4e592d0e644,91189,29,0.01,8001189,False,1,1,0,1,84,300,M,0.808
2,1192,libero_object_task9,libero_object,9,fcf4fc6c8c947b90,91192,32,0.01,8001192,False,1,1,1,0,111,129,M,0.8
2,1195,libero_object_task2,libero_object,2,95459bf69be5bc78,91195,35,0.01,8001195,False,1,1,1,0,110,112,M,0.8
2,1196,libero_10_task2,libero_10,2,3a1b5b2081761281,91196,36,0.01,8001196,False,1,1,1,0,228,231,M,0.8
2,1200,libero_goal_task7,libero_goal,7,4517fe42f0f72266,91200,0,0.01,8001200,False,1,1,1,0,75,73,M,0.8
2,1201,libero_goal_task8,libero_goal,8,98f09e18cbc9c253,91201,1,0.01,8001201,False,1,1,1,0,79,79,M,0.8
2,1203,libero_object_task2,libero_object,2,bc173598b78ac8d7,91203,3,0.01,8001203,False,1,1,1,0,115,118,M,0.8
2,1204,libero_object_task2,libero_object,2,a5e873df5fa7f02b,91204,4,0.01,8001204,False,1,1,1,0,109,111,M,0.8
2,1206,libero_object_task8,libero_object,8,047373b94f8d03d7,91206,6,0.01,8001206,False,1,1,1,0,136,144,M,0.8
2,1208,libero_object_task9,libero_object,9,3ca153ea4c37265b,91208,8,0.01,8001208,False,1,1,1,0,108,123,M,0.8
2,1209,libero_goal_task8,libero_goal,8,625bc03d42a542c2,91209,9,0.01,8001209,False,1,1,1,0,64,73,M,0.8
2,1210,libero_goal_task8,libero_goal,8,bbfcc44db3e3ecd2,91210,10,0.01,8001210,False,1,1,1,0,70,77,M,0.8
2,1213,libero_object_task4,libero_object,4,ed556a35b1b3ad2c,91213,13,0.01,8001213,False,1,1,1,0,133,128,M,0.8
2,1215,libero_object_task8,libero_object,8,6e238693ef67b76e,91215,15,0.01,8001215,False,1,1,1,0,149,170,M,0.8
2,1216,libero_object_task4,libero_object,4,4d487c14bf74fd3c,91216,16,0.01,8001216,False,1,1,1,0,136,143,M,0.8
2,1217,libero_object_task2,libero_object,2,c7fee45a890ad2ef,91217,17,0.01,8001217,False,1,1,1,0,112,113,M,0.8
2,1219,libero_object_task4,libero_object,4,83b0cf4e787e74aa,91219,19,0.01,8001219,False,1,1,1,0,130,142,M,0.8
2,1221,libero_goal_task7,libero_goal,7,36135cce05826c9c,91221,21,0.01,8001221,False,1,1,1,0,62,65,M,0.8
2,1225,libero_goal_task1,libero_goal,1,9bb46fe66570e5bd,91225,25,0.01,8001225,False,1,1,1,0,91,91,M,0.804
2,1229,libero_goal_task4,libero_goal,4,6b06ff4307ee65ec,91229,29,0.01,8001229,False,1,1,1,0,82,87,M,0.8
2,1230,libero_object_task4,libero_object,4,9922b4a598308bdf,91230,30,0.01,8001230,False,1,1,1,0,132,138,M,0.8
2,1231,libero_object_task2,libero_object,2,9a40f3b67321746d,91231,31,0.01,8001231,False,1,1,1,0,116,119,M,0.8
2,1232,libero_spatial_task3,libero_spatial,3,cb230aa5f367a6f9,101232,32,0.01,9001232,True,1,1,1,0,72,80,M,0.8
2,1235,libero_object_task9,libero_object,9,f00f77759a7bf646,91235,35,0.01,8001235,False,1,1,1,0,114,124,M,0.8
2,1249,libero_goal_task8,libero_goal,8,0d8aa758556e314a,91249,9,0.01,8001249,False,1,1,1,0,70,73,M,0.8
2,1254,libero_goal_task7,libero_goal,7,3734bee9eeca1f3c,91254,14,0.01,8001254,False,1,1,1,0,67,74,M,0.8
2,1255,libero_spatial_task3,libero_spatial,3,030b5366d4e233d9,101255,15,0.01,9001255,True,1,1,1,0,81,80,M,0.8
2,1262,libero_goal_task1,libero_goal,1,8de48b549bc0068f,91262,22,0.01,8001262,False,1,1,1,0,78,87,M,0.8
2,1263,libero_goal_task8,libero_goal,8,ec0c75d8d1154f0d,91263,23,0.01,8001263,False,1,1,1,0,76,79,M,0.8
2,1264,libero_goal_task4,libero_goal,4,ed6208820377eb38,91264,24,0.01,8001264,False,1,1,1,0,79,85,M,0.8
2,1265,libero_object_task2,libero_object,2,08e6b1da1bde1253,91265,25,0.01,8001265,False,1,1,1,0,115,125,M,0.8
2,1267,libero_goal_task7,libero_goal,7,28d3c254428d2ef5,91267,27,0.01,8001267,False,1,1,1,0,73,70,M,0.8
2,1269,libero_object_task9,libero_object,9,0d80fb7337da4c6c,91269,29,0.01,8001269,False,1,1,1,0,113,120,M,0.8
2,1270,libero_object_task8,libero_object,8,cb0f73dfacda581b,91270,30,0.01,8001270,False,1,1,1,0,138,184,M,0.8
2,1271,libero_goal_task7,libero_goal,7,9b83c66619ed48ce,91271,31,0.01,8001271,False,1,1,1,0,68,74,M,0.8
2,1274,libero_goal_task2,libero_goal,2,4a1d281ac019ceb5,91274,34,0.01,8001274,False,1,1,1,0,102,102,M,0.8
2,1276,libero_10_task2,libero_10,2,55b599d567891362,91276,36,0.01,8001276,False,1,1,1,0,231,243,M,0.8
2,1278,libero_object_task9,libero_object,9,f7f59fd84e544078,91278,38,0.01,8001278,False,1,1,1,0,109,113,M,0.8
2,1279,libero_object_task8,libero_object,8,a33a868d8e9f50ed,91279,39,0.01,8001279,False,1,1,1,0,138,147,M,0.8
2,1283,libero_10_task2,libero_10,2,2f4681eb76e3bce5,91283,3,0.01,8001283,False,1,1,1,0,239,258,M,0.8
2,1284,libero_object_task8,libero_object,8,275b872e1698fe9d,91284,4,0.01,8001284,False,1,1,1,0,141,149,M,0.8
2,1285,libero_object_task4,libero_object,4,a17c3c0df642451f,91285,5,0.01,8001285,False,1,1,1,0,124,134,M,0.8
2,1286,libero_goal_task2,libero_goal,2,b55daa4e80b7065e,91286,6,0.01,8001286,False,1,1,1,0,85,90,M,0.8
2,1287,libero_goal_task4,libero_goal,4,cf8f99a5f63655da,91287,7,0.01,8001287,False,1,1,1,0,83,90,M,0.8
2,1288,libero_goal_task1,libero_goal,1,9d77a1919171c3a5,91288,8,0.01,8001288,False,1,1,1,0,115,89,M,0.8
2,1292,libero_goal_task7,libero_goal,7,b0d13a3850cb9cca,91292,12,0.01,8001292,False,1,1,1,0,70,76,M,0.8
2,1293,libero_spatial_task3,libero_spatial,3,9fe26157980d2767,101293,13,0.01,9001293,True,1,1,1,0,86,83,M,0.8
2,1294,libero_10_task2,libero_10,2,a1baa717c5ef656d,91294,14,0.01,8001294,False,1,1,1,0,228,241,M,0.8
2,1295,libero_object_task4,libero_object,4,4a3a25fbb06510b2,91295,15,0.01,8001295,False,1,1,1,0,142,141,M,0.8
2,1296,libero_goal_task8,libero_goal,8,a89229b2853bd2b7,91296,16,0.01,8001296,False,1,1,1,0,75,76,M,0.8
2,1299,libero_spatial_task3,libero_spatial,3,4faf15ec681b40ec,101299,19,0.01,9001299,True,1,1,1,0,82,81,M,0.8
2,1300,libero_goal_task1,libero_goal,1,8cfee2383d04e03f,91300,20,0.01,8001300,False,1,1,1,0,87,89,M,0.8
2,1302,libero_object_task2,libero_object,2,4bf9280ab4bc9291,91302,22,0.01,8001302,False,1,1,1,0,115,126,M,0.8
2,1305,libero_goal_task7,libero_goal,7,36b70fc12312c40e,91305,25,0.01,8001305,False,1,1,1,0,75,87,M,0.8
2,1311,libero_goal_task4,libero_goal,4,b680c2a68afa8c5c,91311,31,0.01,8001311,False,0,0,1,-1,300,86,M,0.816
2,1313,libero_goal_task8,libero_goal,8,b0ab0cb498e46f27,91313,33,0.01,8001313,False,1,1,1,0,74,74,M,0.8
2,1316,libero_object_task4,libero_object,4,99b6e3726f321a0c,91316,36,0.01,8001316,False,1,1,1,0,127,137,M,0.8
2,1319,libero_object_task2,libero_object,2,644506bcd9d5bb5e,91319,39,0.01,8001319,False,1,1,1,0,112,119,M,0.8
2,1321,libero_10_task2,libero_10,2,c3e27831de5a1a58,91321,1,0.01,8001321,False,1,1,1,0,222,223,M,0.8
2,1322,libero_object_task2,libero_object,2,9f84bea026c6ab88,91322,2,0.01,8001322,False,1,1,1,0,101,114,M,0.8
2,1325,libero_object_task8,libero_object,8,48f5d5d24e176cb7,91325,5,0.01,8001325,False,1,1,1,0,145,143,M,0.8
2,1333,libero_object_task9,libero_object,9,ab8f2cf756968a6a,91333,13,0.01,8001333,False,1,1,1,0,118,125,M,0.8
2,1334,libero_goal_task4,libero_goal,4,1f3d6a864cfbca90,91334,14,0.01,8001334,False,1,1,1,0,81,88,M,0.812
2,1342,libero_goal_task2,libero_goal,2,b796381c372805a4,91342,22,0.01,8001342,False,1,1,1,0,99,93,M,0.8
2,1348,libero_object_task4,libero_object,4,ec2eccb0d3f78d9a,91348,28,0.01,8001348,False,1,1,1,0,126,136,M,0.8
2,1351,libero_goal_task2,libero_goal,2,914faf1ec094b9dc,91351,31,0.01,8001351,False,1,1,1,0,94,90,M,0.8
2,1356,libero_object_task2,libero_object,2,40f9f25074014a42,91356,36,0.01,8001356,False,1,1,1,0,109,119,M,0.8
2,1360,libero_goal_task8,libero_goal,8,2044565d698d9f5e,91360,0,0.01,8001360,False,1,1,1,0,71,78,M,0.8
2,1361,libero_goal_task8,libero_goal,8,4780cb538d622cf8,91361,1,0.01,8001361,False,1,1,1,0,76,69,M,0.8
2,1362,libero_object_task8,libero_object,8,6c1d05e87a0d385a,91362,2,0.01,8001362,False,1,1,1,0,138,144,M,0.8
2,1366,libero_10_task2,libero_10,2,76034b3a7bf83440,91366,6,0.01,8001366,False,1,1,1,0,246,268,M,0.8
2,1371,libero_object_task2,libero_object,2,b904b22eba9a5909,91371,11,0.01,8001371,False,1,1,1,0,108,118,M,0.8
2,1374,libero_10_task2,libero_10,2,8f5eab87aeeacbd7,91374,14,0.01,8001374,False,1,1,1,0,227,252,M,0.8
2,1375,libero_goal_task7,libero_goal,7,f3026bcc5d24d45f,91375,15,0.01,8001375,False,1,1,1,0,67,68,M,0.8
2,1385,libero_goal_task2,libero_goal,2,75ca99e67fd3525b,91385,25,0.01,8001385,False,1,1,1,0,97,85,M,0.8
2,1393,libero_goal_task7,libero_goal,7,e2013077ddf603b8,91393,33,0.01,8001393,False,1,1,1,0,66,75,M,0.8
2,1394,libero_object_task4,libero_object,4,99fdccc893bc29bf,91394,34,0.01,8001394,False,1,1,1,0,129,135,M,0.8
2,1396,libero_object_task2,libero_object,2,6b9cf5cdeb7a3730,91396,36,0.01,8001396,False,1,1,1,0,112,117,M,0.8
2,1398,libero_goal_task8,libero_goal,8,771c2ac2b5e65afb,91398,38,0.01,8001398,False,1,1,1,0,72,76,M,0.8
2,1401,libero_object_task8,libero_object,8,381747e9f0fab31f,91401,1,0.01,8001401,False,1,1,1,0,129,194,M,0.8
2,1407,libero_goal_task8,libero_goal,8,57d5a417d6c55aa8,91407,7,0.01,8001407,False,1,1,1,0,70,79,M,0.8
2,1408,libero_object_task4,libero_object,4,79ae08bef9a951a6,91408,8,0.01,8001408,False,1,1,1,0,127,135,M,0.8
2,1409,libero_spatial_task3,libero_spatial,3,074fa55c159c6784,101409,9,0.01,9001409,True,1,1,1,0,87,86,M,0.8
2,1410,libero_goal_task7,libero_goal,7,341547b0d6b20ab6,91410,10,0.01,8001410,False,1,1,1,0,75,70,M,0.8
2,1411,libero_goal_task4,libero_goal,4,a7b27db308b11868,91411,11,0.01,8001411,False,1,1,1,0,85,90,M,0.808
2,1414,libero_10_task2,libero_10,2,996e04c5e8511fa1,91414,14,0.01,8001414,False,0,0,1,-1,520,250,M,0.816
2,1417,libero_object_task9,libero_object,9,ea77cc8847d13b40,91417,17,0.01,8001417,False,1,1,1,0,112,117,M,0.8
2,1424,libero_10_task2,libero_10,2,6d04acd6574d2d19,91424,24,0.01,8001424,False,1,1,1,0,241,226,M,0.812
2,1427,libero_goal_task7,libero_goal,7,3ec1b8c64380e18e,91427,27,0.01,8001427,False,1,1,1,0,73,73,M,0.8
2,1431,libero_goal_task2,libero_goal,2,7758cadd9c5d129f,91431,31,0.01,8001431,False,1,1,1,0,101,92,M,0.8
2,1434,libero_goal_task4,libero_goal,4,0e3331de3a5129ad,91434,34,0.01,8001434,False,1,1,1,0,78,88,M,0.804
2,1436,libero_goal_task4,libero_goal,4,f889a841e0fdb534,91436,36,0.01,8001436,False,0,0,1,-1,300,88,M,0.82
2,1439,libero_object_task2,libero_object,2,3c618ac80aae7100,91439,39,0.01,8001439,False,1,1,1,0,124,126,M,0.8
2,1440,libero_object_task4,libero_object,4,9bb88c7585c4f2b2,91440,0,0.01,8001440,False,1,1,1,0,142,146,M,0.8
2,1445,libero_10_task2,libero_10,2,b5c5f8862c611bee,91445,5,0.01,8001445,False,1,1,1,0,227,240,M,0.808
2,1447,libero_10_task2,libero_10,2,3d1802cf42b3acbf,91447,7,0.01,8001447,False,1,1,1,0,227,261,M,0.804
2,1450,libero_object_task8,libero_object,8,cdf883866fee8ad5,91450,10,0.01,8001450,False,1,1,1,0,129,154,M,0.8
2,1451,libero_goal_task8,libero_goal,8,f16f0688ad16c880,91451,11,0.01,8001451,False,1,1,1,0,70,74,M,0.8
2,1452,libero_goal_task2,libero_goal,2,0ae97b4583f10d59,91452,12,0.01,8001452,False,1,1,1,0,84,92,M,0.8
2,1454,libero_object_task8,libero_object,8,3771722d297d3c2b,91454,14,0.01,8001454,False,1,1,1,0,149,152,M,0.8
2,1460,libero_object_task4,libero_object,4,4f2f1b06885c0dba,91460,20,0.01,8001460,False,1,1,1,0,128,131,M,0.8
2,1463,libero_goal_task4,libero_goal,4,d2f6d7a3941d9cb2,91463,23,0.01,8001463,False,1,1,1,0,80,86,M,0.816
2,1465,libero_goal_task1,libero_goal,1,4ca30f5d603065a2,91465,25,0.01,8001465,False,1,1,1,0,91,90,M,0.8
2,1466,libero_10_task2,libero_10,2,35bdb2216c4c73a1,91466,26,0.01,8001466,False,1,1,1,0,245,257,M,0.8
2,1467,libero_object_task9,libero_object,9,2ef042454b54c793,91467,27,0.01,8001467,False,1,1,1,0,117,124,M,0.8
2,1472,libero_goal_task2,libero_goal,2,e9d85d4b651a2416,91472,32,0.01,8001472,False,1,1,1,0,85,92,M,0.8
2,1477,libero_goal_task8,libero_goal,8,fac2103d587d4525,91477,37,0.01,8001477,False,1,1,1,0,74,79,M,0.8
2,1478,libero_goal_task1,libero_goal,1,943e44858f7a495a,91478,38,0.01,8001478,False,1,1,1,0,82,88,M,0.8
2,1479,libero_goal_task2,libero_goal,2,98f3e5f9addc321a,91479,39,0.01,8001479,False,1,1,1,0,92,91,M,0.8
2,1482,libero_object_task4,libero_object,4,c578f0f364ae78d5,91482,2,0.01,8001482,False,1,1,1,0,136,128,M,0.8
2,1483,libero_object_task8,libero_object,8,9ad494c7430cce7c,91483,3,0.01,8001483,False,1,1,1,0,136,144,M,0.8
2,1488,libero_object_task2,libero_object,2,e4cc243ba289b7b6,91488,8,0.01,8001488,False,1,1,1,0,110,116,M,0.8
2,1496,libero_goal_task7,libero_goal,7,1c200533ae135ca7,91496,16,0.01,8001496,False,1,1,1,0,77,79,M,0.8
2,1499,libero_goal_task8,libero_goal,8,6e8306dcd47559eb,91499,19,0.01,8001499,False,1,1,1,0,71,75,M,0.8
2,1500,libero_spatial_task3,libero_spatial,3,a764ef0f8fcf14ba,101500,20,0.01,9001500,True,1,1,1,0,88,84,M,0.8
2,1507,libero_goal_task2,libero_goal,2,64b7254b34291ec2,91507,27,0.01,8001507,False,1,1,1,0,85,84,M,0.8
2,1509,libero_goal_task8,libero_goal,8,1cb693a4e2e36fee,91509,29,0.01,8001509,False,1,1,1,0,89,80,M,0.8
2,1513,libero_object_task4,libero_object,4,0e0e7150062273c9,91513,33,0.01,8001513,False,1,1,1,0,144,142,M,0.8
2,1515,libero_10_task2,libero_10,2,5ece8994bcf89aa0,91515,35,0.01,8001515,False,1,1,1,0,235,249,M,0.8
2,1516,libero_object_task9,libero_object,9,826ec7b2a864017b,91516,36,0.01,8001516,False,1,1,1,0,118,120,M,0.8
2,1520,libero_goal_task1,libero_goal,1,cfa4cb7344045b5e,91520,0,0.01,8001520,False,0,0,1,-1,300,84,M,0.816
2,1521,libero_10_task2,libero_10,2,643d51c0855ac36a,91521,1,0.01,8001521,False,1,1,1,0,225,236,M,0.8
2,1522,libero_goal_task4,libero_goal,4,44cea16d9ad3e0e0,91522,2,0.01,8001522,False,1,1,1,0,79,83,M,0.812
2,1524,libero_object_task2,libero_object,2,634874be077afa8c,91524,4,0.01,8001524,False,1,1,1,0,109,212,M,0.8
2,1525,libero_goal_task4,libero_goal,4,1f1ef45abda6d54c,91525,5,0.01,8001525,False,1,1,1,0,80,85,M,0.808
2,1526,libero_goal_task2,libero_goal,2,db05d79a76f31d4c,91526,6,0.01,8001526,False,1,1,1,0,94,100,M,0.8
2,1528,libero_goal_task2,libero_goal,2,979c88e45f4f78ad,91528,8,0.01,8001528,False,1,1,1,0,88,89,M,0.8
2,1532,libero_10_task2,libero_10,2,0d9ccb2a58d2d90d,91532,12,0.01,8001532,False,1,1,1,0,213,220,M,0.8
2,1533,libero_object_task9,libero_object,9,a31e506ef8ec784f,91533,13,0.01,8001533,False,1,1,1,0,118,127,M,0.8
2,1534,libero_object_task9,libero_object,9,ed4db68d893af975,91534,14,0.01,8001534,False,1,1,1,0,112,123,M,0.8
2,1535,libero_object_task4,libero_object,4,0748d2cf16239c7d,91535,15,0.01,8001535,False,1,1,1,0,144,142,M,0.8
2,1536,libero_goal_task7,libero_goal,7,e4c8c0670d1caa0d,91536,16,0.01,8001536,False,1,1,1,0,77,80,M,0.8
2,1538,libero_goal_task1,libero_goal,1,a5a3172989c28c97,91538,18,0.01,8001538,False,1,1,1,0,83,89,M,0.812
2,1539,libero_object_task9,libero_object,9,8ff218cffd370075,91539,19,0.01,8001539,False,1,1,1,0,119,115,M,0.8
2,1540,libero_goal_task8,libero_goal,8,4a3630e6053601d4,91540,20,0.01,8001540,False,1,1,1,0,70,75,M,0.8
2,1541,libero_goal_task2,libero_goal,2,cdcc1a5dd0e50de0,91541,21,0.01,8001541,False,1,1,1,0,84,92,M,0.8
2,1542,libero_goal_task7,libero_goal,7,96acc00ee7e6688b,91542,22,0.01,8001542,False,1,1,1,0,61,73,M,0.8
2,1543,libero_object_task2,libero_object,2,a0aa7cba760fded1,91543,23,0.01,8001543,False,1,1,1,0,108,124,M,0.8
2,1545,libero_object_task2,libero_object,2,2af56f22bb238332,91545,25,0.01,8001545,False,1,1,1,0,120,114,M,0.8
2,1551,libero_object_task2,libero_object,2,5fe33e8a5770173b,91551,31,0.01,8001551,False,1,1,1,0,114,121,M,0.8
2,1554,libero_goal_task7,libero_goal,7,4dd1eabc6e621988,91554,34,0.01,8001554,False,1,1,1,0,67,81,M,0.8
2,1555,libero_goal_task2,libero_goal,2,84de253a3d2ee445,91555,35,0.01,8001555,False,1,1,1,0,83,86,M,0.8
2,1558,libero_goal_task2,libero_goal,2,fa46520e8adae531,91558,38,0.01,8001558,False,1,1,1,0,83,92,M,0.8
2,1559,libero_10_task2,libero_10,2,45bd7920e3d8b80e,91559,39,0.01,8001559,False,1,1,1,0,225,245,M,0.8
2,1561,libero_object_task9,libero_object,9,6e59c20fa7835001,91561,1,0.01,8001561,False,0,0,1,-1,280,129,M,0.816
2,1570,libero_goal_task7,libero_goal,7,41a1cafaea8b2b07,91570,10,0.01,8001570,False,1,1,1,0,70,75,M,0.8
2,1575,libero_goal_task1,libero_goal,1,9d9ca8814925f0e9,91575,15,0.01,8001575,False,1,1,1,0,82,89,M,0.808
2,1576,libero_goal_task7,libero_goal,7,dcc859aa8e4e05ed,91576,16,0.01,8001576,False,1,1,1,0,77,77,M,0.8
2,1578,libero_goal_task7,libero_goal,7,60688145bdec2a5a,91578,18,0.01,8001578,False,1,1,1,0,71,74,M,0.8
2,1579,libero_goal_task4,libero_goal,4,7a6639ec6d29f76e,91579,19,0.01,8001579,False,1,1,1,0,81,87,M,0.804
2,1580,libero_goal_task8,libero_goal,8,7bb6fa2aba52e430,91580,20,0.01,8001580,False,1,1,1,0,69,73,M,0.8
2,1582,libero_goal_task7,libero_goal,7,2b9ab5f0fe0d3089,91582,22,0.01,8001582,False,1,1,1,0,60,66,M,0.8
2,1585,libero_object_task9,libero_object,9,05e6fb9b73cc5bb3,91585,25,0.01,8001585,False,1,1,1,0,124,125,M,0.812
2,1588,libero_object_task8,libero_object,8,3aaa47a852878379,91588,28,0.01,8001588,False,1,1,1,0,137,173,M,0.8
2,1592,libero_object_task4,libero_object,4,7eeec25b09879ce0,91592,32,0.01,8001592,False,1,1,1,0,129,138,M,0.8
2,1594,libero_goal_task1,libero_goal,1,af5668eb55fa3c8c,91594,34,0.01,8001594,False,1,1,1,0,83,79,M,0.804
2,1597,libero_goal_task7,libero_goal,7,9d753865480994ae,91597,37,0.01,8001597,False,1,1,1,0,63,72,M,0.8
2,1603,libero_goal_task1,libero_goal,1,8608bb74784ec7e2,91603,3,0.01,8001603,False,1,1,1,0,85,84,M,0.8
2,1606,libero_10_task2,libero_10,2,bbf95ed965f1db66,91606,6,0.01,8001606,False,1,1,1,0,249,252,M,0.8
2,1607,libero_goal_task1,libero_goal,1,73f71169c820a1f0,91607,7,0.01,8001607,False,1,1,1,0,81,82,M,0.8
2,1608,libero_object_task8,libero_object,8,c199191c0f04d232,91608,8,0.01,8001608,False,1,1,1,0,137,149,M,0.8
2,1609,libero_object_task8,libero_object,8,5b991c5240047a22,91609,9,0.01,8001609,False,1,1,1,0,145,181,M,0.8
2,1612,libero_goal_task8,libero_goal,8,5069c8884c14f764,91612,12,0.01,8001612,False,1,1,1,0,67,77,M,0.8
2,1613,libero_goal_task4,libero_goal,4,8e210aede3b55fe3,91613,13,0.01,8001613,False,1,1,1,0,80,81,M,0.8
2,1615,libero_goal_task7,libero_goal,7,5ebfe79bda4a87cd,91615,15,0.01,8001615,False,1,1,1,0,70,73,M,0.8
2,1616,libero_10_task2,libero_10,2,21733fecc0cb9b1d,91616,16,0.01,8001616,False,1,1,1,0,231,275,M,0.8
2,1617,libero_goal_task4,libero_goal,4,32cca28f23484a57,91617,17,0.01,8001617,False,1,1,1,0,82,87,M,0.8
2,1619,libero_goal_task7,libero_goal,7,5536da756a5e39fb,91619,19,0.01,8001619,False,1,1,1,0,70,77,M,0.8
2,1622,libero_goal_task7,libero_goal,7,c8c9f04abe262841,91622,22,0.01,8001622,False,1,1,1,0,61,73,M,0.8
2,1623,libero_goal_task2,libero_goal,2,5c62299ede006d7e,91623,23,0.01,8001623,False,1,1,1,0,97,85,M,0.8
2,1624,libero_goal_task7,libero_goal,7,715608ef336f31aa,91624,24,0.01,8001624,False,1,1,1,0,72,73,M,0.8
2,1625,libero_goal_task1,libero_goal,1,130c184b05eb6e6e,91625,25,0.01,8001625,False,1,1,1,0,98,89,M,0.8
2,1626,libero_goal_task2,libero_goal,2,2db36c8c6c695cfe,91626,26,0.01,8001626,False,1,1,1,0,90,87,M,0.8
2,1628,libero_object_task9,libero_object,9,4f071affbce536a6,91628,28,0.01,8001628,False,1,1,1,0,113,123,M,0.808
2,1629,libero_goal_task2,libero_goal,2,ccdb4260f4269701,91629,29,0.01,8001629,False,1,1,1,0,84,81,M,0.8
2,1631,libero_spatial_task3,libero_spatial,3,283930db199f7c5f,101631,31,0.01,9001631,True,1,1,1,0,82,84,M,0.8
2,1635,libero_goal_task8,libero_goal,8,3425df9b7a20aeb1,91635,35,0.01,8001635,False,1,1,1,0,67,75,M,0.8
2,1642,libero_object_task2,libero_object,2,6a96b7c32df57f8a,91642,2,0.01,8001642,False,0,0,1,-1,280,112,M,0.816
2,1645,libero_object_task9,libero_object,9,d6cc7cfb6a79e98d,91645,5,0.01,8001645,False,1,1,1,0,112,120,M,0.804
2,1646,libero_goal_task8,libero_goal,8,7fc82777a4afbfcf,91646,6,0.01,8001646,False,1,1,1,0,66,71,M,0.8
2,1651,libero_goal_task4,libero_goal,4,7a5983708eed4b49,91651,11,0.01,8001651,False,1,1,1,0,80,91,M,0.8
2,1652,libero_object_task9,libero_object,9,e9cadd8f9bb4dd21,91652,12,0.01,8001652,False,1,1,1,0,115,121,M,0.8
2,1653,libero_goal_task4,libero_goal,4,df10769b9950d882,91653,13,0.01,8001653,False,1,1,1,0,77,81,M,0.8
2,1658,libero_object_task9,libero_object,9,4729347b68fbee99,91658,18,0.01,8001658,False,1,1,1,0,119,124,M,0.8
2,1666,libero_goal_task2,libero_goal,2,69947978eac3606d,91666,26,0.01,8001666,False,0,0,1,-1,300,86,M,0.816
2,1668,libero_10_task2,libero_10,2,a54df418cd401ee5,91668,28,0.01,8001668,False,1,1,1,0,227,250,M,0.8
2,1669,libero_10_task2,libero_10,2,c03d68b3bad6895d,91669,29,0.01,8001669,False,1,1,1,0,226,229,M,0.8
2,1672,libero_goal_task2,libero_goal,2,73848ab96d287aff,91672,32,0.01,8001672,False,1,1,1,0,85,98,M,0.812
2,1674,libero_goal_task2,libero_goal,2,dbbb448789593e99,91674,34,0.01,8001674,False,1,1,1,0,92,94,M,0.808
2,1677,libero_goal_task8,libero_goal,8,f973c216bf92ade0,91677,37,0.01,8001677,False,1,1,1,0,72,79,M,0.8
2,1680,libero_goal_task7,libero_goal,7,efad866a68e3de76,91680,0,0.01,8001680,False,1,1,1,0,75,71,M,0.8
2,1682,libero_goal_task8,libero_goal,8,5689185c55113eac,91682,2,0.01,8001682,False,1,1,1,0,70,74,M,0.8
2,1689,libero_goal_task7,libero_goal,7,01d6eecde6da4cc0,91689,9,0.01,8001689,False,1,1,1,0,65,70,M,0.8
2,1692,libero_goal_task8,libero_goal,8,f2da8180c12ade4b,91692,12,0.01,8001692,False,1,1,1,0,72,76,M,0.8
2,1696,libero_goal_task8,libero_goal,8,ce9742f271670527,91696,16,0.01,8001696,False,1,1,1,0,71,71,M,0.8
2,1698,libero_object_task8,libero_object,8,66333084f309698e,91698,18,0.01,8001698,False,1,1,1,0,137,141,M,0.8
2,1699,libero_goal_task2,libero_goal,2,7ace9851231d937e,91699,19,0.01,8001699,False,1,1,1,0,81,86,M,0.804
2,1701,libero_goal_task4,libero_goal,4,d7d870dc52eb4aa8,91701,21,0.01,8001701,False,1,1,1,0,86,83,M,0.8
2,1702,libero_goal_task7,libero_goal,7,d0d15d0148b7634d,91702,22,0.01,8001702,False,1,1,1,0,63,76,M,0.8
2,1703,libero_goal_task1,libero_goal,1,cf139efc286ba5f2,91703,23,0.01,8001703,False,1,1,1,0,86,92,M,0.8
2,1707,libero_object_task9,libero_object,9,38e57c556b1747ed,91707,27,0.01,8001707,False,1,1,1,0,116,120,M,0.8
2,1708,libero_object_task2,libero_object,2,c98fd4a94085f747,91708,28,0.01,8001708,False,1,1,1,0,119,118,M,0.812
2,1709,libero_goal_task4,libero_goal,4,b444e946a1e29b72,91709,29,0.01,8001709,False,1,1,1,0,80,85,M,0.8
2,1711,libero_object_task4,libero_object,4,816f25d33d2ae864,91711,31,0.01,8001711,False,1,1,1,0,138,143,M,0.8
2,1714,libero_object_task8,libero_object,8,c0b3b678daae3460,91714,34,0.01,8001714,False,1,1,1,0,145,146,M,0.8
2,1715,libero_object_task9,libero_object,9,7d007da01f336a1b,91715,35,0.01,8001715,False,1,1,1,0,111,123,M,0.8
2,1716,libero_10_task2,libero_10,2,a8b88a3e27c80eea,91716,36,0.01,8001716,False,1,1,1,0,218,236,M,0.8
2,1721,libero_object_task9,libero_object,9,e88eda05096c41a7,91721,1,0.01,8001721,False,0,0,1,-1,280,111,M,0.816
2,1722,libero_goal_task4,libero_goal,4,588ab775c9b068ba,91722,2,0.01,8001722,False,0,0,1,-1,300,89,M,0.816
2,1729,libero_object_task4,libero_object,4,1dbb419a9da9748a,91729,9,0.01,8001729,False,1,1,1,0,137,144,M,0.8
2,1731,libero_object_task8,libero_object,8,c88db5dc988d5d91,91731,11,0.01,8001731,False,1,1,1,0,136,146,M,0.8
2,1735,libero_spatial_task2,libero_spatial,2,18e5612121faab5b,101735,15,0.01,9001735,True,1,1,1,0,110,95,M,0.8
2,1736,libero_goal_task2,libero_goal,2,7bf580cf82d8c473,91736,16,0.01,8001736,False,1,1,1,0,96,101,M,0.8
2,1741,libero_goal_task1,libero_goal,1,ad5c068611421b31,91741,21,0.01,8001741,False,1,1,1,0,83,90,M,0.8
2,1745,libero_goal_task2,libero_goal,2,795678184f31a199,91745,25,0.01,8001745,False,1,1,1,0,100,93,M,0.8
2,1749,libero_10_task2,libero_10,2,f6d12a137154cf1f,91749,29,0.01,8001749,False,1,1,1,0,219,247,M,0.8
2,1751,libero_object_task4,libero_object,4,952e9b0e97de24bb,91751,31,0.01,8001751,False,1,1,1,0,136,145,M,0.8
2,1756,libero_goal_task4,libero_goal,4,c9aed595779df9fd,91756,36,0.01,8001756,False,0,0,1,-1,300,87,M,0.832
2,1758,libero_goal_task2,libero_goal,2,4cad43eb428e6e0e,91758,38,0.01,8001758,False,1,1,1,0,97,95,M,0.8
2,1759,libero_object_task8,libero_object,8,362b5f29addb5597,91759,39,0.01,8001759,False,1,1,1,0,138,145,M,0.8
2,1761,libero_spatial_task2,libero_spatial,2,77ce332955a8c645,101761,1,0.01,9001761,True,1,1,1,0,107,99,M,0.8
2,1762,libero_10_task2,libero_10,2,5d8aaf0a966048df,91762,2,0.01,8001762,False,1,1,1,0,246,265,M,0.8
2,1764,libero_object_task2,libero_object,2,62d8c19b13ea6861,91764,4,0.01,8001764,False,1,1,1,0,110,113,M,0.808
2,1768,libero_goal_task7,libero_goal,7,5c8fb3185d5df778,91768,8,0.01,8001768,False,1,1,1,0,67,80,M,0.8
2,1770,libero_object_task4,libero_object,4,d039273afc005540,91770,10,0.01,8001770,False,1,1,1,0,129,136,M,0.8
2,1771,libero_goal_task4,libero_goal,4,fb8186b2027d8f53,91771,11,0.01,8001771,False,1,1,1,0,82,88,M,0.828
2,1773,libero_goal_task1,libero_goal,1,1d1f1b6606b7e17d,91773,13,0.01,8001773,False,1,1,1,0,81,85,M,0.8
2,1778,libero_object_task4,libero_object,4,e26c8a5f67a3d39f,91778,18,0.01,8001778,False,1,1,1,0,137,150,M,0.8
2,1779,libero_goal_task1,libero_goal,1,4b32725af8c8da81,91779,19,0.01,8001779,False,1,1,1,0,80,83,M,0.8
2,1780,libero_object_task2,libero_object,2,185775363f4dd316,91780,20,0.01,8001780,False,1,1,1,0,114,117,M,0.804
2,1782,libero_10_task2,libero_10,2,4ecade80fa5bc953,91782,22,0.01,8001782,False,1,1,1,0,260,214,M,0.8
2,1783,libero_goal_task2,libero_goal,2,f716ac4b9e3ea899,91783,23,0.01,8001783,False,1,1,1,0,94,89,M,0.8
2,1792,libero_goal_task1,libero_goal,1,d38691bb55d2e4cb,91792,32,0.01,8001792,False,1,1,1,0,81,82,M,0.8
2,1797,libero_10_task2,libero_10,2,20f0d66c807267da,91797,37,0.01,8001797,False,0,0,1,-1,520,264,M,0.816
2,1798,libero_goal_task8,libero_goal,8,a2027a4ad820c683,91798,38,0.01,8001798,False,1,1,1,0,69,84,M,0.8
2,1804,libero_object_task2,libero_object,2,93830a620b5ddf0b,91804,4,0.01,8001804,False,1,1,1,0,111,115,M,0.8
2,1805,libero_goal_task7,libero_goal,7,72214cc19f43e93d,91805,5,0.01,8001805,False,1,1,1,0,73,77,M,0.8
2,1808,libero_goal_task8,libero_goal,8,b2eb3907eaf95c1f,91808,8,0.01,8001808,False,1,1,1,0,74,77,M,0.8
2,1809,libero_object_task8,libero_object,8,b7b60c7a8141eadf,91809,9,0.01,8001809,False,1,1,1,0,157,143,M,0.8
2,1812,libero_spatial_task6,libero_spatial,6,5716a9297bfd9267,101812,12,0.01,9001812,True,1,1,1,0,109,110,M,0.8
2,1815,libero_object_task9,libero_object,9,79f26447d34458ec,91815,15,0.01,8001815,False,1,1,1,0,105,111,M,0.812
2,1824,libero_goal_task7,libero_goal,7,c953b24c74fce661,91824,24,0.01,8001824,False,1,1,1,0,76,80,M,0.8
2,1828,libero_object_task4,libero_object,4,5b624f742f3347f5,91828,28,0.01,8001828,False,1,1,1,0,130,136,M,0.8
2,1830,libero_object_task9,libero_object,9,c0aa8cdfed368656,91830,30,0.01,8001830,False,1,1,1,0,113,127,M,0.808
2,1834,libero_10_task2,libero_10,2,b3b708aeeb8985a4,91834,34,0.01,8001834,False,1,1,1,0,271,249,M,0.812
2,1836,libero_goal_task8,libero_goal,8,799ca5962b6f65fd,91836,36,0.01,8001836,False,0,0,0,0,300,300,M,0.816
2,1838,libero_goal_task1,libero_goal,1,48c15536c79636d9,91838,38,0.01,8001838,False,1,1,1,0,84,96,M,0.8
2,1841,libero_object_task9,libero_object,9,d904a4b0b0156f7e,91841,1,0.01,8001841,False,1,1,1,0,108,117,M,0.804
2,1843,libero_goal_task8,libero_goal,8,b106cd2db267ab01,91843,3,0.01,8001843,False,0,0,1,-1,300,70,M,0.832
2,1846,libero_object_task8,libero_object,8,be389d683e0b5af5,91846,6,0.01,8001846,False,1,1,1,0,159,141,M,0.8
2,1855,libero_goal_task7,libero_goal,7,42cdf49bc3cb6022,91855,15,0.01,8001855,False,1,1,1,0,69,73,M,0.8
2,1860,libero_object_task4,libero_object,4,c4aa6edb0417eff8,91860,20,0.01,8001860,False,1,1,1,0,122,136,M,0.8
2,1872,libero_object_task4,libero_object,4,9d3857fc0006f340,91872,32,0.01,8001872,False,1,1,1,0,134,137,M,0.8
2,1873,libero_object_task4,libero_object,4,65f6dae6630d7c42,91873,33,0.01,8001873,False,1,1,1,0,138,155,M,0.8
2,1875,libero_object_task8,libero_object,8,c87eead3389131bc,91875,35,0.01,8001875,False,1,1,1,0,138,143,M,0.8
2,1881,libero_object_task4,libero_object,4,1b3cda993e86f7ed,91881,1,0.01,8001881,False,1,1,1,0,141,138,M,0.8
2,1883,libero_goal_task7,libero_goal,7,bfdca9c544582b2c,91883,3,0.01,8001883,False,1,1,1,0,67,78,M,0.8
2,1884,libero_goal_task7,libero_goal,7,486fdd10033e23e1,91884,4,0.01,8001884,False,1,1,1,0,67,72,M,0.8
2,1887,libero_goal_task7,libero_goal,7,fb9b5c437491ee93,91887,7,0.01,8001887,False,1,1,1,0,71,72,M,0.8
2,1889,libero_goal_task4,libero_goal,4,a54c808e04a42bf8,91889,9,0.01,8001889,False,1,1,1,0,81,92,M,0.824
2,1891,libero_goal_task2,libero_goal,2,936309fc9e72e0ae,91891,11,0.01,8001891,False,1,1,1,0,87,85,M,0.8
2,1892,libero_goal_task2,libero_goal,2,a6caf0272dcf8ec8,91892,12,0.01,8001892,False,1,1,1,0,85,91,M,0.8
2,1894,libero_object_task2,libero_object,2,efa7881d14c617b4,91894,14,0.01,8001894,False,1,1,1,0,113,120,M,0.8
2,1898,libero_object_task9,libero_object,9,92cf1b0d8dacae4d,91898,18,0.01,8001898,False,1,1,1,0,111,120,M,0.8
2,1907,libero_10_task2,libero_10,2,e204fdbd6a35ad04,91907,27,0.01,8001907,False,1,1,1,0,229,249,M,0.808
2,1909,libero_goal_task7,libero_goal,7,5ef68a8b952f33dd,91909,29,0.01,8001909,False,1,1,1,0,70,75,M,0.8
2,1914,libero_goal_task1,libero_goal,1,d00ccc7d3d15bbdd,91914,34,0.01,8001914,False,1,1,1,0,78,77,M,0.8
2,1918,libero_goal_task1,libero_goal,1,28941eca7cc682fc,91918,38,0.01,8001918,False,1,1,1,0,84,98,M,0.8
2,1919,libero_10_task2,libero_10,2,390a55c9cb23d616,91919,39,0.01,8001919,False,1,1,1,0,231,224,M,0.804
2,1924,libero_spatial_task3,libero_spatial,3,d8b6eec311f7ecdc,101924,4,0.01,9001924,True,1,1,1,0,96,84,M,0.8
2,1926,libero_object_task2,libero_object,2,55edd7cc1716796d,91926,6,0.01,8001926,False,1,1,1,0,107,111,M,0.8
2,1927,libero_goal_task8,libero_goal,8,6e6f86b376489eac,91927,7,0.01,8001927,False,1,1,1,0,74,78,M,0.828
2,1928,libero_object_task9,libero_object,9,e238351ed4a27ca2,91928,8,0.01,8001928,False,1,1,1,0,114,113,M,0.8
2,1929,libero_object_task8,libero_object,8,d9b8b1092067160a,91929,9,0.01,8001929,False,1,1,1,0,137,138,M,0.8
2,1934,libero_10_task2,libero_10,2,27e97796eee5427e,91934,14,0.01,8001934,False,1,1,1,0,227,243,M,0.8
2,1936,libero_spatial_task6,libero_spatial,6,77d3b189239f3ec1,101936,16,0.01,9001936,True,1,1,1,0,95,103,M,0.8
2,1941,libero_goal_task7,libero_goal,7,e3437ba963f60611,91941,21,0.01,8001941,False,1,1,1,0,60,67,M,0.8
2,1942,libero_object_task4,libero_object,4,48ca9dea30d7c32e,91942,22,0.01,8001942,False,1,1,1,0,129,133,M,0.8
2,1943,libero_object_task4,libero_object,4,49405d89e846de5e,91943,23,0.01,8001943,False,1,1,1,0,135,136,M,0.8
2,1946,libero_object_task4,libero_object,4,7e142955bf3f4e7a,91946,26,0.01,8001946,False,1,1,1,0,151,134,M,0.8
2,1947,libero_goal_task4,libero_goal,4,f718d3dd35f9654e,91947,27,0.01,8001947,False,1,1,1,0,80,82,M,0.82
2,1950,libero_object_task8,libero_object,8,6ceeff88c16db26f,91950,30,0.01,8001950,False,1,1,1,0,154,145,M,0.8
2,1958,libero_goal_task1,libero_goal,1,40874a1a64afe350,91958,38,0.01,8001958,False,1,1,1,0,87,91,M,0.8
2,1960,libero_object_task8,libero_object,8,a44f28e3a11da825,91960,0,0.01,8001960,False,0,0,1,-1,280,147,M,0.816
2,1961,libero_goal_task4,libero_goal,4,819c516438da9bfd,91961,1,0.01,8001961,False,1,1,1,0,80,83,M,0.816
2,1962,libero_spatial_task3,libero_spatial,3,77fc2ed0f3ed8af4,101962,2,0.01,9001962,True,1,1,1,0,98,88,M,0.8
2,1967,libero_goal_task2,libero_goal,2,44be2d6cb546edde,91967,7,0.01,8001967,False,1,1,1,0,95,94,M,0.8
2,1968,libero_goal_task7,libero_goal,7,19fa9bca967e0fee,91968,8,0.01,8001968,False,1,1,1,0,74,72,M,0.8
2,1970,libero_object_task8,libero_object,8,6c046a429663872a,91970,10,0.01,8001970,False,1,1,1,0,130,157,M,0.812
2,1971,libero_goal_task1,libero_goal,1,be9f55f5b2603b56,91971,11,0.01,8001971,False,1,1,1,0,107,90,M,0.8
2,1975,libero_goal_task7,libero_goal,7,510a7e5945999c7b,91975,15,0.01,8001975,False,1,1,1,0,65,67,M,0.8
2,1979,libero_object_task4,libero_object,4,e44a46d21d408471,91979,19,0.01,8001979,False,1,1,1,0,124,142,M,0.8
2,1981,libero_object_task4,libero_object,4,c58c1bd26eefdcec,91981,21,0.01,8001981,False,1,1,1,0,135,142,M,0.8
2,1984,libero_10_task2,libero_10,2,d1f01a2a755a61d0,91984,24,0.01,8001984,False,1,1,1,0,235,237,M,0.8
2,1985,libero_goal_task8,libero_goal,8,f086904245ed045e,91985,25,0.01,8001985,False,1,1,1,0,72,73,M,0.824
2,1986,libero_object_task4,libero_object,4,5bb70c9464f1ea78,91986,26,0.01,8001986,False,1,1,1,0,136,133,M,0.8
2,1995,libero_goal_task7,libero_goal,7,e315743bbe038eb1,91995,35,0.01,8001995,False,1,1,1,0,69,71,M,0.8
2,1998,libero_goal_task1,libero_goal,1,6e838538ddd23256,91998,38,0.01,8001998,False,1,1,1,0,86,92,M,0.8
2,1999,libero_object_task4,libero_object,4,ee58f0fa7b016a88,91999,39,0.01,8001999,False,1,1,1,0,127,135,M,0.8
2,2001,libero_goal_task2,libero_goal,2,4a8ca73e4eb7fe23,92001,1,0.01,8002001,False,1,1,1,0,93,83,M,0.8
2,2003,libero_goal_task8,libero_goal,8,9b12b1e6114ce846,92003,3,0.01,8002003,False,1,1,1,0,65,91,M,0.82
2,2004,libero_spatial_task2,libero_spatial,2,11dd6418aa110382,102004,4,0.01,9002004,True,1,1,1,0,102,94,M,0.8
2,2007,libero_object_task4,libero_object,4,cef8aadd698478ea,92007,7,0.01,8002007,False,1,1,1,0,131,134,M,0.8
2,2017,libero_goal_task2,libero_goal,2,075c0123d86cfb37,92017,17,0.01,8002017,False,1,1,1,0,87,89,M,0.8
2,2021,libero_object_task4,libero_object,4,ed61d816b54b22d7,92021,21,0.01,8002021,False,1,1,1,0,135,140,M,0.8
2,2023,libero_spatial_task3,libero_spatial,3,b08409048220f63d,102023,23,0.01,9002023,True,1,1,1,0,98,89,M,0.8
2,2027,libero_10_task2,libero_10,2,944dff3f53be33c2,92027,27,0.01,8002027,False,1,1,1,0,232,239,M,0.8
2,2028,libero_goal_task2,libero_goal,2,c65f11e22f1bd42e,92028,28,0.01,8002028,False,1,1,1,0,108,109,M,0.8
2,2030,libero_goal_task4,libero_goal,4,b47791902444a4ab,92030,30,0.01,8002030,False,1,1,1,0,87,84,M,0.812
2,2033,libero_goal_task2,libero_goal,2,5565848bc8d9b5fa,92033,33,0.01,8002033,False,1,1,1,0,88,97,M,0.8
2,2038,libero_goal_task7,libero_goal,7,58319f8554b3e68f,92038,38,0.01,8002038,False,1,1,1,0,70,68,M,0.8
2,2039,libero_spatial_task2,libero_spatial,2,3393053529f00715,102039,39,0.01,9002039,True,1,1,1,0,94,87,M,0.8
2,2042,libero_object_task8,libero_object,8,855ed33c9f8db24c,92042,2,0.01,8002042,False,1,1,1,0,146,201,M,0.808
2,2043,libero_object_task4,libero_object,4,c4b30888cc218d8b,92043,3,0.01,8002043,False,1,1,1,0,152,137,M,0.8
2,2045,libero_goal_task8,libero_goal,8,5da42c6dca40f794,92045,5,0.01,8002045,False,1,1,1,0,73,77,M,0.816
2,2047,libero_goal_task2,libero_goal,2,74303915bd1b2ded,92047,7,0.01,8002047,False,1,1,1,0,104,98,M,0.8
2,2048,libero_goal_task8,libero_goal,8,d788555fdf7e676b,92048,8,0.01,8002048,False,1,1,1,0,69,76,M,0.812
2,2051,libero_goal_task8,libero_goal,8,8b87be445c7c92aa,92051,11,0.01,8002051,False,1,1,1,0,73,74,M,0.808
2,2052,libero_goal_task2,libero_goal,2,ce6bac074123ae90,92052,12,0.01,8002052,False,1,1,1,0,84,94,M,0.8
2,2053,libero_object_task0,libero_object,0,88b235b6b3e37193,92053,13,0.01,8002053,False,1,1,1,0,140,203,M,0.8
2,2054,libero_object_task2,libero_object,2,3727966ead28cd8f,92054,14,0.01,8002054,False,1,1,1,0,116,117,M,0.8
2,2055,libero_spatial_task2,libero_spatial,2,a951e2428c92c663,102055,15,0.01,9002055,True,1,1,1,0,103,94,M,0.8
2,2057,libero_goal_task8,libero_goal,8,0ff4ca854abebe7b,92057,17,0.01,8002057,False,1,1,1,0,81,81,M,0.804
2,2058,libero_object_task4,libero_object,4,8d2d49d335700ec8,92058,18,0.01,8002058,False,1,1,1,0,145,148,M,0.8
2,2062,libero_goal_task8,libero_goal,8,551ca574ec948635,92062,22,0.01,8002062,False,1,1,1,0,67,73,M,0.8
2,2065,libero_spatial_task3,libero_spatial,3,0021cd9ed68076d5,102065,25,0.01,9002065,True,1,1,1,0,86,84,M,0.8
2,2066,libero_10_task2,libero_10,2,eb397054cc4f23b9,92066,26,0.01,8002066,False,1,1,1,0,242,262,M,0.8
2,2067,libero_goal_task7,libero_goal,7,0b815b0805a81423,92067,27,0.01,8002067,False,1,1,1,0,72,74,M,0.8
2,2070,libero_object_task2,libero_object,2,a05951d79b6f7940,92070,30,0.01,8002070,False,1,1,1,0,106,107,M,0.8
2,2071,libero_10_task2,libero_10,2,0f1636c8ad169f6e,92071,31,0.01,8002071,False,0,0,1,-1,520,224,M,0.816
2,2072,libero_10_task2,libero_10,2,39593f6892dc0a25,92072,32,0.01,8002072,False,1,1,1,0,213,229,M,0.812
2,2073,libero_object_task9,libero_object,9,a589dd314775fe43,92073,33,0.01,8002073,False,1,1,1,0,119,120,M,0.8
2,2077,libero_goal_task4,libero_goal,4,a799ea4aa44313af,92077,37,0.01,8002077,False,1,1,1,0,80,89,M,0.808
2,2080,libero_object_task8,libero_object,8,fae6ef8a906f65ce,92080,0,0.01,8002080,False,1,1,1,0,128,172,M,0.804
2,2086,libero_goal_task7,libero_goal,7,030e160c819e7793,92086,6,0.01,8002086,False,1,1,1,0,75,77,M,0.8
2,2088,libero_goal_task4,libero_goal,4,e712aa7853aaf07f,92088,8,0.01,8002088,False,1,1,1,0,165,89,M,0.804
2,2090,libero_object_task4,libero_object,4,46e092a9fbcf1d7b,92090,10,0.01,8002090,False,1,1,1,0,136,131,M,0.8
2,2092,libero_object_task2,libero_object,2,76ff90feaeef0fba,92092,12,0.01,8002092,False,1,1,1,0,111,116,M,0.8
2,2093,libero_goal_task7,libero_goal,7,eefb6122c9ecb7ef,92093,13,0.01,8002093,False,1,1,1,0,71,64,M,0.8
2,2095,libero_object_task0,libero_object,0,a2f85d57e27960bb,92095,15,0.01,8002095,False,1,1,1,0,132,127,M,0.8
2,2098,libero_goal_task2,libero_goal,2,005e03f2e70d58ac,92098,18,0.01,8002098,False,1,1,1,0,92,84,M,0.8
2,2101,libero_goal_task1,libero_goal,1,559a530a56607889,92101,21,0.01,8002101,False,1,1,1,0,92,89,M,0.8
2,2103,libero_object_task0,libero_object,0,d7342c137dc05f73,92103,23,0.01,8002103,False,1,1,1,0,127,136,M,0.8
2,2107,libero_10_task2,libero_10,2,f205b21de50cd29b,92107,27,0.01,8002107,False,1,1,1,0,227,242,M,0.808
2,2110,libero_goal_task4,libero_goal,4,e21df65740532034,92110,30,0.01,8002110,False,1,1,1,0,84,89,M,0.8
2,2114,libero_spatial_task1,libero_spatial,1,154b9e6f39791ecc,92114,34,0.01,8002114,False,1,1,1,0,110,104,M,0.8
2,2116,libero_object_task4,libero_object,4,960a5eff1543127a,92116,36,0.01,8002116,False,1,1,1,0,127,134,M,0.8
2,2117,libero_object_task5,libero_object,5,e120fe841ea2146c,92117,37,0.01,8002117,False,1,1,1,0,123,168,M,0.812
2,2119,libero_goal_task2,libero_goal,2,a683b729b1063a62,92119,39,0.01,8002119,False,1,1,1,0,89,87,M,0.8
2,2122,libero_object_task2,libero_object,2,02f98ce11870a1c0,92122,2,0.01,8002122,False,0,0,1,-1,280,108,M,0.816
2,2123,libero_object_task2,libero_object,2,c5fb6431c1697a69,92123,3,0.01,8002123,False,1,1,1,0,114,118,M,0.812
2,2124,libero_object_task9,libero_object,9,0b1da8b1bd59111b,92124,4,0.01,8002124,False,1,1,1,0,123,123,M,0.8
2,2127,libero_goal_task2,libero_goal,2,116ebd953dce7d22,92127,7,0.01,8002127,False,1,1,1,0,90,103,M,0.8
2,2128,libero_object_task0,libero_object,0,35764503e60c764f,92128,8,0.01,8002128,False,1,1,1,0,143,125,M,0.8
2,2129,libero_object_task2,libero_object,2,4c7453b7c1845613,92129,9,0.01,8002129,False,1,1,1,0,112,119,M,0.808
2,2132,libero_object_task4,libero_object,4,d790e5c6a33e7705,92132,12,0.01,8002132,False,1,1,1,0,128,135,M,0.8
2,2133,libero_10_task2,libero_10,2,db308ca58270b070,92133,13,0.01,8002133,False,1,1,1,0,223,240,M,0.804
2,2145,libero_goal_task1,libero_goal,1,b5d1bdbb20f5c944,92145,25,0.01,8002145,False,1,1,1,0,93,89,M,0.8
2,2146,libero_goal_task7,libero_goal,7,3fa0f7062ca49650,92146,26,0.01,8002146,False,1,1,1,0,66,76,M,0.8
2,2147,libero_object_task0,libero_object,0,282295247c61230e,92147,27,0.01,8002147,False,1,1,1,0,131,126,M,0.8
2,2151,libero_goal_task7,libero_goal,7,36cdd4d6d55f3ad5,92151,31,0.01,8002151,False,1,1,1,0,70,76,M,0.8
2,2152,libero_object_task2,libero_object,2,3ed84fd786ccfa92,92152,32,0.01,8002152,False,1,1,1,0,114,120,M,0.804
2,2155,libero_goal_task4,libero_goal,4,fac8d0abe01388a9,92155,35,0.01,8002155,False,1,1,1,0,77,82,M,0.8
2,2159,libero_10_task2,libero_10,2,bb6ffc12f051e06a,92159,39,0.01,8002159,False,1,1,1,0,216,215,M,0.8
2,2162,libero_spatial_task4,libero_spatial,4,3cc6ed87b74ec492,102162,2,0.01,9002162,True,1,1,1,0,118,118,M,0.8
2,2163,libero_object_task9,libero_object,9,5e0cbe0a1f7851d8,92163,3,0.01,8002163,False,0,0,1,-1,280,171,M,0.816
2,2166,libero_object_task9,libero_object,9,777811c5f26be659,92166,6,0.01,8002166,False,1,1,1,0,119,126,M,0.812
2,2167,libero_goal_task1,libero_goal,1,074355f4beae114b,92167,7,0.01,8002167,False,1,1,1,0,82,80,M,0.8
2,2168,libero_object_task5,libero_object,5,7ef915b1dfa75476,92168,8,0.01,8002168,False,1,1,1,0,119,120,M,0.808
2,2170,libero_object_task8,libero_object,8,2ae48c0860e6cae9,92170,10,0.01,8002170,False,1,1,1,0,129,146,M,0.8
2,2171,libero_object_task5,libero_object,5,c8152decc20e0343,92171,11,0.01,8002171,False,1,1,1,0,116,123,M,0.804
2,2177,libero_spatial_task1,libero_spatial,1,c083d40a41af2bb4,92177,17,0.01,8002177,False,1,1,1,0,103,100,M,0.8
2,2179,libero_goal_task2,libero_goal,2,0c17777edeab24af,92179,19,0.01,8002179,False,1,1,1,0,94,83,M,0.8
2,2182,libero_object_task5,libero_object,5,72a62de6c10e28b5,92182,22,0.01,8002182,False,1,1,1,0,117,123,M,0.8
2,2183,libero_object_task8,libero_object,8,e9020265c2eeb488,92183,23,0.01,8002183,False,1,1,1,0,131,136,M,0.8
2,2184,libero_object_task2,libero_object,2,47c60f72a31b351b,92184,24,0.01,8002184,False,1,1,1,0,115,125,M,0.8
2,2187,libero_goal_task7,libero_goal,7,88d74c9ba228a05e,92187,27,0.01,8002187,False,1,1,1,0,73,76,M,0.8
2,2188,libero_object_task9,libero_object,9,4abc9ce2c33b8bc8,92188,28,0.01,8002188,False,1,1,1,0,116,129,M,0.808
2,2189,libero_10_task2,libero_10,2,fa628aeb6f41966e,92189,29,0.01,8002189,False,1,1,1,0,228,246,M,0.8
2,2190,libero_object_task8,libero_object,8,610414046de59a4f,92190,30,0.01,8002190,False,1,1,1,0,150,144,M,0.8
2,2192,libero_10_task2,libero_10,2,f0c5d187dcb0063f,92192,32,0.01,8002192,False,1,1,1,0,211,216,M,0.8
2,2199,libero_spatial_task3,libero_spatial,3,87f078da75732ce6,102199,39,0.01,9002199,True,1,1,1,0,87,81,M,0.8
2,2200,libero_goal_task8,libero_goal,8,e936af8b44f20f3c,92200,0,0.01,8002200,False,1,1,1,0,67,74,M,0.8
2,2204,libero_object_task4,libero_object,4,7182e19b35495176,92204,4,0.01,8002204,False,1,1,1,0,127,133,M,0.8
2,2209,libero_spatial_task4,libero_spatial,4,883031dc360e3b77,102209,9,0.01,9002209,True,1,1,1,0,120,118,M,0.8
2,2210,libero_spatial_task4,libero_spatial,4,0e2a550dfa1efc7b,102210,10,0.01,9002210,True,1,1,1,0,113,120,M,0.8
2,2213,libero_object_task5,libero_object,5,2861917d01e0fbb4,92213,13,0.01,8002213,False,1,1,1,0,126,131,M,0.8
2,2214,libero_object_task4,libero_object,4,bb94cd6b10a707ef,92214,14,0.01,8002214,False,1,1,1,0,135,144,M,0.8
2,2218,libero_goal_task2,libero_goal,2,2e5339b672db594f,92218,18,0.01,8002218,False,1,1,1,0,94,86,M,0.8
2,2219,libero_object_task2,libero_object,2,dd3c955c2d1eb38e,92219,19,0.01,8002219,False,1,1,1,0,112,115,M,0.8
2,2221,libero_goal_task1,libero_goal,1,607dc454cbb794d4,92221,21,0.01,8002221,False,0,0,1,-1,300,94,M,0.816
2,2223,libero_goal_task0,libero_goal,0,2376ab7647ad6589,92223,23,0.01,8002223,False,1,1,1,0,192,138,M,0.8
2,2226,libero_goal_task0,libero_goal,0,d441336d2959e842,92226,26,0.01,8002226,False,1,1,1,0,192,129,M,0.8
2,2227,libero_goal_task1,libero_goal,1,bc11fd95acb7d3b8,92227,27,0.01,8002227,False,1,1,1,0,83,84,M,0.812
2,2228,libero_object_task5,libero_object,5,ad818f02deb425b2,92228,28,0.01,8002228,False,1,1,0,1,194,280,M,0.8
2,2230,libero_object_task2,libero_object,2,f948441ea12de6fc,92230,30,0.01,8002230,False,1,1,1,0,111,118,M,0.8
2,2231,libero_object_task4,libero_object,4,83b03ee3c0883c9e,92231,31,0.01,8002231,False,1,1,1,0,134,132,M,0.8
2,2232,libero_object_task4,libero_object,4,933fe580107f8149,92232,32,0.01,8002232,False,1,1,1,0,137,135,M,0.8
2,2234,libero_10_task2,libero_10,2,e64fa36665d73163,92234,34,0.01,8002234,False,1,1,1,0,239,260,M,0.8
2,2241,libero_object_task5,libero_object,5,5ffd6ee4d180cc48,92241,1,0.01,8002241,False,1,1,1,0,112,117,M,0.8
2,2242,libero_10_task2,libero_10,2,f01fc7dea138dab6,92242,2,0.01,8002242,False,1,1,1,0,240,238,M,0.8
2,2243,libero_goal_task1,libero_goal,1,ee31678035cdae5b,92243,3,0.01,8002243,False,1,1,1,0,87,83,M,0.808
2,2244,libero_goal_task8,libero_goal,8,f06cff61f577e9bc,92244,4,0.01,8002244,False,1,1,1,0,73,86,M,0.8
2,2245,libero_object_task5,libero_object,5,c1bcede0a23266be,92245,5,0.01,8002245,False,1,1,1,0,128,133,M,0.8
2,2247,libero_goal_task0,libero_goal,0,12688fb95cb43fbc,92247,7,0.01,8002247,False,1,1,1,0,145,184,M,0.8
2,2248,libero_goal_task2,libero_goal,2,1e9021515c6b3854,92248,8,0.01,8002248,False,1,1,1,0,88,92,M,0.8
2,2249,libero_object_task0,libero_object,0,370d7df7599df5d9,92249,9,0.01,8002249,False,1,1,1,0,146,142,M,0.8
2,2250,libero_object_task0,libero_object,0,83464776324d5ccf,92250,10,0.01,8002250,False,1,1,1,0,152,129,M,0.8
2,2251,libero_goal_task4,libero_goal,4,fac1b50a0e006b85,92251,11,0.01,8002251,False,1,1,1,0,84,91,M,0.8
2,2252,libero_object_task4,libero_object,4,14211be26fc47433,92252,12,0.01,8002252,False,1,1,1,0,128,131,M,0.8
2,2253,libero_goal_task4,libero_goal,4,90ec6b067066eec0,92253,13,0.01,8002253,False,1,1,1,0,77,80,M,0.8
2,2254,libero_object_task0,libero_object,0,0a2161c2d45dc9a5,92254,14,0.01,8002254,False,1,1,1,0,145,133,M,0.8
2,2255,libero_object_task5,libero_object,5,c6cde8c7cbf658c5,92255,15,0.01,8002255,False,1,1,1,0,114,124,M,0.8
2,2256,libero_object_task0,libero_object,0,83b05ae360bb8986,92256,16,0.01,8002256,False,1,1,1,0,143,135,M,0.8
2,2257,libero_goal_task4,libero_goal,4,975a1f5060759c61,92257,17,0.01,8002257,False,1,1,1,0,80,84,M,0.8
2,2258,libero_goal_task0,libero_goal,0,3680da10e46cae7e,92258,18,0.01,8002258,False,1,1,1,0,136,122,M,0.8
2,2259,libero_goal_task2,libero_goal,2,7bd0f02d93563fa6,92259,19,0.01,8002259,False,1,1,1,0,85,89,M,0.8
2,2260,libero_spatial_task1,libero_spatial,1,e2d4d74e0b9f82d2,92260,20,0.01,8002260,False,1,1,1,0,107,110,M,0.8
2,2262,libero_object_task0,libero_object,0,bcf5915e9f09d692,92262,22,0.01,8002262,False,1,1,1,0,134,164,M,0.8
2,2263,libero_10_task2,libero_10,2,f87d011f87ab9cf0,92263,23,0.01,8002263,False,1,1,1,0,277,258,M,0.8
2,2266,libero_goal_task1,libero_goal,1,7daa0da544c3dd7e,92266,26,0.01,8002266,False,1,1,1,0,82,83,M,0.804
2,2268,libero_10_task2,libero_10,2,874cdb3703c48a5c,92268,28,0.01,8002268,False,1,1,1,0,228,234,M,0.8
2,2270,libero_object_task9,libero_object,9,d72a0e2d1f48e15f,92270,30,0.01,8002270,False,1,1,1,0,114,122,M,0.804
2,2271,libero_object_task0,libero_object,0,0d06ab41057d8e1e,92271,31,0.01,8002271,False,1,1,1,0,151,137,M,0.8
2,2272,libero_object_task2,libero_object,2,7e19edb42993e52a,92272,32,0.01,8002272,False,1,1,1,0,114,119,M,0.8
2,2273,libero_object_task9,libero_object,9,d29b492a536b97a9,92273,33,0.01,8002273,False,1,1,1,0,111,114,M,0.8
2,2276,libero_goal_task8,libero_goal,8,f655a81c6af0b768,92276,36,0.01,8002276,False,1,1,1,0,67,73,M,0.8
2,2277,libero_10_task2,libero_10,2,9cec3eb318182131,92277,37,0.01,8002277,False,0,0,1,-1,520,241,M,0.816
2,2278,libero_goal_task8,libero_goal,8,7542f3a47d385f58,92278,38,0.01,8002278,False,1,1,1,0,71,79,M,0.8
2,2279,libero_object_task0,libero_object,0,91059032a20cfc3d,92279,39,0.01,8002279,False,1,1,1,0,127,124,M,0.8
2,2280,libero_object_task4,libero_object,4,6698ff90ced2bf9e,92280,0,0.01,8002280,False,1,1,1,0,155,136,M,0.8
2,2281,libero_object_task5,libero_object,5,91972693942bddf2,92281,1,0.01,8002281,False,1,1,1,0,122,119,M,0.8
2,2284,libero_object_task2,libero_object,2,ddbd6f28592fa333,92284,4,0.01,8002284,False,1,1,1,0,113,108,M,0.8
2,2285,libero_spatial_task4,libero_spatial,4,14db93af97bc1261,102285,5,0.01,9002285,True,1,1,1,0,127,126,M,0.8
2,2286,libero_goal_task2,libero_goal,2,4d756005dee15fe8,92286,6,0.01,8002286,False,1,1,1,0,93,99,M,0.8
2,2288,libero_goal_task2,libero_goal,2,1517310f84297dca,92288,8,0.01,8002288,False,1,1,1,0,96,92,M,0.8
2,2293,libero_object_task9,libero_object,9,c74e5c886bdace22,92293,13,0.01,8002293,False,1,1,1,0,119,125,M,0.8
2,2294,libero_object_task4,libero_object,4,c557f1a4ff70c95f,92294,14,0.01,8002294,False,1,1,1,0,143,141,M,0.8
2,2296,libero_spatial_task1,libero_spatial,1,3421ae090249c656,92296,16,0.01,8002296,False,1,1,1,0,106,103,M,0.8
2,2297,libero_object_task8,libero_object,8,12c9458576ea3f20,92297,17,0.01,8002297,False,1,1,1,0,146,146,M,0.8
2,2298,libero_object_task8,libero_object,8,dfb123361e171b09,92298,18,0.01,8002298,False,1,1,1,0,136,148,M,0.8
2,2299,libero_goal_task8,libero_goal,8,ddf3d473715bd9ab,92299,19,0.01,8002299,False,1,1,1,0,69,76,M,0.8
2,2302,libero_goal_task2,libero_goal,2,28012744668e013e,92302,22,0.01,8002302,False,1,1,1,0,93,105,M,0.8
2,2303,libero_object_task9,libero_object,9,024b407a06b1d236,92303,23,0.01,8002303,False,0,0,1,-1,280,105,M,0.816
2,2304,libero_object_task8,libero_object,8,a5b85266bca52dbe,92304,24,0.01,8002304,False,1,1,0,1,140,280,M,0.8
2,2309,libero_goal_task1,libero_goal,1,2737fd751c6a14f7,92309,29,0.01,8002309,False,1,1,1,0,82,86,M,0.8
2,2310,libero_spatial_task1,libero_spatial,1,201668c46b93995d,92310,30,0.01,8002310,False,1,1,1,0,105,105,M,0.8
2,2311,libero_object_task9,libero_object,9,2c318bccf86a84cb,92311,31,0.01,8002311,False,1,1,1,0,114,118,M,0.812
2,2312,libero_goal_task7,libero_goal,7,77532fe35b17ce2e,92312,32,0.01,8002312,False,1,1,1,0,70,78,M,0.8
2,2313,libero_object_task4,libero_object,4,618b3f1526f99ace,92313,33,0.01,8002313,False,1,1,1,0,134,142,M,0.8
2,2314,libero_spatial_task1,libero_spatial,1,09fbf5baebb2f5cb,92314,34,0.01,8002314,False,1,1,1,0,107,107,M,0.8
2,2315,libero_object_task8,libero_object,8,86a3a080eb1239e4,92315,35,0.01,8002315,False,1,1,1,0,131,252,M,0.8
2,2316,libero_goal_task1,libero_goal,1,36be0403ed563160,92316,36,0.01,8002316,False,1,1,1,0,83,81,M,0.8
2,2318,libero_goal_task7,libero_goal,7,8a66367222052f0a,92318,38,0.01,8002318,False,1,1,1,0,69,69,M,0.8
2,2319,libero_spatial_task6,libero_spatial,6,a3ca0dc047c5cad2,102319,39,0.01,9002319,True,1,1,1,0,114,109,M,0.8
2,2322,libero_goal_task8,libero_goal,8,8def3bfea19ba5a1,92322,2,0.01,8002322,False,1,1,1,0,73,77,M,0.8
2,2323,libero_10_task2,libero_10,2,3c8c5a27c348ee5d,92323,3,0.01,8002323,False,1,1,1,0,239,246,M,0.812
2,2325,libero_goal_task0,libero_goal,0,a4f7f27107b809d4,92325,5,0.01,8002325,False,1,1,1,0,166,136,M,0.8
2,2326,libero_object_task8,libero_object,8,6d28f9f9347cae18,92326,6,0.01,8002326,False,1,1,1,0,185,146,M,0.8
2,2328,libero_object_task8,libero_object,8,d650723d75b2f6cf,92328,8,0.01,8002328,False,1,1,0,1,136,280,M,0.8
2,2330,libero_object_task2,libero_object,2,705f3605f65fd7e5,92330,10,0.01,8002330,False,1,1,1,0,111,115,M,0.8
2,2332,libero_spatial_task6,libero_spatial,6,42bd298afe83041b,102332,12,0.01,9002332,True,1,1,1,0,103,106,M,0.8
2,2333,libero_goal_task4,libero_goal,4,7a7c365216c1d23c,92333,13,0.01,8002333,False,1,1,1,0,77,82,M,0.8
2,2334,libero_goal_task1,libero_goal,1,60190785613f27bc,92334,14,0.01,8002334,False,1,1,1,0,87,81,M,0.8
2,2337,libero_object_task4,libero_object,4,af0ef6a88e173046,92337,17,0.01,8002337,False,1,1,1,0,144,151,M,0.8
2,2338,libero_goal_task1,libero_goal,1,b9bb7e3c257af7c1,92338,18,0.01,8002338,False,1,1,1,0,79,86,M,0.8
2,2339,libero_spatial_task6,libero_spatial,6,853249162c4728cc,102339,19,0.01,9002339,True,1,1,1,0,98,98,M,0.8
2,2340,libero_goal_task1,libero_goal,1,5b15b3f34820d54a,92340,20,0.01,8002340,False,1,1,1,0,82,86,M,0.8
2,2342,libero_object_task0,libero_object,0,d108960fc1d0800f,92342,22,0.01,8002342,False,1,1,1,0,154,144,M,0.8
2,2344,libero_object_task2,libero_object,2,b14bf875d15c3c1b,92344,24,0.01,8002344,False,1,1,1,0,117,127,M,0.8
2,2345,libero_10_task2,libero_10,2,f86c3629aee9c85a,92345,25,0.01,8002345,False,1,1,1,0,232,241,M,0.808
2,2346,libero_object_task2,libero_object,2,f333c751c8bf0293,92346,26,0.01,8002346,False,1,1,1,0,113,114,M,0.8
2,2347,libero_goal_task2,libero_goal,2,d97de03dfe8ed7f9,92347,27,0.01,8002347,False,1,1,1,0,96,85,M,0.8
2,2348,libero_object_task0,libero_object,0,ed20293e741cbb59,92348,28,0.01,8002348,False,1,1,1,0,154,125,M,0.8
2,2349,libero_10_task2,libero_10,2,ddace308adad3280,92349,29,0.01,8002349,False,1,1,1,0,232,254,M,0.804
2,2351,libero_10_task2,libero_10,2,e4b2f849e6b710b8,92351,31,0.01,8002351,False,1,1,1,0,223,225,M,0.8
2,2352,libero_goal_task1,libero_goal,1,2d718214900a4d5e,92352,32,0.01,8002352,False,1,1,1,0,85,86,M,0.8
2,2353,libero_goal_task4,libero_goal,4,5947dd7a61b860b4,92353,33,0.01,8002353,False,0,0,1,-1,300,82,M,0.816
2,2358,libero_goal_task7,libero_goal,7,b50570690be55a19,92358,38,0.01,8002358,False,1,1,1,0,64,66,M,0.8
2,2359,libero_object_task9,libero_object,9,297d620c32a6ca5b,92359,39,0.01,8002359,False,1,1,1,0,105,114,M,0.808
2,2362,libero_object_task2,libero_object,2,191428233d5f564c,92362,2,0.01,8002362,False,1,1,1,0,104,122,M,0.8
2,2364,libero_object_task4,libero_object,4,b285f0ca90110e0b,92364,4,0.01,8002364,False,1,1,1,0,128,135,M,0.8
2,2366,libero_goal_task7,libero_goal,7,0d22b602470f4aa1,92366,6,0.01,8002366,False,1,1,1,0,71,74,M,0.8
2,2367,libero_goal_task1,libero_goal,1,196805c181fa64b4,92367,7,0.01,8002367,False,1,1,1,0,82,80,M,0.8
2,2369,libero_object_task9,libero_object,9,3499a847c42be630,92369,9,0.01,8002369,False,1,1,1,0,250,122,M,0.804
2,2371,libero_spatial_task2,libero_spatial,2,0760501bb2639e9f,102371,11,0.01,9002371,True,1,1,1,0,111,93,M,0.8
2,2373,libero_object_task5,libero_object,5,9b5cb715af9474cf,92373,13,0.01,8002373,False,1,1,1,0,126,129,M,0.8
2,2374,libero_object_task5,libero_object,5,e4362602efa255bb,92374,14,0.01,8002374,False,1,1,1,0,130,132,M,0.8
2,2376,libero_spatial_task6,libero_spatial,6,236353afb9f4f42e,102376,16,0.01,9002376,True,1,1,1,0,104,97,M,0.8
2,2378,libero_object_task4,libero_object,4,067bbc680ebbcd83,92378,18,0.01,8002378,False,1,1,1,0,144,142,M,0.8
2,2381,libero_10_task2,libero_10,2,44756fdcb08e443b,92381,21,0.01,8002381,False,1,1,1,0,220,249,M,0.8
2,2385,libero_object_task4,libero_object,4,367ef56d46a2761a,92385,25,0.01,8002385,False,1,1,1,0,136,132,M,0.8
2,2386,libero_object_task8,libero_object,8,4b387255722512ad,92386,26,0.01,8002386,False,1,1,1,0,153,143,M,0.8
2,2387,libero_object_task8,libero_object,8,8cd22c3a828e628f,92387,27,0.01,8002387,False,1,1,1,0,137,143,M,0.8
2,2388,libero_10_task2,libero_10,2,ffda41e9463cec67,92388,28,0.01,8002388,False,1,1,1,0,232,244,M,0.8
2,2390,libero_goal_task2,libero_goal,2,eac12d8fecb385c5,92390,30,0.01,8002390,False,1,1,1,0,84,86,M,0.8
2,2391,libero_object_task2,libero_object,2,3c77c6b3cff52749,92391,31,0.01,8002391,False,1,1,1,0,115,118,M,0.8
2,2393,libero_spatial_task2,libero_spatial,2,25437890eb1f316d,102393,33,0.01,9002393,True,1,1,1,0,106,97,M,0.8
2,2394,libero_spatial_task1,libero_spatial,1,720a092f35ddc406,92394,34,0.01,8002394,False,1,1,1,0,107,109,M,0.8
2,2395,libero_object_task5,libero_object,5,b460b22f94db8852,92395,35,0.01,8002395,False,1,1,1,0,119,120,M,0.8
2,2396,libero_spatial_task4,libero_spatial,4,12f072182ece17cb,102396,36,0.01,9002396,True,1,1,1,0,131,125,M,0.8
2,2397,libero_goal_task4,libero_goal,4,b54f3fe8c10ce21e,92397,37,0.01,8002397,False,1,1,1,0,79,84,M,0.812
2,2398,libero_object_task0,libero_object,0,462d5170df398e3c,92398,38,0.01,8002398,False,1,1,1,0,151,171,M,0.8
2,2399,libero_goal_task1,libero_goal,1,7f40c9e591fb98a0,92399,39,0.01,8002399,False,1,1,1,0,85,87,M,0.8
2,2400,libero_object_task2,libero_object,2,47df55939a7dd2c2,92400,0,0.01,8002400,False,1,1,1,0,114,118,M,0.8
2,2403,libero_object_task9,libero_object,9,5c8c53de1d8c1e6b,92403,3,0.01,8002403,False,1,1,1,0,103,113,M,0.8
2,2404,libero_goal_task4,libero_goal,4,b6788444bf6f154d,92404,4,0.01,8002404,False,1,1,1,0,80,84,M,0.808
2,2412,libero_object_task0,libero_object,0,2fdc31baab3646af,92412,12,0.01,8002412,False,1,1,1,0,123,143,M,0.8
2,2413,libero_object_task8,libero_object,8,bc3856ea12eecbf8,92413,13,0.01,8002413,False,1,1,1,0,136,151,M,0.8
2,2415,libero_object_task9,libero_object,9,ed7b48e175247f34,92415,15,0.01,8002415,False,1,1,1,0,104,114,M,0.8
2,2416,libero_goal_task4,libero_goal,4,56a0b9f072aeb89f,92416,16,0.01,8002416,False,1,1,1,0,115,90,M,0.804
2,2420,libero_object_task0,libero_object,0,60b90e575c5a8ada,92420,20,0.01,8002420,False,1,1,1,0,258,140,M,0.8
2,2422,libero_object_task0,libero_object,0,2fe748412689096a,92422,22,0.01,8002422,False,1,1,1,0,160,140,M,0.8
2,2425,libero_goal_task7,libero_goal,7,27de47eb0fd6c774,92425,25,0.01,8002425,False,1,1,1,0,82,72,M,0.8
2,2426,libero_10_task2,libero_10,2,3c62eaae6af5aa7d,92426,26,0.01,8002426,False,1,1,1,0,233,237,M,0.8
2,2427,libero_goal_task0,libero_goal,0,47349e2d66cd1d34,92427,27,0.01,8002427,False,1,1,1,0,109,124,M,0.8
2,2428,libero_goal_task4,libero_goal,4,82c1eaedd40c8367,92428,28,0.01,8002428,False,0,0,1,-1,300,90,M,0.82
2,2429,libero_spatial_task6,libero_spatial,6,4ef638b2be110c5b,102429,29,0.01,9002429,True,1,1,1,0,103,104,M,0.8
2,2430,libero_goal_task1,libero_goal,1,c022a2fb356994ad,92430,30,0.01,8002430,False,1,1,1,0,85,85,M,0.8
2,2431,libero_10_task5,libero_10,5,d67ab61ed3093837,92431,31,0.01,8002431,False,1,1,1,0,169,181,M,0.8
2,2432,libero_goal_task1,libero_goal,1,4391166099b3d7dc,92432,32,0.01,8002432,False,1,1,1,0,83,87,M,0.8
2,2433,libero_object_task2,libero_object,2,32ce110fb68950e9,92433,33,0.01,8002433,False,1,1,1,0,111,120,M,0.8
2,2434,libero_10_task2,libero_10,2,1895e7ea64372165,92434,34,0.01,8002434,False,0,0,1,-1,520,248,M,0.816
2,2437,libero_object_task0,libero_object,0,922f362360916fe9,92437,37,0.01,8002437,False,1,1,1,0,147,135,M,0.8
2,2440,libero_goal_task0,libero_goal,0,781af40d9fc1d941,92440,0,0.01,8002440,False,1,1,1,0,124,131,M,0.8
2,2441,libero_object_task9,libero_object,9,afcba0a3fdeb3fa8,92441,1,0.01,8002441,False,1,1,1,0,111,124,M,0.8
2,2442,libero_object_task5,libero_object,5,b661007c887384e5,92442,2,0.01,8002442,False,1,1,1,0,110,131,M,0.8
2,2443,libero_goal_task2,libero_goal,2,56b16f431adc0b1c,92443,3,0.01,8002443,False,1,1,1,0,84,94,M,0.8
2,2445,libero_goal_task2,libero_goal,2,bc531baded57bc8c,92445,5,0.01,8002445,False,1,1,1,0,92,86,M,0.8
2,2447,libero_object_task8,libero_object,8,78b79b0f2d9881ec,92447,7,0.01,8002447,False,1,1,1,0,128,141,M,0.8
2,2449,libero_object_task0,libero_object,0,e8278df8ca474701,92449,9,0.01,8002449,False,1,1,1,0,158,143,M,0.8
2,2450,libero_goal_task8,libero_goal,8,fef9d990fb6bc326,92450,10,0.01,8002450,False,1,1,0,1,64,300,M,0.8
2,2452,libero_goal_task8,libero_goal,8,15f148c4f3b8f493,92452,12,0.01,8002452,False,1,1,1,0,68,75,M,0.8
2,2454,libero_goal_task1,libero_goal,1,a9517c364ea173f8,92454,14,0.01,8002454,False,1,1,1,0,84,84,M,0.8
2,2459,libero_object_task2,libero_object,2,ab511abfb4c1d04e,92459,19,0.01,8002459,False,1,1,1,0,114,122,M,0.8
2,2461,libero_object_task4,libero_object,4,bdad874fd166dd91,92461,21,0.01,8002461,False,1,1,1,0,136,137,M,0.8
2,2462,libero_goal_task0,libero_goal,0,564affc6f1eda3fc,92462,22,0.01,8002462,False,1,1,1,0,117,125,M,0.8
2,2463,libero_object_task2,libero_object,2,2c8d90621ef7a644,92463,23,0.01,8002463,False,1,1,1,0,107,113,M,0.8
2,2464,libero_10_task5,libero_10,5,98fe9a7cccf56476,92464,24,0.01,8002464,False,1,1,1,0,157,173,M,0.8
2,2467,libero_object_task9,libero_object,9,856dfdaba40ad880,92467,27,0.01,8002467,False,1,1,1,0,124,128,M,0.8
2,2469,libero_goal_task8,libero_goal,8,962dbe92b219e4cb,92469,29,0.01,8002469,False,1,1,1,0,72,75,M,0.8
2,2470,libero_spatial_task2,libero_spatial,2,a1ba90dab797421e,102470,30,0.01,9002470,True,1,1,1,0,96,93,M,0.8
2,2471,libero_10_task2,libero_10,2,62ba8951c5b33eaf,92471,31,0.01,8002471,False,1,1,1,0,216,226,M,0.812
2,2472,libero_goal_task8,libero_goal,8,127cd4a581cc5b2b,92472,32,0.01,8002472,False,1,1,1,0,65,74,M,0.8
2,2473,libero_object_task9,libero_object,9,fec7137139e818ad,92473,33,0.01,8002473,False,1,1,1,0,113,126,M,0.8
2,2474,libero_spatial_task6,libero_spatial,6,0296d1b78aaa2c25,102474,34,0.01,9002474,True,1,1,1,0,104,102,M,0.8
2,2477,libero_goal_task7,libero_goal,7,876f1149e218a06c,92477,37,0.01,8002477,False,1,1,1,0,64,70,M,0.8
2,2480,libero_object_task4,libero_object,4,d4d8087666ff4355,92480,0,0.01,8002480,False,1,1,1,0,135,136,M,0.8
2,2482,libero_object_task2,libero_object,2,d2af8054ffea7d7f,92482,2,0.01,8002482,False,1,1,1,0,104,114,M,0.8
2,2484,libero_object_task9,libero_object,9,1b85cddff3943203,92484,4,0.01,8002484,False,1,1,1,0,118,127,M,0.8
2,2485,libero_spatial_task2,libero_spatial,2,4969949d09cdbb12,102485,5,0.01,9002485,True,1,1,1,0,99,98,M,0.8
2,2486,libero_object_task0,libero_object,0,415f34a56f30c01b,92486,6,0.01,8002486,False,1,1,1,0,146,144,M,0.8
2,2488,libero_goal_task7,libero_goal,7,d3432733caa522ef,92488,8,0.01,8002488,False,1,1,1,0,74,70,M,0.8
2,2489,libero_goal_task7,libero_goal,7,a0bbf4edf9dcdf5e,92489,9,0.01,8002489,False,1,1,1,0,64,73,M,0.8
2,2490,libero_object_task4,libero_object,4,8c5f5c320b240d1c,92490,10,0.01,8002490,False,1,1,1,0,131,139,M,0.8
2,2491,libero_object_task4,libero_object,4,25ecd3ea795368c9,92491,11,0.01,8002491,False,1,1,1,0,128,135,M,0.8
2,2492,libero_goal_task2,libero_goal,2,6f6ec4541cc21f7e,92492,12,0.01,8002492,False,1,1,1,0,88,96,M,0.8
2,2493,libero_spatial_task1,libero_spatial,1,1b1f530d2710988c,92493,13,0.01,8002493,False,1,1,1,0,107,109,M,0.8
2,2494,libero_object_task9,libero_object,9,f2f87666c2b7902b,92494,14,0.01,8002494,False,1,1,1,0,119,123,M,0.8
2,2496,libero_goal_task8,libero_goal,8,dd402a105bbedae0,92496,16,0.01,8002496,False,1,1,1,0,72,75,M,0.8
2,2497,libero_goal_task4,libero_goal,4,a6ecccb3bf7eac42,92497,17,0.01,8002497,False,1,1,1,0,84,90,M,0.816
2,2498,libero_object_task8,libero_object,8,6fd33493e8794041,92498,18,0.01,8002498,False,0,0,1,-1,280,146,M,0.816
2,2499,libero_goal_task4,libero_goal,4,2430727fe5ac7211,92499,19,0.01,8002499,False,1,1,1,0,80,87,M,0.812
2,2500,libero_object_task2,libero_object,2,c83edef9bc425228,92500,20,0.01,8002500,False,1,1,1,0,109,117,M,0.8
2,2503,libero_object_task4,libero_object,4,6cf4b8b50c02640d,92503,23,0.01,8002503,False,1,1,1,0,128,136,M,0.8
2,2504,libero_goal_task8,libero_goal,8,e169a8d6a01561ea,92504,24,0.01,8002504,False,1,1,1,0,67,74,M,0.8
2,2506,libero_object_task8,libero_object,8,617d88b90336bb9f,92506,26,0.01,8002506,False,1,1,1,0,139,147,M,0.812
2,2507,libero_object_task5,libero_object,5,c3806482d81524d9,92507,27,0.01,8002507,False,1,1,1,0,110,168,M,0.8
2,2509,libero_object_task2,libero_object,2,7b33805c9c778e2b,92509,29,0.01,8002509,False,1,1,1,0,117,122,M,0.8
2,2510,libero_goal_task8,libero_goal,8,66b3d84bde023577,92510,30,0.01,8002510,False,1,1,1,0,72,76,M,0.8
2,2512,libero_spatial_task1,libero_spatial,1,9e0d6f12b28b3e2e,92512,32,0.01,8002512,False,1,1,1,0,113,116,M,0.8
2,2514,libero_object_task9,libero_object,9,4aba5d301f3e0235,92514,34,0.01,8002514,False,1,1,1,0,110,121,M,0.8
2,2515,libero_object_task8,libero_object,8,a1057921f5fa75f3,92515,35,0.01,8002515,False,1,1,1,0,128,225,M,0.808
2,2516,libero_goal_task8,libero_goal,8,70c8046cb297dc31,92516,36,0.01,8002516,False,1,1,1,0,68,75,M,0.8
2,2517,libero_goal_task7,libero_goal,7,7d51cab8b56ad11c,92517,37,0.01,8002517,False,1,1,1,0,66,82,M,0.8
2,2519,libero_object_task8,libero_object,8,a585ea4658ef643a,92519,39,0.01,8002519,False,1,1,1,0,137,153,M,0.804
2,2520,libero_goal_task2,libero_goal,2,53ee299737587959,92520,0,0.01,8002520,False,1,1,1,0,82,81,M,0.8
2,2524,libero_goal_task8,libero_goal,8,ee68f1378e526c31,92524,4,0.01,8002524,False,1,1,1,0,79,78,M,0.8
2,2528,libero_10_task5,libero_10,5,7176b57b86da5126,92528,8,0.01,8002528,False,1,1,1,0,216,268,M,0.8
2,2529,libero_object_task5,libero_object,5,469fe3ce7f9636c1,92529,9,0.01,8002529,False,1,1,1,0,120,134,M,0.8
2,2531,libero_object_task5,libero_object,5,ff302b1d18063108,92531,11,0.01,8002531,False,1,1,1,0,114,122,M,0.8
2,2532,libero_goal_task4,libero_goal,4,cbe921800c9cfcc6,92532,12,0.01,8002532,False,1,1,1,0,79,86,M,0.808
2,2535,libero_object_task4,libero_object,4,fde7d19a0fccab5a,92535,15,0.01,8002535,False,1,1,1,0,133,140,M,0.8
2,2536,libero_object_task8,libero_object,8,f4558f9fd5a2d944,92536,16,0.01,8002536,False,1,1,1,0,136,154,M,0.8
2,2538,libero_goal_task1,libero_goal,1,60a90f659e8e4273,92538,18,0.01,8002538,False,1,1,1,0,90,94,M,0.8
2,2540,libero_goal_task2,libero_goal,2,1100d116addff8dd,92540,20,0.01,8002540,False,1,1,1,0,95,93,M,0.8
2,2543,libero_goal_task8,libero_goal,8,c43012577fd79d0c,92543,23,0.01,8002543,False,1,1,1,0,66,81,M,0.8
2,2545,libero_object_task2,libero_object,2,3fb30c39cfeb2611,92545,25,0.01,8002545,False,1,1,1,0,118,118,M,0.8
2,2548,libero_object_task8,libero_object,8,a3e59ced4fce0c97,92548,28,0.01,8002548,False,1,1,1,0,136,155,M,0.8
2,2550,libero_10_task5,libero_10,5,1c4f7ea34bad6a44,92550,30,0.01,8002550,False,1,1,1,0,171,171,M,0.8
2,2552,libero_spatial_task1,libero_spatial,1,4d7f5c9a8c9fd455,92552,32,0.01,8002552,False,1,1,1,0,104,100,M,0.8
2,2555,libero_object_task8,libero_object,8,3f124733d696b2c5,92555,35,0.01,8002555,False,1,1,1,0,129,147,M,0.8
2,2556,libero_spatial_task1,libero_spatial,1,51ad4444480c7b35,92556,36,0.01,8002556,False,1,1,1,0,115,123,M,0.8
2,2557,libero_object_task8,libero_object,8,c049c83abdc3d4e0,92557,37,0.01,8002557,False,1,1,0,1,137,280,M,0.8
2,2558,libero_object_task9,libero_object,9,c4e78a7b6afd50c1,92558,38,0.01,8002558,False,0,0,1,-1,280,120,M,0.816
2,2559,libero_10_task5,libero_10,5,501a9403466822ad,92559,39,0.01,8002559,False,1,1,1,0,226,245,M,0.8
2,2561,libero_goal_task2,libero_goal,2,7d75a0d329808624,92561,1,0.01,8002561,False,1,1,1,0,98,85,M,0.8
2,2562,libero_goal_task0,libero_goal,0,ff3fd9e4ccdfc617,92562,2,0.01,8002562,False,1,1,1,0,118,123,M,0.8
2,2563,libero_object_task8,libero_object,8,6633fb45906ff9cc,92563,3,0.01,8002563,False,1,1,1,0,137,140,M,0.8
2,2564,libero_goal_task8,libero_goal,8,5c980f47a2e3f55d,92564,4,0.01,8002564,False,1,1,1,0,71,72,M,0.8
2,2565,libero_object_task4,libero_object,4,d91305b26dc007cf,92565,5,0.01,8002565,False,1,1,1,0,128,135,M,0.8
2,2566,libero_spatial_task1,libero_spatial,1,5848d0be2f8ce244,92566,6,0.01,8002566,False,1,1,1,0,107,106,M,0.8
2,2568,libero_10_task5,libero_10,5,15c78666cb8df31f,92568,8,0.01,8002568,False,1,1,1,0,189,250,M,0.8
2,2569,libero_object_task8,libero_object,8,6a6983fa3cc1f9b5,92569,9,0.01,8002569,False,1,1,1,0,137,175,M,0.8
2,2570,libero_goal_task0,libero_goal,0,5be6c5d30ca6a807,92570,10,0.01,8002570,False,1,1,1,0,160,209,M,0.8
2,2571,libero_object_task9,libero_object,9,ee1cbd40c01dfe9b,92571,11,0.01,8002571,False,1,1,1,0,126,121,M,0.812
2,2572,libero_object_task9,libero_object,9,b3edadab8597dabe,92572,12,0.01,8002572,False,1,1,1,0,116,128,M,0.808
2,2574,libero_spatial_task2,libero_spatial,2,ef79ab82b18f583c,102574,14,0.01,9002574,True,1,1,1,0,113,97,M,0.8
2,2575,libero_goal_task1,libero_goal,1,34bbc107d1ef5e8b,92575,15,0.01,8002575,False,1,1,1,0,87,90,M,0.8
2,2576,libero_goal_task4,libero_goal,4,8c7365821c05afe6,92576,16,0.01,8002576,False,1,1,1,0,84,85,M,0.804
2,2577,libero_object_task2,libero_object,2,6178367d1a46f7ab,92577,17,0.01,8002577,False,1,1,1,0,113,116,M,0.8
2,2578,libero_object_task4,libero_object,4,8b10752bfb294ae1,92578,18,0.01,8002578,False,1,1,1,0,131,137,M,0.8
2,2579,libero_spatial_task1,libero_spatial,1,4250905ac7932b05,92579,19,0.01,8002579,False,1,1,1,0,111,104,M,0.8
2,2580,libero_goal_task1,libero_goal,1,dfa3e266559e942c,92580,20,0.01,8002580,False,1,1,1,0,81,91,M,0.8
2,2583,libero_goal_task0,libero_goal,0,33d69336fad3e6c4,92583,23,0.01,8002583,False,1,1,1,0,135,185,M,0.8
2,2584,libero_object_task9,libero_object,9,3c1afef334776fa6,92584,24,0.01,8002584,False,1,1,1,0,115,117,M,0.804
2,2585,libero_10_task5,libero_10,5,b2c1e9a21b0d2bf5,92585,25,0.01,8002585,False,1,1,1,0,165,193,M,0.8
2,2586,libero_10_task5,libero_10,5,643b2a28c7494459,92586,26,0.01,8002586,False,1,1,1,0,235,216,M,0.8
2,2589,libero_spatial_task6,libero_spatial,6,389cb008175ebd99,102589,29,0.01,9002589,True,1,1,1,0,104,110,M,0.8
2,2590,libero_goal_task0,libero_goal,0,f6e0b68e05fd91d0,92590,30,0.01,8002590,False,1,1,0,1,125,300,M,0.8
2,2594,libero_goal_task7,libero_goal,7,739ac11641de4488,92594,34,0.01,8002594,False,1,1,1,0,67,75,M,0.8
2,2595,libero_spatial_task1,libero_spatial,1,b0e93f04931eb995,92595,35,0.01,8002595,False,1,1,1,0,114,106,M,0.8
2,2598,libero_object_task9,libero_object,9,6b487f35978a8373,92598,38,0.01,8002598,False,1,1,1,0,110,113,M,0.8
2,2599,libero_object_task0,libero_object,0,62a3411220063dbe,92599,39,0.01,8002599,False,1,1,0,1,161,280,M,0.8
2,2600,libero_goal_task2,libero_goal,2,7154746ccb0322a6,92600,0,0.01,8002600,False,1,1,1,0,83,75,M,0.8
2,2601,libero_10_task5,libero_10,5,63471745254f7785,92601,1,0.01,8002601,False,1,1,1,0,168,165,M,0.8
2,2602,libero_spatial_task1,libero_spatial,1,d5ee6f83f4e19f17,92602,2,0.01,8002602,False,1,1,1,0,107,125,M,0.8
2,2604,libero_object_task4,libero_object,4,ea93873ce370832f,92604,4,0.01,8002604,False,1,1,1,0,130,141,M,0.8
2,2605,libero_goal_task4,libero_goal,4,d7ad62bbb144446c,92605,5,0.01,8002605,False,1,1,1,0,78,88,M,0.8
2,2606,libero_goal_task4,libero_goal,4,ea0c8bc72732139f,92606,6,0.01,8002606,False,1,1,1,0,81,87,M,0.8
2,2607,libero_object_task5,libero_object,5,b8a0cb7e742dba1a,92607,7,0.01,8002607,False,1,1,1,0,117,161,M,0.8
2,2611,libero_10_task2,libero_10,2,538a3b4817e1b124,92611,11,0.01,8002611,False,1,1,1,0,225,230,M,0.808
2,2612,libero_10_task5,libero_10,5,12d0ad9542f46cff,92612,12,0.01,8002612,False,1,1,1,0,209,249,M,0.8
2,2613,libero_spatial_task4,libero_spatial,4,54629ae4888003c6,102613,13,0.01,9002613,True,1,1,1,0,116,124,M,0.8
2,2616,libero_goal_task8,libero_goal,8,f7e286519a27e4ed,92616,16,0.01,8002616,False,1,1,1,0,75,62,M,0.8
2,2617,libero_goal_task2,libero_goal,2,1843edf90a3c6dd6,92617,17,0.01,8002617,False,1,1,1,0,95,102,M,0.8
2,2618,libero_object_task9,libero_object,9,c03c3aeeeb1018ad,92618,18,0.01,8002618,False,1,1,1,0,118,117,M,0.8
2,2621,libero_goal_task8,libero_goal,8,f473bc45b8344852,92621,21,0.01,8002621,False,1,1,1,0,71,76,M,0.8
2,2623,libero_spatial_task2,libero_spatial,2,edb56b7cb54a5f17,102623,23,0.01,9002623,True,1,1,1,0,101,91,M,0.8
2,2624,libero_object_task2,libero_object,2,2928cde83a2ef07f,92624,24,0.01,8002624,False,1,1,1,0,114,128,M,0.8
2,2625,libero_spatial_task1,libero_spatial,1,f82fbca4d648faf3,92625,25,0.01,8002625,False,1,1,1,0,106,118,M,0.8
2,2626,libero_goal_task8,libero_goal,8,c39cfeac97b77ff0,92626,26,0.01,8002626,False,1,1,1,0,71,74,M,0.8
2,2629,libero_goal_task1,libero_goal,1,2b2edcb183283061,92629,29,0.01,8002629,False,1,1,1,0,93,79,M,0.8
2,2630,libero_object_task8,libero_object,8,8fad76532c9e40c7,92630,30,0.01,8002630,False,1,1,1,0,136,144,M,0.8
2,2632,libero_object_task2,libero_object,2,5b5d7b24dee4a4bd,92632,32,0.01,8002632,False,1,1,1,0,115,122,M,0.8
2,2633,libero_goal_task8,libero_goal,8,04f16f1c4ca071e7,92633,33,0.01,8002633,False,1,1,1,0,75,76,M,0.8
2,2635,libero_spatial_task6,libero_spatial,6,6cb8dafd2829f443,102635,35,0.01,9002635,True,1,1,1,0,111,110,M,0.8
2,2636,libero_goal_task7,libero_goal,7,5813f27d3fabb37f,92636,36,0.01,8002636,False,1,1,1,0,71,71,M,0.8
2,2639,libero_goal_task4,libero_goal,4,b648f8c6b16c4c59,92639,39,0.01,8002639,False,1,1,1,0,79,89,M,0.8
2,2641,libero_object_task4,libero_object,4,ae504fb25f908c82,92641,1,0.01,8002641,False,1,1,1,0,127,150,M,0.8
2,2643,libero_10_task5,libero_10,5,ff41097b7e88112e,92643,3,0.01,8002643,False,1,1,1,0,202,217,M,0.8
2,2644,libero_object_task9,libero_object,9,bc3df895c6f1418e,92644,4,0.01,8002644,False,1,1,1,0,118,122,M,0.8
2,2647,libero_object_task0,libero_object,0,83dfef14017e188a,92647,7,0.01,8002647,False,1,1,1,0,144,130,M,0.8
2,2648,libero_goal_task4,libero_goal,4,fdf8b70c56cd8082,92648,8,0.01,8002648,False,1,1,1,0,79,86,M,0.8
2,2649,libero_object_task8,libero_object,8,5a2dc398a39c7261,92649,9,0.01,8002649,False,1,1,1,0,136,141,M,0.8
2,2654,libero_object_task8,libero_object,8,5605c14128570611,92654,14,0.01,8002654,False,1,1,1,0,136,145,M,0.8
2,2656,libero_goal_task2,libero_goal,2,d5452fa35be9594b,92656,16,0.01,8002656,False,1,1,1,0,83,92,M,0.8
2,2657,libero_object_task8,libero_object,8,1d51b9dd9ce8f3f4,92657,17,0.01,8002657,False,0,0,1,-1,280,171,M,0.816
2,2658,libero_spatial_task3,libero_spatial,3,dfebd26b0d8ab62e,102658,18,0.01,9002658,True,1,1,1,0,83,83,M,0.8
2,2659,libero_10_task5,libero_10,5,f6496fde395f5206,92659,19,0.01,8002659,False,1,1,1,0,174,207,M,0.8
2,2660,libero_goal_task8,libero_goal,8,08d57d7026030e29,92660,20,0.01,8002660,False,1,1,1,0,67,76,M,0.8
2,2662,libero_object_task2,libero_object,2,321216d16b42e914,92662,22,0.01,8002662,False,1,1,1,0,114,117,M,0.8
2,2664,libero_spatial_task1,libero_spatial,1,5ccd9ea56b0ab826,92664,24,0.01,8002664,False,1,1,1,0,107,110,M,0.8
2,2666,libero_goal_task7,libero_goal,7,0311af0dc7540dab,92666,26,0.01,8002666,False,1,1,1,0,66,77,M,0.8
2,2668,libero_spatial_task6,libero_spatial,6,96b1d0be350ea1c7,102668,28,0.01,9002668,True,1,1,1,0,101,98,M,0.8
2,2669,libero_goal_task4,libero_goal,4,7644534ddb0df243,92669,29,0.01,8002669,False,1,1,1,0,85,84,M,0.8
2,2672,libero_spatial_task4,libero_spatial,4,122480a2c789633a,102672,32,0.01,9002672,True,1,1,1,0,125,124,M,0.8
2,2673,libero_goal_task8,libero_goal,8,5267693d193110ab,92673,33,0.01,8002673,False,1,1,1,0,70,76,M,0.8
2,2676,libero_object_task2,libero_object,2,909f5e06e74cc7e4,92676,36,0.01,8002676,False,1,1,1,0,114,125,M,0.8
2,2677,libero_object_task2,libero_object,2,a0b676522e33885c,92677,37,0.01,8002677,False,1,1,1,0,116,123,M,0.8
2,2678,libero_object_task9,libero_object,9,6acbf58f4b82e2a2,92678,38,0.01,8002678,False,1,1,1,0,106,123,M,0.8
2,2679,libero_goal_task8,libero_goal,8,c2d9368614f01ac3,92679,39,0.01,8002679,False,1,1,1,0,69,72,M,0.8
2,2680,libero_goal_task1,libero_goal,1,4d19f762c0421026,92680,0,0.01,8002680,False,1,1,1,0,79,80,M,0.8
2,2681,libero_spatial_task4,libero_spatial,4,cd8bb250f758eb32,102681,1,0.01,9002681,True,1,1,1,0,117,137,M,0.8
2,2682,libero_object_task8,libero_object,8,28b568105c065733,92682,2,0.01,8002682,False,1,1,1,0,146,152,M,0.812
2,2684,libero_object_task4,libero_object,4,fc3ac62db631fc5a,92684,4,0.01,8002684,False,1,1,1,0,135,133,M,0.8
2,2685,libero_object_task4,libero_object,4,c4d3c1583c18049d,92685,5,0.01,8002685,False,1,1,1,0,125,136,M,0.8
2,2686,libero_10_task5,libero_10,5,f98ad68b855d315a,92686,6,0.01,8002686,False,1,1,1,0,175,171,M,0.8
2,2687,libero_goal_task8,libero_goal,8,2e5bb5f6649ff7b9,92687,7,0.01,8002687,False,1,1,1,0,73,79,M,0.8
2,2688,libero_object_task9,libero_object,9,b737e8c0d8791a14,92688,8,0.01,8002688,False,1,1,1,0,130,115,M,0.8
2,2689,libero_goal_task1,libero_goal,1,2f883c9ff97e6f35,92689,9,0.01,8002689,False,1,1,1,0,94,87,M,0.8
2,2690,libero_object_task4,libero_object,4,710b3125675a9674,92690,10,0.01,8002690,False,1,1,1,0,136,136,M,0.8
2,2692,libero_goal_task7,libero_goal,7,89e499471a264957,92692,12,0.01,8002692,False,1,1,1,0,65,69,M,0.8
2,2693,libero_object_task8,libero_object,8,11743358018fecfb,92693,13,0.01,8002693,False,1,1,1,0,137,154,M,0.808
2,2694,libero_object_task0,libero_object,0,bcb9fc2dec52d89b,92694,14,0.01,8002694,False,1,1,1,0,185,135,M,0.8
2,2695,libero_10_task5,libero_10,5,5cecd6b5767a5243,92695,15,0.01,8002695,False,1,1,1,0,147,138,M,0.8
2,2696,libero_object_task9,libero_object,9,a0688a7e3420ed20,92696,16,0.01,8002696,False,1,1,1,0,119,116,M,0.8
2,2698,libero_goal_task4,libero_goal,4,35748c1bcb1c63c9,92698,18,0.01,8002698,False,1,1,1,0,88,96,M,0.8
2,2700,libero_10_task2,libero_10,2,4124119cf30eb165,92700,20,0.01,8002700,False,1,1,1,0,236,235,M,0.804
2,2701,libero_goal_task0,libero_goal,0,bec5ce7c1ebbe8c3,92701,21,0.01,8002701,False,1,1,1,0,144,126,M,0.8
2,2702,libero_goal_task7,libero_goal,7,388262c8fa7861b2,92702,22,0.01,8002702,False,1,1,1,0,65,75,M,0.8
2,2703,libero_goal_task1,libero_goal,1,088bdbc6c0f984a4,92703,23,0.01,8002703,False,1,1,1,0,86,91,M,0.8
2,2705,libero_object_task2,libero_object,2,da1261a883d25c94,92705,25,0.01,8002705,False,1,1,1,0,119,127,M,0.8
2,2706,libero_goal_task2,libero_goal,2,08b58accecb7b018,92706,26,0.01,8002706,False,1,1,1,0,87,100,M,0.8
2,2709,libero_10_task5,libero_10,5,e333ce88903f7989,92709,29,0.01,8002709,False,1,1,1,0,188,155,M,0.8
2,2710,libero_goal_task4,libero_goal,4,4be7d33dd4d368ef,92710,30,0.01,8002710,False,1,1,1,0,86,84,M,0.8
2,2715,libero_spatial_task4,libero_spatial,4,53fa58012168956e,102715,35,0.01,9002715,True,0,0,1,-1,220,128,M,0.816
2,2719,libero_goal_task4,libero_goal,4,34f619ea32d73ac1,92719,39,0.01,8002719,False,1,1,1,0,86,85,M,0.8
2,2723,libero_goal_task8,libero_goal,8,806d0b597a66e856,92723,3,0.01,8002723,False,1,1,1,0,70,71,M,0.8
2,2725,libero_object_task8,libero_object,8,a16766d7cdc8bb05,92725,5,0.01,8002725,False,1,1,1,0,143,154,M,0.804
2,2727,libero_spatial_task4,libero_spatial,4,d8b21d97ba23eeba,102727,7,0.01,9002727,True,1,1,1,0,123,120,M,0.812
2,2728,libero_object_task4,libero_object,4,0ef45d90f133e373,92728,8,0.01,8002728,False,1,1,1,0,125,134,M,0.8
2,2729,libero_goal_task0,libero_goal,0,b4da745dd437465c,92729,9,0.01,8002729,False,1,1,1,0,118,125,M,0.8
2,2730,libero_object_task8,libero_object,8,5d383d345683f381,92730,10,0.01,8002730,False,1,1,1,0,142,202,M,0.8
2,2732,libero_goal_task8,libero_goal,8,06c666fb598d1715,92732,12,0.01,8002732,False,1,1,1,0,69,74,M,0.8
2,2733,libero_object_task2,libero_object,2,e97100176a5c1e54,92733,13,0.01,8002733,False,1,1,1,0,115,116,M,0.8
2,2734,libero_object_task5,libero_object,5,d23f0024030e3af0,92734,14,0.01,8002734,False,1,1,1,0,114,129,M,0.8
2,2735,libero_goal_task7,libero_goal,7,fe82273803e26bf5,92735,15,0.01,8002735,False,1,1,1,0,66,72,M,0.8
2,2736,libero_object_task9,libero_object,9,6250b2ab5cb4d72f,92736,16,0.01,8002736,False,1,1,1,0,114,121,M,0.8
2,2738,libero_object_task2,libero_object,2,8c03af318bdc91fe,92738,18,0.01,8002738,False,1,1,1,0,115,125,M,0.8
2,2739,libero_object_task4,libero_object,4,34adf86b846cb234,92739,19,0.01,8002739,False,1,1,1,0,130,137,M,0.8
2,2741,libero_spatial_task1,libero_spatial,1,7aa38d5e46501b1b,92741,21,0.01,8002741,False,1,1,1,0,102,101,M,0.8
2,2742,libero_goal_task4,libero_goal,4,947de743a97d9584,92742,22,0.01,8002742,False,1,1,1,0,81,90,M,0.8
2,2743,libero_spatial_task3,libero_spatial,3,782868a49ad74997,102743,23,0.01,9002743,True,1,1,1,0,88,85,M,0.8
2,2745,libero_spatial_task1,libero_spatial,1,619fc7a4550691a5,92745,25,0.01,8002745,False,1,1,1,0,96,104,M,0.8
2,2746,libero_spatial_task4,libero_spatial,4,733d8fcbd2c6df49,102746,26,0.01,9002746,True,1,1,1,0,115,130,M,0.808
2,2747,libero_10_task2,libero_10,2,ff2bb8582d4b111f,92747,27,0.01,8002747,False,1,1,1,0,244,246,M,0.8
2,2749,libero_object_task5,libero_object,5,4d626f0ba3a78630,92749,29,0.01,8002749,False,1,1,1,0,117,120,M,0.8
2,2750,libero_object_task4,libero_object,4,167ddc735dd8edb0,92750,30,0.01,8002750,False,1,1,1,0,131,140,M,0.8
2,2751,libero_goal_task4,libero_goal,4,3a411798c77936a1,92751,31,0.01,8002751,False,1,1,1,0,79,91,M,0.8
2,2753,libero_10_task5,libero_10,5,b745c7b4d90e2309,92753,33,0.01,8002753,False,1,1,1,0,242,171,M,0.8
2,2755,libero_object_task9,libero_object,9,e62f86034b66761b,92755,35,0.01,8002755,False,1,1,1,0,115,155,M,0.8
2,2758,libero_object_task4,libero_object,4,83897ebcd9dab8b3,92758,38,0.01,8002758,False,1,1,1,0,146,133,M,0.8
2,2759,libero_10_task5,libero_10,5,0d7f8eb3dbff1382,92759,39,0.01,8002759,False,1,1,1,0,158,158,M,0.8
2,2760,libero_10_task2,libero_10,2,6de64b5ebf13b9dc,92760,0,0.01,8002760,False,1,1,1,0,219,244,M,0.8
2,2761,libero_object_task2,libero_object,2,5b3c458e270f431f,92761,1,0.01,8002761,False,1,1,1,0,114,119,M,0.8
2,2762,libero_goal_task8,libero_goal,8,49b3ebb7d546c590,92762,2,0.01,8002762,False,1,1,1,0,75,74,M,0.8
2,2763,libero_goal_task1,libero_goal,1,adc5c8597f4595fa,92763,3,0.01,8002763,False,1,1,1,0,83,83,M,0.8
2,2764,libero_goal_task8,libero_goal,8,9a7f8cd341b03e5a,92764,4,0.01,8002764,False,1,1,1,0,76,78,M,0.8
2,2765,libero_spatial_task4,libero_spatial,4,da5a3a1d7fc0245c,102765,5,0.01,9002765,True,1,1,1,0,119,121,M,0.804
2,2766,libero_goal_task8,libero_goal,8,60d14077e517adc2,92766,6,0.01,8002766,False,1,1,1,0,64,75,M,0.8
2,2767,libero_object_task9,libero_object,9,3fa6b7ff1380beab,92767,7,0.01,8002767,False,1,1,1,0,116,128,M,0.8
2,2768,libero_goal_task0,libero_goal,0,64d64872a1286f19,92768,8,0.01,8002768,False,1,1,1,0,158,197,M,0.8
2,2770,libero_10_task5,libero_10,5,1e107cc66955fc99,92770,10,0.01,8002770,False,1,1,1,0,155,143,M,0.8
2,2772,libero_spatial_task1,libero_spatial,1,a3a830ba93417a31,92772,12,0.01,8002772,False,1,1,1,0,105,110,M,0.8
2,2773,libero_spatial_task6,libero_spatial,6,1937609d57728316,102773,13,0.01,9002773,True,1,1,1,0,101,107,M,0.8
2,2774,libero_object_task0,libero_object,0,1e0d69a4dba42b31,92774,14,0.01,8002774,False,1,1,1,0,154,125,M,0.8
2,2775,libero_goal_task7,libero_goal,7,d4a58143488bf2f2,92775,15,0.01,8002775,False,1,1,1,0,66,74,M,0.8
2,2777,libero_10_task2,libero_10,2,d7626985b3b0a40b,92777,17,0.01,8002777,False,1,1,1,0,232,241,M,0.8
2,2778,libero_spatial_task1,libero_spatial,1,bfbac2058fdb58ea,92778,18,0.01,8002778,False,1,1,1,0,111,108,M,0.8
2,2779,libero_goal_task0,libero_goal,0,bc123b82341dc217,92779,19,0.01,8002779,False,1,1,1,0,132,120,M,0.8
2,2780,libero_goal_task8,libero_goal,8,801775d48887a40e,92780,20,0.01,8002780,False,1,1,1,0,70,75,M,0.8
2,2781,libero_goal_task2,libero_goal,2,a055005604db0367,92781,21,0.01,8002781,False,1,1,1,0,83,90,M,0.8
2,2782,libero_object_task4,libero_object,4,4f99dbed9d96b9dc,92782,22,0.01,8002782,False,1,1,1,0,123,144,M,0.8
2,2783,libero_goal_task0,libero_goal,0,271647be6b9ad0a7,92783,23,0.01,8002783,False,1,1,0,1,167,300,M,0.8
2,2787,libero_10_task2,libero_10,2,04467bedab3db088,92787,27,0.01,8002787,False,1,1,1,0,233,239,M,0.8
2,2790,libero_goal_task4,libero_goal,4,0cfd45f78beb2311,92790,30,0.01,8002790,False,1,1,1,0,87,94,M,0.8
2,2791,libero_object_task9,libero_object,9,ed3b2dc3e62a8921,92791,31,0.01,8002791,False,1,1,1,0,113,121,M,0.8
2,2794,libero_object_task8,libero_object,8,a37c793e6af61531,92794,34,0.01,8002794,False,1,1,1,0,130,142,M,0.8
2,2796,libero_object_task4,libero_object,4,ae1e2ffeedca4cff,92796,36,0.01,8002796,False,1,1,1,0,128,134,M,0.8
2,2797,libero_goal_task0,libero_goal,0,f46db11b8436d514,92797,37,0.01,8002797,False,1,1,1,0,128,142,M,0.8
2,2799,libero_object_task2,libero_object,2,cec8bb175c274135,92799,39,0.01,8002799,False,1,1,1,0,118,117,M,0.8
2,2800,libero_object_task5,libero_object,5,2a6033f2285c8e71,92800,0,0.01,8002800,False,1,1,1,0,121,128,M,0.8
2,2804,libero_object_task9,libero_object,9,38ad27c663c01e3e,92804,4,0.01,8002804,False,1,1,1,0,114,122,M,0.8
2,2805,libero_goal_task4,libero_goal,4,15267fb7a9cbdd7c,92805,5,0.01,8002805,False,1,1,1,0,80,81,M,0.8
2,2808,libero_object_task0,libero_object,0,84e9268ab56c684c,92808,8,0.01,8002808,False,1,1,1,0,160,145,M,0.8
2,2809,libero_goal_task2,libero_goal,2,cc82c8b252fe1271,92809,9,0.01,8002809,False,1,1,1,0,92,84,M,0.8
2,2810,libero_goal_task1,libero_goal,1,fc007a9882e3e143,92810,10,0.01,8002810,False,1,1,1,0,83,83,M,0.8
2,2812,libero_goal_task4,libero_goal,4,fec195c4767979d3,92812,12,0.01,8002812,False,1,1,1,0,80,88,M,0.8
2,2814,libero_goal_task4,libero_goal,4,38e5d190941beb25,92814,14,0.01,8002814,False,1,1,1,0,80,88,M,0.8
2,2815,libero_goal_task8,libero_goal,8,458bb04d9baa61f8,92815,15,0.01,8002815,False,1,1,1,0,82,83,M,0.8
2,2817,libero_object_task5,libero_object,5,003afd57a8f14963,92817,17,0.01,8002817,False,1,1,0,1,118,280,M,0.8
2,2818,libero_10_task2,libero_10,2,fb28132822719d40,92818,18,0.01,8002818,False,1,1,1,0,242,256,M,0.8
2,2819,libero_spatial_task1,libero_spatial,1,1831a83a2073178a,92819,19,0.01,8002819,False,1,1,1,0,104,109,M,0.8
2,2820,libero_goal_task4,libero_goal,4,c21592fffcbf93a5,92820,20,0.01,8002820,False,1,1,1,0,81,83,M,0.8
2,2822,libero_goal_task1,libero_goal,1,356bbd816de204af,92822,22,0.01,8002822,False,1,1,1,0,78,86,M,0.8
2,2824,libero_object_task8,libero_object,8,67319bb62edb1422,92824,24,0.01,8002824,False,1,1,1,0,145,145,M,0.8
2,2825,libero_object_task4,libero_object,4,911dd6bb54134872,92825,25,0.01,8002825,False,1,1,1,0,126,133,M,0.8
2,2830,libero_goal_task1,libero_goal,1,bfc59f92cb38d156,92830,30,0.01,8002830,False,1,1,0,1,81,300,M,0.8
2,2832,libero_spatial_task2,libero_spatial,2,196bb3b99eb42df3,102832,32,0.01,9002832,True,1,1,1,0,99,91,M,0.8
2,2833,libero_10_task5,libero_10,5,7040777829be708e,92833,33,0.01,8002833,False,1,1,1,0,367,173,M,0.8
2,2834,libero_object_task5,libero_object,5,48343ac40286b6ca,92834,34,0.01,8002834,False,1,1,1,0,123,127,M,0.8
2,2835,libero_goal_task0,libero_goal,0,ebb1e9599a54e99b,92835,35,0.01,8002835,False,1,1,1,0,109,120,M,0.8
2,2837,libero_10_task5,libero_10,5,1ba48a38c864a70f,92837,37,0.01,8002837,False,1,1,1,0,159,193,M,0.8
2,2839,libero_goal_task1,libero_goal,1,0dcc623c87dfc23d,92839,39,0.01,8002839,False,0,0,1,-1,300,89,M,0.816
2,2840,libero_object_task9,libero_object,9,d7c7a8be0840bda1,92840,0,0.01,8002840,False,1,1,1,0,109,119,M,0.8
2,2841,libero_goal_task8,libero_goal,8,eadf5aa6019ff439,92841,1,0.01,8002841,False,1,1,1,0,73,81,M,0.8
2,2842,libero_object_task2,libero_object,2,3c2f803bc7a95413,92842,2,0.01,8002842,False,1,1,1,0,92,108,M,0.8
2,2843,libero_10_task5,libero_10,5,1fca6f07093f768c,92843,3,0.01,8002843,False,1,1,1,0,185,173,M,0.8
2,2844,libero_goal_task1,libero_goal,1,dac17faf1f4df34a,92844,4,0.01,8002844,False,1,1,1,0,78,80,M,0.812
2,2846,libero_object_task4,libero_object,4,04c9d87d5e20d1e6,92846,6,0.01,8002846,False,1,1,1,0,126,133,M,0.8
2,2847,libero_goal_task2,libero_goal,2,0c288c91413ca43c,92847,7,0.01,8002847,False,1,1,1,0,91,98,M,0.8
2,2848,libero_spatial_task6,libero_spatial,6,f2425bdffc3ffe80,102848,8,0.01,9002848,True,1,1,1,0,106,108,M,0.8
2,2850,libero_10_task2,libero_10,2,51b905b96b8d9780,92850,10,0.01,8002850,False,1,1,1,0,233,232,M,0.8
2,2851,libero_object_task5,libero_object,5,4965945c566d5614,92851,11,0.01,8002851,False,1,1,1,0,125,131,M,0.8
2,2852,libero_goal_task4,libero_goal,4,f662a9ac17cefea9,92852,12,0.01,8002852,False,1,1,1,0,79,83,M,0.8
2,2853,libero_object_task0,libero_object,0,601f32f4763db1b5,92853,13,0.01,8002853,False,1,1,1,0,146,137,M,0.8
2,2856,libero_object_task2,libero_object,2,316e5634ce207a8d,92856,16,0.01,8002856,False,1,1,1,0,109,112,M,0.8
2,2857,libero_10_task5,libero_10,5,f3706d87a1f67099,92857,17,0.01,8002857,False,1,1,1,0,173,166,M,0.8
2,2858,libero_10_task2,libero_10,2,b5c99326fbabedca,92858,18,0.01,8002858,False,1,1,1,0,233,238,M,0.8
2,2861,libero_10_task5,libero_10,5,6a25a16257e7d90b,92861,21,0.01,8002861,False,1,1,1,0,162,161,M,0.8
2,2863,libero_goal_task1,libero_goal,1,8de2dd4bce9389ca,92863,23,0.01,8002863,False,1,1,1,0,117,89,M,0.808
2,2864,libero_object_task9,libero_object,9,c8911b0f1e3d22a8,92864,24,0.01,8002864,False,1,1,1,0,114,130,M,0.8
2,2867,libero_object_task9,libero_object,9,82041ca8388972ed,92867,27,0.01,8002867,False,1,1,1,0,117,135,M,0.8
2,2868,libero_object_task0,libero_object,0,66fa031096d42e37,92868,28,0.01,8002868,False,1,1,1,0,151,160,M,0.8
2,2870,libero_object_task0,libero_object,0,98afa48ae4c1e2d0,92870,30,0.01,8002870,False,1,1,1,0,130,135,M,0.8
2,2872,libero_object_task4,libero_object,4,e10e7c3888b51d47,92872,32,0.01,8002872,False,1,1,1,0,134,137,M,0.8
2,2873,libero_object_task9,libero_object,9,72fb6f0570357bf2,92873,33,0.01,8002873,False,1,1,1,0,118,117,M,0.8
2,2874,libero_object_task8,libero_object,8,9e3c913400974438,92874,34,0.01,8002874,False,1,1,1,0,138,147,M,0.8
2,2875,libero_goal_task1,libero_goal,1,13a31ab73a4b942f,92875,35,0.01,8002875,False,1,1,1,0,77,82,M,0.804
2,2876,libero_spatial_task2,libero_spatial,2,6540a5a0ae1851c2,102876,36,0.01,9002876,True,1,1,1,0,98,96,M,0.8
2,2880,libero_goal_task8,libero_goal,8,56b7b1c581d9f6d4,92880,0,0.01,8002880,False,1,1,1,0,73,80,M,0.8
2,2881,libero_goal_task0,libero_goal,0,9518ad8950556b22,92881,1,0.01,8002881,False,1,1,1,0,117,120,M,0.8
2,2882,libero_object_task9,libero_object,9,5dfb44ff88bcafb0,92882,2,0.01,8002882,False,1,1,1,0,119,111,M,0.8
2,2883,libero_object_task9,libero_object,9,7479d41353c07eda,92883,3,0.01,8002883,False,1,1,1,0,118,115,M,0.8
2,2885,libero_object_task8,libero_object,8,65e0b61435547938,92885,5,0.01,8002885,False,1,1,1,0,136,151,M,0.8
2,2886,libero_object_task5,libero_object,5,e44ec9e382c39289,92886,6,0.01,8002886,False,1,1,1,0,111,124,M,0.8
2,2890,libero_object_task8,libero_object,8,4e8dea4f43615795,92890,10,0.01,8002890,False,0,0,0,0,280,280,M,0.816
2,2893,libero_goal_task0,libero_goal,0,270431ecf94255b9,92893,13,0.01,8002893,False,1,1,1,0,134,131,M,0.8
2,2894,libero_object_task4,libero_object,4,fc10fd08be5fd83d,92894,14,0.01,8002894,False,1,1,1,0,136,145,M,0.8
2,2895,libero_object_task4,libero_object,4,2190fb9bb6bdd63a,92895,15,0.01,8002895,False,1,1,1,0,132,142,M,0.8
2,2896,libero_goal_task7,libero_goal,7,f1201689e5ac18bb,92896,16,0.01,8002896,False,1,1,1,0,78,79,M,0.8
2,2898,libero_goal_task2,libero_goal,2,544fe0ab71e2a860,92898,18,0.01,8002898,False,1,1,0,1,97,300,M,0.8
2,2899,libero_spatial_task1,libero_spatial,1,30cf5c3c41aa9958,92899,19,0.01,8002899,False,1,1,1,0,101,100,M,0.8
2,2901,libero_goal_task8,libero_goal,8,b328ad6a07d78565,92901,21,0.01,8002901,False,1,1,1,0,73,76,M,0.8
2,2902,libero_goal_task4,libero_goal,4,d570f1026327a7e8,92902,22,0.01,8002902,False,1,1,1,0,82,90,M,0.8
2,2905,libero_10_task5,libero_10,5,1cc910768185abdd,92905,25,0.01,8002905,False,1,1,1,0,160,389,M,0.8
2,2906,libero_object_task5,libero_object,5,d65955c92c48508e,92906,26,0.01,8002906,False,1,1,1,0,120,129,M,0.8
2,2907,libero_goal_task2,libero_goal,2,5564ecb97f5e689a,92907,27,0.01,8002907,False,1,1,1,0,92,86,M,0.8
2,2908,libero_10_task2,libero_10,2,fd713511f60f3e24,92908,28,0.01,8002908,False,1,1,1,0,268,259,M,0.8
2,2910,libero_goal_task0,libero_goal,0,6adf2fd47c4c0ebf,92910,30,0.01,8002910,False,1,1,1,0,127,124,M,0.8
2,2912,libero_10_task2,libero_10,2,143b95cbc5e3dabb,92912,32,0.01,8002912,False,1,1,1,0,223,220,M,0.8
2,2913,libero_10_task5,libero_10,5,a5d6c29b62a4c3d9,92913,33,0.01,8002913,False,1,1,1,0,219,162,M,0.8
2,2915,libero_goal_task0,libero_goal,0,7aa1ba5f07fc4099,92915,35,0.01,8002915,False,1,1,1,0,125,117,M,0.8
2,2918,libero_object_task9,libero_object,9,f83e42cc5c96a46d,92918,38,0.01,8002918,False,1,1,1,0,111,127,M,0.8
2,2919,libero_goal_task7,libero_goal,7,bf9208f89f89fdab,92919,39,0.01,8002919,False,1,1,1,0,65,66,M,0.8
2,2920,libero_goal_task2,libero_goal,2,23ca11a7f085b420,92920,0,0.01,8002920,False,1,1,1,0,91,81,M,0.8
2,2921,libero_goal_task7,libero_goal,7,cfe4ebaf7ae02b3b,92921,1,0.01,8002921,False,1,1,1,0,74,79,M,0.8
2,2922,libero_goal_task8,libero_goal,8,50f581b2dab622f8,92922,2,0.01,8002922,False,1,1,1,0,83,74,M,0.8
2,2924,libero_goal_task0,libero_goal,0,76dbf7469a3a0f1b,92924,4,0.01,8002924,False,1,1,1,0,167,122,M,0.8
2,2927,libero_object_task9,libero_object,9,57394027079550f7,92927,7,0.01,8002927,False,1,1,1,0,119,131,M,0.8
2,2928,libero_spatial_task1,libero_spatial,1,29a96ba13e9da431,92928,8,0.01,8002928,False,1,1,1,0,104,103,M,0.8
2,2929,libero_object_task9,libero_object,9,808a97db8473a1bd,92929,9,0.01,8002929,False,1,1,1,0,114,128,M,0.8
2,2930,libero_goal_task7,libero_goal,7,56a616956316d1e0,92930,10,0.01,8002930,False,1,1,1,0,70,75,M,0.8
2,2931,libero_spatial_task4,libero_spatial,4,aded720d628741be,102931,11,0.01,9002931,True,1,1,1,0,116,124,M,0.8
2,2932,libero_object_task4,libero_object,4,4dd9f14ec514d2f7,92932,12,0.01,8002932,False,1,1,1,0,126,135,M,0.8
2,2936,libero_goal_task0,libero_goal,0,7a075668ac088942,92936,16,0.01,8002936,False,1,1,1,0,127,128,M,0.8
2,2938,libero_object_task2,libero_object,2,25ff8365addc06ec,92938,18,0.01,8002938,False,1,1,1,0,115,125,M,0.8
2,2939,libero_10_task2,libero_10,2,fdf945b830a5e798,92939,19,0.01,8002939,False,1,1,1,0,216,233,M,0.8
2,2940,libero_goal_task7,libero_goal,7,20cbc9b4ae7a410e,92940,20,0.01,8002940,False,1,1,1,0,66,79,M,0.8
2,2941,libero_goal_task1,libero_goal,1,e377baa438c7a6fe,92941,21,0.01,8002941,False,1,1,1,0,82,89,M,0.8
2,2947,libero_goal_task8,libero_goal,8,f2ebef34f443d6c7,92947,27,0.01,8002947,False,1,1,1,0,71,76,M,0.8
2,2948,libero_goal_task1,libero_goal,1,8fc8c430118e12f3,92948,28,0.01,8002948,False,1,1,1,0,91,87,M,0.8
2,2949,libero_goal_task7,libero_goal,7,c7e4bd31bae0043f,92949,29,0.01,8002949,False,1,1,1,0,71,73,M,0.8
2,2950,libero_goal_task0,libero_goal,0,ec68c8feda23c4d2,92950,30,0.01,8002950,False,1,1,1,0,162,117,M,0.8
2,2953,libero_object_task2,libero_object,2,c0e6de3545295fd5,92953,33,0.01,8002953,False,1,1,1,0,119,128,M,0.8
2,2955,libero_spatial_task1,libero_spatial,1,2f92704fcad76816,92955,35,0.01,8002955,False,0,0,1,-1,220,103,M,0.816
2,2956,libero_goal_task8,libero_goal,8,8e546210c1801178,92956,36,0.01,8002956,False,1,1,1,0,64,73,M,0.8
2,2958,libero_goal_task4,libero_goal,4,15e2ce168fcd219c,92958,38,0.01,8002958,False,1,1,1,0,87,88,M,0.8
2,2959,libero_spatial_task1,libero_spatial,1,ec44e194e97e9b6d,92959,39,0.01,8002959,False,1,1,1,0,111,104,M,0.812
2,2961,libero_goal_task8,libero_goal,8,825299369e61b749,92961,1,0.01,8002961,False,1,1,1,0,76,73,M,0.8
2,2962,libero_10_task5,libero_10,5,1a6f125b7bc22a86,92962,2,0.01,8002962,False,1,1,1,0,149,177,M,0.8
2,2964,libero_spatial_task2,libero_spatial,2,d09c4f47781a3f98,102964,4,0.01,9002964,True,1,1,1,0,94,102,M,0.8
2,2965,libero_object_task8,libero_object,8,55711497c22c3f37,92965,5,0.01,8002965,False,1,1,1,0,137,144,M,0.812
2,2967,libero_object_task9,libero_object,9,cc3c55bfd5b1809f,92967,7,0.01,8002967,False,1,1,1,0,117,131,M,0.8
2,2969,libero_object_task0,libero_object,0,93303680c9cf6842,92969,9,0.01,8002969,False,1,1,1,0,162,153,M,0.8
2,2970,libero_goal_task0,libero_goal,0,6859024ce3ba00d9,92970,10,0.01,8002970,False,1,1,1,0,152,126,M,0.8
2,2971,libero_goal_task1,libero_goal,1,bbe4211052a86517,92971,11,0.01,8002971,False,1,1,1,0,95,85,M,0.8
2,2973,libero_goal_task8,libero_goal,8,7599feaad667fa72,92973,13,0.01,8002973,False,1,1,1,0,78,78,M,0.8
2,2974,libero_10_task2,libero_10,2,00561495add63ffe,92974,14,0.01,8002974,False,1,1,1,0,230,239,M,0.8
2,2976,libero_spatial_task6,libero_spatial,6,59b915b4beebe630,102976,16,0.01,9002976,True,1,1,1,0,96,96,M,0.8
2,2977,libero_object_task9,libero_object,9,4e458b4b7f5ba7e3,92977,17,0.01,8002977,False,1,1,1,0,109,120,M,0.8
2,2979,libero_goal_task8,libero_goal,8,dcfbefcca7a162d8,92979,19,0.01,8002979,False,1,1,1,0,69,73,M,0.8
2,2980,libero_goal_task7,libero_goal,7,6c02676a9f4d2b69,92980,20,0.01,8002980,False,1,1,1,0,73,73,M,0.8
2,2981,libero_goal_task8,libero_goal,8,85e71899389d62cc,92981,21,0.01,8002981,False,1,1,1,0,65,80,M,0.8
2,2982,libero_goal_task1,libero_goal,1,983e1c98c049881d,92982,22,0.01,8002982,False,1,1,1,0,80,88,M,0.8
2,2986,libero_goal_task2,libero_goal,2,840d7d0a4ad4f4d8,92986,26,0.01,8002986,False,1,1,1,0,86,88,M,0.8
2,2987,libero_object_task4,libero_object,4,ac7666621b7ebb0c,92987,27,0.01,8002987,False,1,1,1,0,129,134,M,0.8
2,2988,libero_object_task5,libero_object,5,dd7bd6a4001a7cf2,92988,28,0.01,8002988,False,1,1,0,1,118,280,M,0.8
2,2991,libero_object_task4,libero_object,4,f35fb8c4ca3b5f6b,92991,31,0.01,8002991,False,1,1,1,0,135,150,M,0.8
2,2992,libero_goal_task4,libero_goal,4,86d4d692c0050a19,92992,32,0.01,8002992,False,1,1,1,0,82,83,M,0.8
2,2994,libero_goal_task1,libero_goal,1,ec6bcbc44a103f30,92994,34,0.01,8002994,False,1,1,1,0,84,81,M,0.8
2,2995,libero_object_task2,libero_object,2,e278e9540da6bd2e,92995,35,0.01,8002995,False,1,1,1,0,106,119,M,0.8
2,2997,libero_goal_task2,libero_goal,2,bf7fd6691e821083,92997,37,0.01,8002997,False,1,1,1,0,92,94,M,0.8
2,2998,libero_spatial_task2,libero_spatial,2,37d74761222fed9d,102998,38,0.01,9002998,True,1,1,1,0,103,92,M,0.8
2,3000,libero_goal_task8,libero_goal,8,fc97e4b65886569f,93000,0,0.01,8003000,False,1,1,1,0,75,74,M,0.8
2,3002,libero_spatial_task6,libero_spatial,6,76dd4232eb821164,103002,2,0.01,9003002,True,1,1,1,0,100,107,M,0.8
2,3003,libero_goal_task8,libero_goal,8,46f0e858a1893212,93003,3,0.01,8003003,False,1,1,1,0,67,72,M,0.8
2,3004,libero_object_task2,libero_object,2,c0af180576a764f5,93004,4,0.01,8003004,False,1,1,1,0,109,109,M,0.8
2,3005,libero_object_task5,libero_object,5,f1983a94f9a06833,93005,5,0.01,8003005,False,1,1,1,0,123,128,M,0.8
2,3007,libero_goal_task7,libero_goal,7,c95e06d39b320d85,93007,7,0.01,8003007,False,1,1,1,0,72,74,M,0.8
2,3008,libero_goal_task1,libero_goal,1,3f77c353edbeab26,93008,8,0.01,8003008,False,1,1,1,0,83,91,M,0.8
2,3010,libero_goal_task7,libero_goal,7,ffc53bc2e7196096,93010,10,0.01,8003010,False,1,1,1,0,71,80,M,0.8
2,3011,libero_goal_task4,libero_goal,4,3bd7c54b1cdc14d7,93011,11,0.01,8003011,False,1,1,1,0,82,90,M,0.8
2,3012,libero_goal_task7,libero_goal,7,0549b73ea206d312,93012,12,0.01,8003012,False,1,1,1,0,70,75,M,0.8
2,3013,libero_object_task9,libero_object,9,91f854d8fa8d28e5,93013,13,0.01,8003013,False,1,1,1,0,119,156,M,0.8
2,3015,libero_goal_task1,libero_goal,1,9decc30fdbf42e16,93015,15,0.01,8003015,False,1,1,1,0,98,92,M,0.8
2,3016,libero_goal_task1,libero_goal,1,73291ba7838d5cb0,93016,16,0.01,8003016,False,1,1,1,0,85,89,M,0.8
2,3017,libero_goal_task2,libero_goal,2,14a592683dc5aa17,93017,17,0.01,8003017,False,1,1,1,0,93,101,M,0.8
2,3019,libero_10_task5,libero_10,5,a370cb64ea6944af,93019,19,0.01,8003019,False,1,1,1,0,177,167,M,0.8
2,3020,libero_10_task2,libero_10,2,25361152ecb3339c,93020,20,0.01,8003020,False,1,1,1,0,225,239,M,0.8
2,3021,libero_object_task8,libero_object,8,8b2f5372c1dc57dc,93021,21,0.01,8003021,False,1,1,1,0,193,152,M,0.808
2,3022,libero_goal_task0,libero_goal,0,8ac6f1cf2d882426,93022,22,0.01,8003022,False,1,1,1,0,125,151,M,0.8
2,3023,libero_object_task2,libero_object,2,0bcbd6fbed237912,93023,23,0.01,8003023,False,1,1,1,0,106,112,M,0.8
2,3025,libero_object_task0,libero_object,0,8488312dc4540456,93025,25,0.01,8003025,False,1,1,1,0,160,137,M,0.8
2,3026,libero_spatial_task6,libero_spatial,6,ccc82c09ed67ffaf,103026,26,0.01,9003026,True,1,1,1,0,108,109,M,0.8
2,3027,libero_spatial_task4,libero_spatial,4,84cb71000af0c015,103027,27,0.01,9003027,True,1,1,1,0,125,122,M,0.8
2,3029,libero_object_task0,libero_object,0,c5ac3f677c3fef5e,93029,29,0.01,8003029,False,1,1,1,0,280,278,M,0.8
2,3030,libero_object_task8,libero_object,8,f38ac6df81ce6a2c,93030,30,0.01,8003030,False,1,1,1,0,138,144,M,0.804
2,3031,libero_object_task8,libero_object,8,58b1733f8ec983f6,93031,31,0.01,8003031,False,1,1,1,0,144,144,M,0.8
2,3034,libero_spatial_task1,libero_spatial,1,a9429fd062a1fe60,93034,34,0.01,8003034,False,1,1,1,0,107,106,M,0.808
2,3037,libero_goal_task8,libero_goal,8,e3cf2388e6fc5264,93037,37,0.01,8003037,False,1,1,1,0,75,78,M,0.8
2,3038,libero_spatial_task1,libero_spatial,1,5bf5c0cc29d67a60,93038,38,0.01,8003038,False,1,1,1,0,105,105,M,0.804
2,3039,libero_goal_task4,libero_goal,4,ead8d8b2742a76d2,93039,39,0.01,8003039,False,1,1,1,0,82,89,M,0.8
2,3040,libero_object_task9,libero_object,9,1fd5d5069363f873,93040,0,0.01,8003040,False,0,0,1,-1,280,118,M,0.816
2,3042,libero_object_task2,libero_object,2,266f626f34e6471c,93042,2,0.01,8003042,False,1,1,1,0,104,115,M,0.8
2,3044,libero_spatial_task3,libero_spatial,3,9fb009dbcaf1d5e7,103044,4,0.01,9003044,True,1,1,1,0,86,85,M,0.8
2,3046,libero_goal_task0,libero_goal,0,90bf6c9340f7866c,93046,6,0.01,8003046,False,1,1,1,0,127,132,M,0.8
2,3048,libero_spatial_task3,libero_spatial,3,162b38d1d48ab492,103048,8,0.01,9003048,True,1,1,1,0,83,86,M,0.8
2,3052,libero_goal_task2,libero_goal,2,4dc87485e96e36ab,93052,12,0.01,8003052,False,1,1,1,0,97,89,M,0.8
2,3053,libero_object_task9,libero_object,9,273ded2751b37c7a,93053,13,0.01,8003053,False,1,1,1,0,118,120,M,0.812
2,3054,libero_object_task2,libero_object,2,208305af3cb7db52,93054,14,0.01,8003054,False,1,1,1,0,114,116,M,0.8
2,3056,libero_goal_task8,libero_goal,8,16f4a7e64d4dcfd5,93056,16,0.01,8003056,False,1,1,0,1,75,300,M,0.8
2,3060,libero_object_task4,libero_object,4,9d91724b48abda5f,93060,20,0.01,8003060,False,1,1,1,0,132,129,M,0.8
2,3061,libero_10_task2,libero_10,2,8b3ff2a9b3766674,93061,21,0.01,8003061,False,1,1,1,0,221,246,M,0.8
2,3062,libero_10_task5,libero_10,5,3683465f4aee6c70,93062,22,0.01,8003062,False,1,1,1,0,157,166,M,0.8
2,3063,libero_goal_task0,libero_goal,0,cc7c25c4db1621ed,93063,23,0.01,8003063,False,1,1,0,1,138,300,M,0.8
2,3064,libero_goal_task4,libero_goal,4,12c11f79de8d207d,93064,24,0.01,8003064,False,1,1,1,0,85,82,M,0.8
2,3066,libero_goal_task8,libero_goal,8,f262303a4b0ec799,93066,26,0.01,8003066,False,1,1,1,0,71,74,M,0.8
2,3067,libero_10_task5,libero_10,5,2124e52ab57ba4fd,93067,27,0.01,8003067,False,1,1,1,0,190,262,M,0.8
2,3068,libero_object_task5,libero_object,5,5ffbc8b6e609fce0,93068,28,0.01,8003068,False,1,1,1,0,110,125,M,0.8
2,3070,libero_goal_task0,libero_goal,0,aaebbee2934a0ff3,93070,30,0.01,8003070,False,1,1,1,0,152,127,M,0.8
2,3071,libero_goal_task2,libero_goal,2,f972b7cd9316c6b7,93071,31,0.01,8003071,False,1,1,1,0,93,99,M,0.8
2,3073,libero_goal_task7,libero_goal,7,f73202553a0ef805,93073,33,0.01,8003073,False,1,1,1,0,70,66,M,0.8
2,3076,libero_object_task9,libero_object,9,b6b997dada8326cc,93076,36,0.01,8003076,False,1,1,1,0,112,122,M,0.808
2,3077,libero_goal_task7,libero_goal,7,ce25cd98527ac493,93077,37,0.01,8003077,False,1,1,1,0,65,72,M,0.8
2,3080,libero_goal_task1,libero_goal,1,e3e163926e6e35ac,93080,0,0.01,8003080,False,1,1,1,0,78,85,M,0.8
2,3084,libero_goal_task1,libero_goal,1,a7f402c57c120b6d,93084,4,0.01,8003084,False,1,1,1,0,80,84,M,0.8
2,3086,libero_goal_task2,libero_goal,2,4c27f93aae353cd1,93086,6,0.01,8003086,False,1,1,1,0,84,93,M,0.8
2,3087,libero_object_task0,libero_object,0,52793d6ad204c339,93087,7,0.01,8003087,False,1,1,1,0,133,143,M,0.8
2,3088,libero_goal_task2,libero_goal,2,6c63577753de3eef,93088,8,0.01,8003088,False,1,1,1,0,91,96,M,0.8
2,3089,libero_object_task5,libero_object,5,341b822c2087a455,93089,9,0.01,8003089,False,1,1,1,0,121,135,M,0.8
2,3091,libero_spatial_task4,libero_spatial,4,0913fcd0cdf1176c,103091,11,0.01,9003091,True,1,1,1,0,121,132,M,0.8
2,3092,libero_spatial_task1,libero_spatial,1,c0f64a468f6eeb37,93092,12,0.01,8003092,False,1,1,1,0,111,108,M,0.8
2,3094,libero_goal_task1,libero_goal,1,35c0f2d95340c194,93094,14,0.01,8003094,False,1,1,1,0,79,81,M,0.8
2,3096,libero_goal_task2,libero_goal,2,dd0acfd770baca28,93096,16,0.01,8003096,False,1,1,1,0,94,101,M,0.8
2,3099,libero_object_task8,libero_object,8,864a9e48bf53c1d2,93099,19,0.01,8003099,False,1,1,1,0,185,153,M,0.8
2,3102,libero_spatial_task1,libero_spatial,1,66454f5bab788f97,93102,22,0.01,8003102,False,1,1,1,0,105,165,M,0.8
2,3104,libero_goal_task2,libero_goal,2,f143a58e6a9535cd,93104,24,0.01,8003104,False,1,1,1,0,84,89,M,0.8
2,3106,libero_goal_task7,libero_goal,7,4abeab1ab381a724,93106,26,0.01,8003106,False,1,1,1,0,68,71,M,0.8
2,3107,libero_spatial_task1,libero_spatial,1,7105b767097fd4f4,93107,27,0.01,8003107,False,1,1,0,1,113,220,M,0.8
2,3108,libero_object_task8,libero_object,8,39e189ea4465e0cd,93108,28,0.01,8003108,False,1,1,1,0,130,154,M,0.8
2,3110,libero_10_task5,libero_10,5,044d9b63739282d5,93110,30,0.01,8003110,False,1,1,1,0,176,175,M,0.8
2,3111,libero_object_task2,libero_object,2,389aa69aab8f94d2,93111,31,0.01,8003111,False,1,1,1,0,116,135,M,0.8
2,3112,libero_goal_task8,libero_goal,8,bebd3912eb675fd8,93112,32,0.01,8003112,False,1,1,1,0,65,74,M,0.8
2,3113,libero_object_task0,libero_object,0,7e83a2be5bcd6714,93113,33,0.01,8003113,False,1,1,1,0,146,138,M,0.8
2,3114,libero_spatial_task1,libero_spatial,1,b80daed61b46e8d3,93114,34,0.01,8003114,False,1,1,1,0,104,103,M,0.8
2,3115,libero_goal_task7,libero_goal,7,b4b8af317c47bacf,93115,35,0.01,8003115,False,1,1,1,0,69,72,M,0.8
2,3117,libero_goal_task7,libero_goal,7,1917c6097b540811,93117,37,0.01,8003117,False,1,1,1,0,66,71,M,0.8
2,3118,libero_object_task5,libero_object,5,7beeb1da8e51b315,93118,38,0.01,8003118,False,1,1,1,0,125,132,M,0.8
2,3119,libero_spatial_task6,libero_spatial,6,3c6640d2f91714ae,103119,39,0.01,9003119,True,1,1,1,0,110,113,M,0.8
2,3121,libero_object_task0,libero_object,0,0db5b58e475e4ce2,93121,1,0.01,8003121,False,1,1,1,0,181,147,M,0.8
2,3123,libero_goal_task0,libero_goal,0,46eefe7d5a80fc20,93123,3,0.01,8003123,False,1,1,1,0,160,138,M,0.8
2,3125,libero_goal_task2,libero_goal,2,30d0c0d345d3ac2a,93125,5,0.01,8003125,False,1,1,1,0,88,94,M,0.8
2,3126,libero_object_task2,libero_object,2,f22e3d4de06c606a,93126,6,0.01,8003126,False,1,1,1,0,111,116,M,0.8
2,3127,libero_goal_task7,libero_goal,7,e1143daec11c568f,93127,7,0.01,8003127,False,1,1,1,0,72,79,M,0.8
2,3129,libero_spatial_task4,libero_spatial,4,ce83f058a167b604,103129,9,0.01,9003129,True,1,1,1,0,117,120,M,0.8
2,3131,libero_object_task2,libero_object,2,7c8e5d92736deaad,93131,11,0.01,8003131,False,1,1,1,0,111,115,M,0.8
2,3132,libero_object_task2,libero_object,2,c18c294b2d32c8c6,93132,12,0.01,8003132,False,1,1,1,0,116,113,M,0.8
2,3135,libero_object_task2,libero_object,2,38cd878e92b221ff,93135,15,0.01,8003135,False,1,1,0,1,108,280,M,0.8
2,3137,libero_goal_task7,libero_goal,7,9648e91cebdf815a,93137,17,0.01,8003137,False,1,1,1,0,72,73,M,0.8
2,3138,libero_goal_task7,libero_goal,7,2c7268e98a6ac2fd,93138,18,0.01,8003138,False,1,1,1,0,65,76,M,0.8
2,3139,libero_object_task4,libero_object,4,ff4c1049e5be82e6,93139,19,0.01,8003139,False,1,1,1,0,136,136,M,0.8
2,3140,libero_goal_task4,libero_goal,4,c297569d9a9321e6,93140,20,0.01,8003140,False,1,1,1,0,81,84,M,0.8
2,3142,libero_object_task8,libero_object,8,5787923d28d11768,93142,22,0.01,8003142,False,1,1,1,0,135,152,M,0.8
2,3143,libero_object_task9,libero_object,9,cf6a5767894c0e93,93143,23,0.01,8003143,False,0,0,1,-1,280,119,M,0.824
2,3144,libero_spatial_task2,libero_spatial,2,bef28ea64bb4b444,103144,24,0.01,9003144,True,1,1,1,0,98,96,M,0.8
2,3145,libero_spatial_task3,libero_spatial,3,f83136154401f5c6,103145,25,0.01,9003145,True,0,0,1,-1,220,64,M,0.816
2,3146,libero_goal_task4,libero_goal,4,687abff01c27abf7,93146,26,0.01,8003146,False,1,1,1,0,126,91,M,0.8
2,3149,libero_object_task5,libero_object,5,ec2b61b134b57cf6,93149,29,0.01,8003149,False,1,1,1,0,119,122,M,0.8
2,3150,libero_goal_task2,libero_goal,2,f90ab3a6c80fcca9,93150,30,0.01,8003150,False,1,1,1,0,82,86,M,0.8
2,3153,libero_object_task4,libero_object,4,cc761dcb44c99e86,93153,33,0.01,8003153,False,1,1,1,0,131,143,M,0.8
2,3154,libero_goal_task7,libero_goal,7,825b70f818098403,93154,34,0.01,8003154,False,1,1,1,0,67,77,M,0.8
2,3155,libero_goal_task1,libero_goal,1,27d54cb70b2206a8,93155,35,0.01,8003155,False,1,1,1,0,81,79,M,0.8
2,3156,libero_object_task5,libero_object,5,eb07fab4815692a7,93156,36,0.01,8003156,False,1,1,1,0,113,112,M,0.8
2,3157,libero_goal_task7,libero_goal,7,98a172d81fd685e3,93157,37,0.01,8003157,False,1,1,1,0,64,71,M,0.8
2,3158,libero_spatial_task4,libero_spatial,4,94151e96612ebc84,103158,38,0.01,9003158,True,1,1,1,0,112,136,M,0.8
2,3160,libero_goal_task7,libero_goal,7,df2a8edc1074b8cb,93160,0,0.01,8003160,False,1,1,1,0,73,78,M,0.8
2,3163,libero_object_task0,libero_object,0,122e8866ff967807,93163,3,0.01,8003163,False,1,1,1,0,161,135,M,0.8
2,3164,libero_goal_task0,libero_goal,0,7b25a1542f98c2ef,93164,4,0.01,8003164,False,1,1,1,0,121,122,M,0.8
2,3165,libero_object_task8,libero_object,8,5ac550e34a3c4ed4,93165,5,0.01,8003165,False,1,1,1,0,137,146,M,0.8
2,3166,libero_goal_task0,libero_goal,0,470ff2beaf5a7077,93166,6,0.01,8003166,False,1,1,1,0,149,138,M,0.8
2,3167,libero_spatial_task2,libero_spatial,2,34ea2b1f331ea1ba,103167,7,0.01,9003167,True,1,1,1,0,104,90,M,0.8
2,3170,libero_10_task5,libero_10,5,f308131374b2fd4a,93170,10,0.01,8003170,False,1,1,1,0,161,157,M,0.8
2,3171,libero_object_task2,libero_object,2,ed780323544f10ce,93171,11,0.01,8003171,False,1,1,1,0,110,112,M,0.8
2,3175,libero_object_task9,libero_object,9,676b2ce952776e16,93175,15,0.01,8003175,False,1,1,1,0,119,117,M,0.82
2,3179,libero_spatial_task1,libero_spatial,1,b9b80dd66088817d,93179,19,0.01,8003179,False,1,1,1,0,103,102,M,0.8
2,3182,libero_goal_task4,libero_goal,4,d142b77567b45a56,93182,22,0.01,8003182,False,1,1,1,0,86,87,M,0.8
2,3183,libero_spatial_task3,libero_spatial,3,b9a32ecc8a2626e1,103183,23,0.01,9003183,True,1,1,1,0,90,81,M,0.812
2,3184,libero_spatial_task1,libero_spatial,1,53ec8a25d633963d,93184,24,0.01,8003184,False,1,1,1,0,110,109,M,0.8
2,3185,libero_object_task8,libero_object,8,9c9c52199a4219eb,93185,25,0.01,8003185,False,1,1,1,0,137,157,M,0.8
2,3186,libero_object_task0,libero_object,0,223a58002cfb1569,93186,26,0.01,8003186,False,1,1,1,0,184,130,M,0.8
2,3187,libero_10_task5,libero_10,5,4d798703c2bd6a8e,93187,27,0.01,8003187,False,1,1,1,0,177,189,M,0.8
2,3189,libero_spatial_task3,libero_spatial,3,f5d783e6b11575a4,103189,29,0.01,9003189,True,1,1,1,0,92,87,M,0.808
2,3192,libero_object_task0,libero_object,0,eba8500daf785c28,93192,32,0.01,8003192,False,1,1,1,0,163,213,M,0.8
2,3194,libero_object_task9,libero_object,9,6f96ce9ea5c43222,93194,34,0.01,8003194,False,1,1,1,0,111,120,M,0.816
2,3195,libero_goal_task7,libero_goal,7,9f5a84e9b92f830c,93195,35,0.01,8003195,False,1,1,1,0,70,78,M,0.8
2,3196,libero_goal_task8,libero_goal,8,78426c56e88892fb,93196,36,0.01,8003196,False,1,1,1,0,66,73,M,0.8
2,3197,libero_goal_task2,libero_goal,2,f1145ea0596b2531,93197,37,0.01,8003197,False,1,1,1,0,96,104,M,0.8
2,3198,libero_goal_task2,libero_goal,2,b25ebd08d743e330,93198,38,0.01,8003198,False,1,1,1,0,96,94,M,0.8
2,3199,libero_object_task5,libero_object,5,0e89f03233098e30,93199,39,0.01,8003199,False,1,1,1,0,121,122,M,0.8
2,3201,libero_spatial_task3,libero_spatial,3,9b84846009490aa0,103201,1,0.01,9003201,True,1,1,1,0,86,85,M,0.804
2,3202,libero_goal_task8,libero_goal,8,5cb223ed2798816f,93202,2,0.01,8003202,False,1,1,1,0,67,79,M,0.8
2,3206,libero_object_task4,libero_object,4,4f97c967bfc84e4d,93206,6,0.01,8003206,False,1,1,1,0,135,135,M,0.8
2,3207,libero_object_task8,libero_object,8,7b5bc2de1e33cd0a,93207,7,0.01,8003207,False,1,1,1,0,139,147,M,0.8
2,3208,libero_goal_task7,libero_goal,7,9e82a6a89290efe0,93208,8,0.01,8003208,False,1,1,1,0,69,70,M,0.8
2,3211,libero_object_task2,libero_object,2,04b1c25ead5d41fa,93211,11,0.01,8003211,False,1,1,1,0,114,113,M,0.8
2,3212,libero_object_task9,libero_object,9,61a48fb14c38abd8,93212,12,0.01,8003212,False,1,1,1,0,117,123,M,0.812
2,3214,libero_goal_task7,libero_goal,7,07ae8cbc4913e68d,93214,14,0.01,8003214,False,1,1,1,0,69,76,M,0.8
2,3216,libero_10_task2,libero_10,2,b20b86e972657c83,93216,16,0.01,8003216,False,1,1,1,0,233,227,M,0.8
2,3219,libero_object_task4,libero_object,4,55872a795f477fb2,93219,19,0.01,8003219,False,1,1,1,0,131,136,M,0.8
2,3222,libero_object_task0,libero_object,0,d1535379a27e1d06,93222,22,0.01,8003222,False,1,1,1,0,154,150,M,0.8
2,3223,libero_goal_task2,libero_goal,2,9a8ba0cc061663c9,93223,23,0.01,8003223,False,1,1,1,0,96,83,M,0.8
2,3224,libero_goal_task8,libero_goal,8,6356ba7d8c6c8493,93224,24,0.01,8003224,False,1,1,1,0,66,69,M,0.8
2,3225,libero_object_task4,libero_object,4,ee398a5851fdd8c8,93225,25,0.01,8003225,False,1,1,1,0,133,136,M,0.8
2,3229,libero_spatial_task4,libero_spatial,4,0d64ed3cfbdc80ec,103229,29,0.01,9003229,True,1,1,1,0,122,122,M,0.8
2,3230,libero_object_task8,libero_object,8,eac65e4c5a709f4f,93230,30,0.01,8003230,False,1,1,1,0,146,152,M,0.8
2,3233,libero_object_task8,libero_object,8,3bc6b12143b9b8c3,93233,33,0.01,8003233,False,1,1,1,0,129,152,M,0.8
2,3235,libero_10_task2,libero_10,2,5f179ac99005be06,93235,35,0.01,8003235,False,1,1,1,0,247,249,M,0.8
2,3236,libero_spatial_task6,libero_spatial,6,e89fb3bb8aae65bc,103236,36,0.01,9003236,True,1,1,1,0,106,105,M,0.8
2,3237,libero_object_task9,libero_object,9,525f1962e8015b78,93237,37,0.01,8003237,False,1,1,1,0,112,131,M,0.808
2,3238,libero_object_task9,libero_object,9,41cab79d50195821,93238,38,0.01,8003238,False,1,1,1,0,111,113,M,0.804
2,3239,libero_goal_task8,libero_goal,8,15a68fb5bfc00aa5,93239,39,0.01,8003239,False,1,1,1,0,68,86,M,0.8
2,3240,libero_goal_task4,libero_goal,4,c88415d87595e21d,93240,0,0.01,8003240,False,1,1,1,0,80,88,M,0.8
2,3242,libero_10_task5,libero_10,5,56e9f8f82a886ad5,93242,2,0.01,8003242,False,1,1,1,0,152,145,M,0.8
2,3245,libero_object_task5,libero_object,5,702494a6ae2879c8,93245,5,0.01,8003245,False,1,1,1,0,121,128,M,0.8
2,3247,libero_object_task4,libero_object,4,4684dfd145e92e02,93247,7,0.01,8003247,False,1,1,1,0,132,143,M,0.8
2,3248,libero_object_task5,libero_object,5,9b17a2784b1785d2,93248,8,0.01,8003248,False,1,1,1,0,120,125,M,0.8
2,3250,libero_object_task2,libero_object,2,7eef3d5fb2b4358b,93250,10,0.01,8003250,False,1,1,1,0,111,117,M,0.8
2,3251,libero_goal_task1,libero_goal,1,15c792e2b2e159a4,93251,11,0.01,8003251,False,1,1,1,0,90,90,M,0.8
2,3252,libero_object_task8,libero_object,8,af978d45908425f1,93252,12,0.01,8003252,False,1,1,1,0,135,148,M,0.8
2,3253,libero_object_task4,libero_object,4,52070e2c7272e95e,93253,13,0.01,8003253,False,1,1,1,0,128,143,M,0.8
2,3255,libero_object_task8,libero_object,8,623eeeb795fb0593,93255,15,0.01,8003255,False,1,1,1,0,139,142,M,0.8
2,3256,libero_goal_task1,libero_goal,1,baf43f9c443c1eee,93256,16,0.01,8003256,False,1,1,1,0,84,82,M,0.8
2,3257,libero_spatial_task1,libero_spatial,1,2f223265c52429e1,93257,17,0.01,8003257,False,1,1,1,0,105,103,M,0.8
2,3258,libero_spatial_task2,libero_spatial,2,df4434301a519613,103258,18,0.01,9003258,True,1,1,1,0,110,94,M,0.8
2,3260,libero_object_task4,libero_object,4,2b9c3f523bc50de4,93260,20,0.01,8003260,False,1,1,1,0,138,130,M,0.8
2,3261,libero_object_task9,libero_object,9,57974e9537e7c29e,93261,21,0.01,8003261,False,1,1,1,0,119,128,M,0.8
2,3264,libero_spatial_task3,libero_spatial,3,8c66e47f0fcf19fe,103264,24,0.01,9003264,True,1,1,1,0,90,82,M,0.8
2,3266,libero_goal_task8,libero_goal,8,74316f0c629b6b51,93266,26,0.01,8003266,False,1,1,1,0,73,74,M,0.8
2,3267,libero_object_task0,libero_object,0,c9c5caabb8573fdf,93267,27,0.01,8003267,False,1,1,1,0,143,137,M,0.8
2,3268,libero_10_task2,libero_10,2,fb351cbfa86a47c7,93268,28,0.01,8003268,False,1,1,1,0,223,238,M,0.8
2,3269,libero_goal_task1,libero_goal,1,c6b210ef182f4c13,93269,29,0.01,8003269,False,1,1,1,0,81,94,M,0.8
2,3270,libero_spatial_task2,libero_spatial,2,a30df5a177636102,103270,30,0.01,9003270,True,1,1,1,0,93,92,M,0.8
2,3271,libero_goal_task1,libero_goal,1,a1338a25a726378b,93271,31,0.01,8003271,False,1,1,1,0,81,84,M,0.8
2,3272,libero_object_task9,libero_object,9,b9a44edf1c38c6eb,93272,32,0.01,8003272,False,1,1,1,0,111,121,M,0.8
2,3273,libero_goal_task1,libero_goal,1,c0ce0b5917900782,93273,33,0.01,8003273,False,1,1,1,0,91,87,M,0.8
2,3274,libero_goal_task4,libero_goal,4,cfae1d3ee75b1766,93274,34,0.01,8003274,False,0,0,1,-1,300,87,M,0.816
2,3276,libero_object_task5,libero_object,5,1e9974f925587f2a,93276,36,0.01,8003276,False,1,1,1,0,110,126,M,0.8
2,3280,libero_object_task2,libero_object,2,490e96fa5432fa56,93280,0,0.01,8003280,False,1,1,1,0,113,119,M,0.8
2,3281,libero_goal_task2,libero_goal,2,85c51def66cbbead,93281,1,0.01,8003281,False,1,1,1,0,90,93,M,0.8
2,3282,libero_goal_task4,libero_goal,4,566b009b0d37211b,93282,2,0.01,8003282,False,1,1,1,0,80,89,M,0.812
2,3285,libero_object_task8,libero_object,8,c5671a4fa47fb23a,93285,5,0.01,8003285,False,1,1,1,0,145,144,M,0.8
2,3286,libero_goal_task2,libero_goal,2,cf8dcbb368177667,93286,6,0.01,8003286,False,1,1,1,0,85,94,M,0.8
2,3287,libero_object_task9,libero_object,9,9682f2bdefd05e38,93287,7,0.01,8003287,False,1,1,1,0,115,119,M,0.8
2,3288,libero_object_task2,libero_object,2,b0ce3713b56f7d0b,93288,8,0.01,8003288,False,1,1,1,0,108,118,M,0.8
2,3289,libero_spatial_task1,libero_spatial,1,27add8cc2f4ac8e4,93289,9,0.01,8003289,False,1,1,1,0,108,107,M,0.8
2,3291,libero_goal_task8,libero_goal,8,1e2d838fd896a6f4,93291,11,0.01,8003291,False,1,1,1,0,72,74,M,0.8
2,3292,libero_object_task5,libero_object,5,36e40bd49989ecdc,93292,12,0.01,8003292,False,1,1,1,0,119,124,M,0.8
2,3294,libero_goal_task0,libero_goal,0,32b2b0ee29412811,93294,14,0.01,8003294,False,1,1,1,0,119,254,M,0.8
2,3295,libero_object_task8,libero_object,8,9f0385b52785f686,93295,15,0.01,8003295,False,1,1,1,0,145,161,M,0.8
2,3296,libero_spatial_task1,libero_spatial,1,78e57dcf08a2264b,93296,16,0.01,8003296,False,1,1,1,0,105,106,M,0.8
2,3297,libero_goal_task4,libero_goal,4,730e60d00bd1da8f,93297,17,0.01,8003297,False,1,1,1,0,85,84,M,0.808
2,3298,libero_object_task2,libero_object,2,e47bdcbc399e07f8,93298,18,0.01,8003298,False,1,1,1,0,114,119,M,0.8
2,3299,libero_10_task5,libero_10,5,6f78a68a6d8053c4,93299,19,0.01,8003299,False,1,1,1,0,179,178,M,0.8
2,3300,libero_goal_task4,libero_goal,4,a0f7e3567c4b1bdc,93300,20,0.01,8003300,False,1,1,1,0,81,83,M,0.804
2,3302,libero_spatial_task4,libero_spatial,4,20cb6416c8ed8e13,103302,22,0.01,9003302,True,1,1,1,0,124,122,M,0.8
2,3303,libero_10_task2,libero_10,2,777bbc5b29d0986e,93303,23,0.01,8003303,False,1,1,1,0,259,247,M,0.8
2,3305,libero_goal_task2,libero_goal,2,682f76d43d48da32,93305,25,0.01,8003305,False,1,1,1,0,98,87,M,0.8
2,3306,libero_object_task0,libero_object,0,e3fd4d214a48e74b,93306,26,0.01,8003306,False,1,1,1,0,177,137,M,0.8
2,3307,libero_spatial_task2,libero_spatial,2,9a85590eb3adeb6d,103307,27,0.01,9003307,True,1,1,1,0,108,92,M,0.8
2,3308,libero_goal_task0,libero_goal,0,b98eeb8411c1445b,93308,28,0.01,8003308,False,1,1,1,0,125,138,M,0.8
2,3309,libero_goal_task1,libero_goal,1,f6a092f5a1671440,93309,29,0.01,8003309,False,1,1,1,0,80,92,M,0.8
2,3310,libero_spatial_task1,libero_spatial,1,a10395b437516f58,93310,30,0.01,8003310,False,1,1,1,0,107,104,M,0.8
2,3313,libero_spatial_task4,libero_spatial,4,68cc456834f6edcf,103313,33,0.01,9003313,True,1,1,1,0,123,122,M,0.8
2,3314,libero_goal_task2,libero_goal,2,e591e59a91012197,93314,34,0.01,8003314,False,0,0,1,-1,300,90,M,0.816
2,3315,libero_object_task0,libero_object,0,2386d07616b3dda2,93315,35,0.01,8003315,False,1,1,1,0,125,137,M,0.8
2,3316,libero_spatial_task1,libero_spatial,1,b22243d5d365f8dc,93316,36,0.01,8003316,False,1,1,1,0,112,111,M,0.8
2,3317,libero_goal_task2,libero_goal,2,9ce21e0f6bce1a00,93317,37,0.01,8003317,False,0,0,1,-1,300,92,M,0.832
2,3318,libero_object_task9,libero_object,9,d9e1e353a8f06327,93318,38,0.01,8003318,False,0,0,1,-1,280,115,M,0.816
2,3322,libero_goal_task0,libero_goal,0,8ec40f5b6ff90d18,93322,2,0.01,8003322,False,1,1,1,0,112,114,M,0.8
2,3323,libero_object_task4,libero_object,4,c2ec454c55ae6920,93323,3,0.01,8003323,False,1,1,1,0,142,151,M,0.8
2,3325,libero_spatial_task1,libero_spatial,1,070649f7143de4c7,93325,5,0.01,8003325,False,1,1,1,0,108,103,M,0.8
2,3326,libero_10_task2,libero_10,2,109ff059fdcd5461,93326,6,0.01,8003326,False,1,1,1,0,268,348,M,0.8
2,3327,libero_object_task5,libero_object,5,464fcb94faa170e5,93327,7,0.01,8003327,False,1,1,1,0,110,130,M,0.8
2,3328,libero_goal_task8,libero_goal,8,e3c399e4e6fbde23,93328,8,0.01,8003328,False,1,1,1,0,71,72,M,0.8
2,3332,libero_object_task9,libero_object,9,2be332fa729eb863,93332,12,0.01,8003332,False,1,1,1,0,117,123,M,0.812
2,3333,libero_object_task5,libero_object,5,8c3d19416e0c6cee,93333,13,0.01,8003333,False,1,1,1,0,125,136,M,0.8
2,3334,libero_goal_task2,libero_goal,2,fefed910c59e157a,93334,14,0.01,8003334,False,1,1,1,0,90,84,M,0.828
2,3336,libero_10_task2,libero_10,2,8d8dcd32150067da,93336,16,0.01,8003336,False,1,1,1,0,224,252,M,0.8
2,3338,libero_object_task5,libero_object,5,07b7187e0824b0ec,93338,18,0.01,8003338,False,1,1,1,0,121,122,M,0.8
2,3340,libero_spatial_task2,libero_spatial,2,a7b271bc25cb12ca,103340,20,0.01,9003340,True,0,0,1,-1,220,94,M,0.816
2,3341,libero_goal_task0,libero_goal,0,28876bb786fa9ec9,93341,21,0.01,8003341,False,1,1,1,0,143,132,M,0.8
2,3342,libero_object_task9,libero_object,9,e63493bc0e6cb34f,93342,22,0.01,8003342,False,1,1,1,0,110,152,M,0.808
2,3343,libero_spatial_task1,libero_spatial,1,5bd73b4c9760dc98,93343,23,0.01,8003343,False,1,1,1,0,106,211,M,0.8
2,3344,libero_10_task5,libero_10,5,988cd5459f180cee,93344,24,0.01,8003344,False,1,1,1,0,159,166,M,0.8
2,3345,libero_object_task0,libero_object,0,2373f7528584df1b,93345,25,0.01,8003345,False,1,1,1,0,144,150,M,0.8
2,3346,libero_spatial_task6,libero_spatial,6,2074c15d72f914f8,103346,26,0.01,9003346,True,1,1,1,0,100,103,M,0.8
2,3351,libero_spatial_task1,libero_spatial,1,4a3fb2279410ee13,93351,31,0.01,8003351,False,1,1,1,0,100,107,M,0.8
2,3352,libero_object_task9,libero_object,9,0209c32fcc883060,93352,32,0.01,8003352,False,1,1,1,0,111,119,M,0.804
2,3353,libero_object_task4,libero_object,4,773a14a0c75f8a78,93353,33,0.01,8003353,False,1,1,1,0,144,145,M,0.8
2,3356,libero_object_task8,libero_object,8,26b6c66abc109fc1,93356,36,0.01,8003356,False,1,1,1,0,137,153,M,0.8
2,3357,libero_goal_task2,libero_goal,2,5ca6f53d138c9ad5,93357,37,0.01,8003357,False,1,1,1,0,94,104,M,0.824
2,3358,libero_object_task0,libero_object,0,225b547d501adfb0,93358,38,0.01,8003358,False,1,1,1,0,139,128,M,0.8
2,3361,libero_goal_task8,libero_goal,8,dc3add8af863c8c0,93361,1,0.01,8003361,False,1,1,1,0,78,76,M,0.8
2,3362,libero_goal_task0,libero_goal,0,f4674a60a35d1374,93362,2,0.01,8003362,False,1,1,1,0,111,117,M,0.8
2,3363,libero_goal_task7,libero_goal,7,1c5b29d062fdd6e6,93363,3,0.01,8003363,False,1,1,1,0,70,77,M,0.8
2,3364,libero_spatial_task6,libero_spatial,6,03f212c016e2ee5d,103364,4,0.01,9003364,True,1,1,1,0,104,101,M,0.8
2,3366,libero_10_task2,libero_10,2,09bcd949293326dd,93366,6,0.01,8003366,False,1,1,1,0,242,270,M,0.8
2,3368,libero_goal_task4,libero_goal,4,e7f412368e48c72d,93368,8,0.01,8003368,False,1,1,1,0,80,84,M,0.8
2,3373,libero_goal_task4,libero_goal,4,9435b564c7d898c2,93373,13,0.01,8003373,False,1,1,1,0,78,83,M,0.8
2,3374,libero_object_task9,libero_object,9,11c75871bb50687a,93374,14,0.01,8003374,False,1,1,1,0,119,122,M,0.8
2,3375,libero_spatial_task1,libero_spatial,1,8d107dc1fc3b25cd,93375,15,0.01,8003375,False,1,1,1,0,110,110,M,0.8
2,3376,libero_spatial_task2,libero_spatial,2,9394c34941cc709a,103376,16,0.01,9003376,True,1,1,1,0,108,92,M,0.812
2,3377,libero_object_task2,libero_object,2,14a10482e5d14f3a,93377,17,0.01,8003377,False,1,1,1,0,115,120,M,0.8
2,3379,libero_object_task9,libero_object,9,d5969338b680003c,93379,19,0.01,8003379,False,1,1,1,0,111,130,M,0.8
2,3381,libero_goal_task1,libero_goal,1,c07f60de67bb29f9,93381,21,0.01,8003381,False,1,1,1,0,92,90,M,0.8
2,3382,libero_object_task2,libero_object,2,e3ac0787eddd1ef2,93382,22,0.01,8003382,False,1,1,1,0,116,121,M,0.8
2,3384,libero_object_task9,libero_object,9,761f8e219ef17ac0,93384,24,0.01,8003384,False,1,1,1,0,111,129,M,0.8
2,3386,libero_goal_task2,libero_goal,2,8d7c35e267498107,93386,26,0.01,8003386,False,0,0,1,-1,300,88,M,0.84
2,3387,libero_goal_task0,libero_goal,0,b6901249b7264da7,93387,27,0.01,8003387,False,1,1,1,0,129,125,M,0.8
2,3388,libero_object_task8,libero_object,8,9c2a5b3f570e6550,93388,28,0.01,8003388,False,1,1,1,0,136,147,M,0.8
2,3389,libero_object_task5,libero_object,5,d3ee05cac2223057,93389,29,0.01,8003389,False,1,1,1,0,120,123,M,0.8
2,3390,libero_goal_task0,libero_goal,0,9f9b7808251c13eb,93390,30,0.01,8003390,False,1,1,1,0,124,127,M,0.8
2,3391,libero_object_task2,libero_object,2,8771006e6c2ce40a,93391,31,0.01,8003391,False,1,1,1,0,115,126,M,0.8
2,3393,libero_spatial_task2,libero_spatial,2,e49964d5105d4fac,103393,33,0.01,9003393,True,1,1,1,0,99,94,M,0.808
2,3394,libero_object_task9,libero_object,9,9723199607877fa4,93394,34,0.01,8003394,False,1,1,1,0,112,123,M,0.8
2,3396,libero_10_task5,libero_10,5,b879a9afe19d3f16,93396,36,0.01,8003396,False,1,1,1,0,177,250,M,0.8
2,3397,libero_10_task5,libero_10,5,02e8e3b8e7f79741,93397,37,0.01,8003397,False,1,1,1,0,166,172,M,0.8
2,3398,libero_spatial_task3,libero_spatial,3,4619ed3f713fda3e,103398,38,0.01,9003398,True,0,0,1,-1,220,84,M,0.816
2,3399,libero_object_task9,libero_object,9,143e8c70e05aa3a2,93399,39,0.01,8003399,False,1,1,1,0,109,122,M,0.8
2,3401,libero_10_task5,libero_10,5,fcb79139620aefbc,93401,1,0.01,8003401,False,1,1,1,0,187,157,M,0.8
2,3402,libero_goal_task1,libero_goal,1,295b54ca4b777357,93402,2,0.01,8003402,False,1,1,0,1,78,300,M,0.8
2,3403,libero_object_task9,libero_object,9,9ad680e2ce79f878,93403,3,0.01,8003403,False,0,0,1,-1,280,158,M,0.816
2,3405,libero_goal_task7,libero_goal,7,b7886126586d47e3,93405,5,0.01,8003405,False,1,1,1,0,73,71,M,0.8
2,3407,libero_spatial_task1,libero_spatial,1,9f021ab9392b3294,93407,7,0.01,8003407,False,1,1,1,0,107,112,M,0.8
2,3408,libero_goal_task8,libero_goal,8,f72595722b25f5c6,93408,8,0.01,8003408,False,1,1,1,0,72,75,M,0.8
2,3409,libero_object_task4,libero_object,4,75c69fddb7ded30d,93409,9,0.01,8003409,False,1,1,1,0,134,138,M,0.8
2,3410,libero_object_task9,libero_object,9,ed5b6ded7b39b2d9,93410,10,0.01,8003410,False,1,1,1,0,114,123,M,0.812
2,3413,libero_object_task2,libero_object,2,68dacd0f6baa23ac,93413,13,0.01,8003413,False,1,1,1,0,115,114,M,0.8
2,3416,libero_spatial_task4,libero_spatial,4,f094ae3a45cfa2f5,103416,16,0.01,9003416,True,1,1,1,0,120,120,M,0.8
2,3417,libero_spatial_task1,libero_spatial,1,57b279e06776595c,93417,17,0.01,8003417,False,1,1,1,0,103,105,M,0.8
2,3418,libero_object_task9,libero_object,9,b7c81418c3d5a7c6,93418,18,0.01,8003418,False,1,1,1,0,116,123,M,0.808
2,3421,libero_10_task2,libero_10,2,b30dff1b8817d44f,93421,21,0.01,8003421,False,1,1,1,0,212,253,M,0.8
2,3422,libero_goal_task1,libero_goal,1,03d8641ae52b7a87,93422,22,0.01,8003422,False,1,1,1,0,83,84,M,0.8
2,3423,libero_10_task5,libero_10,5,7c1622858232e330,93423,23,0.01,8003423,False,1,1,1,0,162,212,M,0.8
2,3425,libero_goal_task4,libero_goal,4,0cbebdea4f1e667c,93425,25,0.01,8003425,False,1,1,1,0,89,89,M,0.8
2,3427,libero_goal_task4,libero_goal,4,db4fea29ad75c832,93427,27,0.01,8003427,False,1,1,1,0,80,83,M,0.8
2,3428,libero_goal_task7,libero_goal,7,d01a4d9031f90aa2,93428,28,0.01,8003428,False,1,1,1,0,68,69,M,0.8
2,3429,libero_spatial_task4,libero_spatial,4,92ce9c056a00e79d,103429,29,0.01,9003429,True,1,1,1,0,122,121,M,0.8
2,3430,libero_10_task5,libero_10,5,3c7d0b3f91e94a94,93430,30,0.01,8003430,False,1,1,1,0,159,150,M,0.8
2,3431,libero_10_task2,libero_10,2,a8e27fb9ce8743be,93431,31,0.01,8003431,False,1,1,1,0,219,232,M,0.8
2,3432,libero_object_task4,libero_object,4,535815204eb55596,93432,32,0.01,8003432,False,1,1,1,0,136,141,M,0.8
2,3433,libero_object_task5,libero_object,5,38504be9347fd9d9,93433,33,0.01,8003433,False,1,1,1,0,122,130,M,0.8
2,3434,libero_10_task2,libero_10,2,81feacfe8f2b1ad1,93434,34,0.01,8003434,False,0,0,1,-1,520,258,M,0.816
2,3435,libero_object_task4,libero_object,4,bae6dbb98a9b145f,93435,35,0.01,8003435,False,1,1,1,0,129,134,M,0.8
2,3436,libero_spatial_task1,libero_spatial,1,05a52a6fd2b3cc30,93436,36,0.01,8003436,False,1,1,1,0,113,118,M,0.8
2,3437,libero_object_task5,libero_object,5,3a83b13a0fdfcec2,93437,37,0.01,8003437,False,1,1,0,1,133,280,M,0.8
2,3438,libero_10_task2,libero_10,2,50ec1551cf576a20,93438,38,0.01,8003438,False,1,1,1,0,230,243,M,0.812
2,3439,libero_goal_task4,libero_goal,4,8fd792de955fbf1e,93439,39,0.01,8003439,False,1,1,1,0,86,87,M,0.8
2,3440,libero_10_task5,libero_10,5,bd242226f5461a6c,93440,0,0.01,8003440,False,1,1,1,0,180,186,M,0.8
2,3444,libero_object_task4,libero_object,4,1ce9aade3ba725bb,93444,4,0.01,8003444,False,1,1,1,0,128,136,M,0.8
2,3446,libero_spatial_task3,libero_spatial,3,6049d1b7a5056d1e,103446,6,0.01,9003446,True,1,1,1,0,84,86,M,0.812
2,3447,libero_goal_task8,libero_goal,8,65a4cfa988852dba,93447,7,0.01,8003447,False,1,1,1,0,74,73,M,0.8
2,3449,libero_10_task2,libero_10,2,1798ec29826d2ee0,93449,9,0.01,8003449,False,1,1,1,0,255,247,M,0.808
2,3450,libero_10_task2,libero_10,2,6bcb091cf974ae72,93450,10,0.01,8003450,False,1,1,1,0,231,244,M,0.804
2,3451,libero_10_task5,libero_10,5,9c0aa45cf654c63f,93451,11,0.01,8003451,False,1,1,1,0,192,259,M,0.8
2,3452,libero_spatial_task2,libero_spatial,2,895c220d607ea46c,103452,12,0.01,9003452,True,1,1,1,0,103,94,M,0.804
2,3453,libero_goal_task4,libero_goal,4,46afe0d3c7d70484,93453,13,0.01,8003453,False,1,1,1,0,78,83,M,0.8
2,3458,libero_object_task2,libero_object,2,9bfbda0d0b5ea3bd,93458,18,0.01,8003458,False,1,1,1,0,114,120,M,0.8
2,3459,libero_object_task0,libero_object,0,c50202fcb489ec9e,93459,19,0.01,8003459,False,1,1,1,0,134,154,M,0.8
2,3460,libero_object_task0,libero_object,0,1bc7a4ffdcc3f240,93460,20,0.01,8003460,False,1,1,1,0,146,142,M,0.8
2,3462,libero_spatial_task1,libero_spatial,1,10dc688125b9013c,93462,22,0.01,8003462,False,1,1,1,0,107,104,M,0.8
2,3466,libero_spatial_task1,libero_spatial,1,bd4cca38dbb85883,93466,26,0.01,8003466,False,1,1,1,0,108,103,M,0.8
2,3467,libero_spatial_task1,libero_spatial,1,533eecde7246759f,93467,27,0.01,8003467,False,1,1,1,0,107,106,M,0.8
2,3468,libero_10_task2,libero_10,2,89d145706c2bdfd9,93468,28,0.01,8003468,False,1,1,1,0,229,249,M,0.8
2,3471,libero_object_task0,libero_object,0,643568ecbd50d9ac,93471,31,0.01,8003471,False,1,1,1,0,136,136,M,0.8
2,3473,libero_goal_task7,libero_goal,7,06ead3fca7aaf2db,93473,33,0.01,8003473,False,1,1,1,0,65,71,M,0.8
2,3474,libero_10_task5,libero_10,5,381c445b02e29ead,93474,34,0.01,8003474,False,1,1,0,1,171,520,M,0.8
2,3477,libero_goal_task0,libero_goal,0,3ea9da9d0bbc0252,93477,37,0.01,8003477,False,1,1,1,0,127,134,M,0.8
2,3481,libero_object_task0,libero_object,0,ff8a2af997a50b44,93481,1,0.01,8003481,False,1,1,1,0,130,130,M,0.8
2,3482,libero_object_task2,libero_object,2,27a4147d3780a2bc,93482,2,0.01,8003482,False,1,1,1,0,107,115,M,0.8
2,3483,libero_10_task2,libero_10,2,81c3921f76892440,93483,3,0.01,8003483,False,1,1,1,0,232,240,M,0.8
2,3488,libero_goal_task1,libero_goal,1,db6602e7c7154ef1,93488,8,0.01,8003488,False,1,1,1,0,84,90,M,0.8
2,3489,libero_object_task2,libero_object,2,e3674ae0f605b219,93489,9,0.01,8003489,False,1,1,1,0,113,120,M,0.8
2,3492,libero_object_task0,libero_object,0,940b96602b837180,93492,12,0.01,8003492,False,1,1,1,0,129,139,M,0.8
2,3493,libero_object_task9,libero_object,9,5d6570fb69587bf0,93493,13,0.01,8003493,False,1,1,1,0,119,126,M,0.804
2,3494,libero_goal_task2,libero_goal,2,6616a278bb563ef5,93494,14,0.01,8003494,False,1,1,1,0,87,95,M,0.836
2,3497,libero_goal_task4,libero_goal,4,5ee2780c85a59a25,93497,17,0.01,8003497,False,1,1,1,0,83,87,M,0.8
2,3500,libero_goal_task2,libero_goal,2,b5b18821db20c407,93500,20,0.01,8003500,False,1,1,1,0,94,89,M,0.832
2,3502,libero_goal_task8,libero_goal,8,0cb8d4130b8438fa,93502,22,0.01,8003502,False,1,1,1,0,64,73,M,0.8
2,3503,libero_goal_task2,libero_goal,2,1998ec5c5a798cf8,93503,23,0.01,8003503,False,1,1,1,0,85,86,M,0.828
2,3505,libero_goal_task8,libero_goal,8,aff7c01c9901ff7b,93505,25,0.01,8003505,False,1,1,1,0,71,74,M,0.8
2,3508,libero_goal_task4,libero_goal,4,11c61feb928b3a8d,93508,28,0.01,8003508,False,1,1,1,0,130,86,M,0.8
2,3510,libero_goal_task0,libero_goal,0,3fa9eb4b68a5c193,93510,30,0.01,8003510,False,1,1,1,0,144,135,M,0.8
2,3512,libero_spatial_task4,libero_spatial,4,14105d598b0fb870,103512,32,0.01,9003512,True,1,1,1,0,118,119,M,0.8
2,3516,libero_object_task0,libero_object,0,d86940805a337a89,93516,36,0.01,8003516,False,0,0,1,-1,280,134,M,0.816
2,3517,libero_goal_task1,libero_goal,1,2ef823f8a57bafd9,93517,37,0.01,8003517,False,1,1,1,0,85,83,M,0.8
2,3519,libero_object_task5,libero_object,5,d4f2c77df21567ac,93519,39,0.01,8003519,False,1,1,1,0,126,129,M,0.8
2,3520,libero_object_task0,libero_object,0,ab7f19f936b845cd,93520,0,0.01,8003520,False,1,1,1,0,150,129,M,0.812
2,3521,libero_spatial_task6,libero_spatial,6,40a4bfcf36719c0e,103521,1,0.01,9003521,True,1,1,1,0,105,97,M,0.8
2,3522,libero_spatial_task1,libero_spatial,1,289c2ddd071b21ff,93522,2,0.01,8003522,False,1,1,1,0,105,106,M,0.8
2,3523,libero_object_task4,libero_object,4,cdbdd436af5a3eb3,93523,3,0.01,8003523,False,1,1,1,0,144,138,M,0.8
2,3525,libero_object_task4,libero_object,4,94a97af10f5fb8d1,93525,5,0.01,8003525,False,1,1,1,0,128,142,M,0.8
2,3526,libero_object_task4,libero_object,4,516aaa28d7c572d5,93526,6,0.01,8003526,False,1,1,1,0,135,141,M,0.8
2,3528,libero_object_task9,libero_object,9,fa3e795fa76a04d6,93528,8,0.01,8003528,False,1,1,1,0,113,125,M,0.8
2,3529,libero_object_task9,libero_object,9,6f208fb00f804e6a,93529,9,0.01,8003529,False,1,1,1,0,117,138,M,0.8
2,3530,libero_spatial_task6,libero_spatial,6,3ad78db7ac2db615,103530,10,0.01,9003530,True,1,1,1,0,106,102,M,0.8
2,3531,libero_goal_task2,libero_goal,2,afb5ca30029a780c,93531,11,0.01,8003531,False,1,1,1,0,86,86,M,0.824
2,3532,libero_object_task8,libero_object,8,719f21def99370c3,93532,12,0.01,8003532,False,1,1,1,0,138,145,M,0.8
2,3535,libero_10_task5,libero_10,5,0d7a24c963199d0f,93535,15,0.01,8003535,False,1,1,1,0,150,136,M,0.8
2,3536,libero_object_task8,libero_object,8,a6907f63d3924ca4,93536,16,0.01,8003536,False,1,1,1,0,137,150,M,0.8
2,3538,libero_object_task2,libero_object,2,5b3ead36dcd985ad,93538,18,0.01,8003538,False,1,1,1,0,113,122,M,0.8
2,3539,libero_10_task2,libero_10,2,7caa5a0e3f6a8714,93539,19,0.01,8003539,False,1,1,1,0,218,232,M,0.8
2,3540,libero_spatial_task1,libero_spatial,1,a5ec61d6d4d4013d,93540,20,0.01,8003540,False,1,1,1,0,107,111,M,0.8
2,3543,libero_spatial_task1,libero_spatial,1,dd52f09430b7f881,93543,23,0.01,8003543,False,1,1,1,0,105,105,M,0.8
2,3545,libero_object_task8,libero_object,8,2790f84282d2ab48,93545,25,0.01,8003545,False,1,1,1,0,157,152,M,0.8
2,3547,libero_object_task0,libero_object,0,7828f52958468b8b,93547,27,0.01,8003547,False,1,1,1,0,138,135,M,0.808
2,3548,libero_spatial_task3,libero_spatial,3,d65c1b43cad3b23c,103548,28,0.01,9003548,True,1,1,1,0,85,79,M,0.808
2,3549,libero_goal_task2,libero_goal,2,a6f49717dddddfac,93549,29,0.01,8003549,False,1,1,1,0,83,92,M,0.82
2,3550,libero_object_task2,libero_object,2,01f6cb96dffec693,93550,30,0.01,8003550,False,1,1,1,0,104,114,M,0.8
2,3551,libero_goal_task1,libero_goal,1,9d22cc10fd93f2d1,93551,31,0.01,8003551,False,1,1,1,0,83,85,M,0.8
2,3552,libero_goal_task1,libero_goal,1,58dcb02b884cca6f,93552,32,0.01,8003552,False,1,1,1,0,85,85,M,0.8
2,3553,libero_object_task8,libero_object,8,38927b69d800687b,93553,33,0.01,8003553,False,1,1,1,0,138,145,M,0.8
2,3554,libero_10_task5,libero_10,5,536e293426b4de9e,93554,34,0.01,8003554,False,1,1,1,0,171,181,M,0.8
2,3555,libero_10_task5,libero_10,5,aa5e7f7052d0e3a9,93555,35,0.01,8003555,False,1,1,1,0,163,179,M,0.8
2,3557,libero_object_task9,libero_object,9,d4e4ab41819c0d4e,93557,37,0.01,8003557,False,1,1,1,0,118,116,M,0.8
2,3558,libero_10_task5,libero_10,5,fd6d48b289c1eae8,93558,38,0.01,8003558,False,1,1,1,0,166,173,M,0.8
2,3560,libero_10_task5,libero_10,5,0b56ec886bf85293,93560,0,0.01,8003560,False,1,1,1,0,161,170,M,0.8
2,3561,libero_goal_task7,libero_goal,7,bc70cdc609a2e875,93561,1,0.01,8003561,False,1,1,1,0,74,72,M,0.8
2,3562,libero_goal_task2,libero_goal,2,02d5e627ff7c599c,93562,2,0.01,8003562,False,1,1,1,0,95,87,M,0.816
2,3563,libero_goal_task7,libero_goal,7,621b233ebec40aea,93563,3,0.01,8003563,False,1,1,1,0,71,83,M,0.8
2,3564,libero_goal_task7,libero_goal,7,7d409b046612cf93,93564,4,0.01,8003564,False,1,1,1,0,66,75,M,0.8
2,3565,libero_object_task9,libero_object,9,3ebb58c95d396139,93565,5,0.01,8003565,False,0,0,1,-1,280,116,M,0.816
2,3566,libero_object_task8,libero_object,8,4311246c86eadd6a,93566,6,0.01,8003566,False,1,1,1,0,157,144,M,0.8
2,3567,libero_object_task5,libero_object,5,28cb2e78431fbe78,93567,7,0.01,8003567,False,1,1,1,0,123,121,M,0.8
2,3569,libero_object_task8,libero_object,8,d5730a8ca92b16bb,93569,9,0.01,8003569,False,1,1,1,0,143,150,M,0.8
2,3570,libero_goal_task1,libero_goal,1,430b7c35f8f234d6,93570,10,0.01,8003570,False,1,1,1,0,82,86,M,0.8
2,3571,libero_spatial_task4,libero_spatial,4,bdf8e8adfc866d37,103571,11,0.01,9003571,True,1,1,1,0,117,125,M,0.8
2,3572,libero_spatial_task4,libero_spatial,4,f6767523b85bcf4a,103572,12,0.01,9003572,True,1,1,1,0,127,147,M,0.8
2,3573,libero_object_task9,libero_object,9,e936c0931586c8da,93573,13,0.01,8003573,False,1,1,1,0,113,121,M,0.812
2,3574,libero_object_task8,libero_object,8,0d840b846385c4a0,93574,14,0.01,8003574,False,1,1,1,0,138,137,M,0.8
2,3576,libero_object_task0,libero_object,0,b7cabd99997fe9f0,93576,16,0.01,8003576,False,0,0,1,-1,280,142,M,0.824
2,3577,libero_spatial_task1,libero_spatial,1,a8ba97dc1cf5fab9,93577,17,0.01,8003577,False,0,0,1,-1,220,104,M,0.816
2,3580,libero_object_task9,libero_object,9,c053163abaffb198,93580,20,0.01,8003580,False,1,1,1,0,119,115,M,0.808
2,3583,libero_object_task8,libero_object,8,0930870940671000,93583,23,0.01,8003583,False,1,1,1,0,148,146,M,0.8
2,3584,libero_10_task5,libero_10,5,406f14a1f3fd6366,93584,24,0.01,8003584,False,1,1,1,0,161,175,M,0.8
2,3588,libero_spatial_task6,libero_spatial,6,b7d6348ccc0d4ba0,103588,28,0.01,9003588,True,1,1,1,0,103,100,M,0.8
2,3590,libero_goal_task0,libero_goal,0,93e4a05420ee8a79,93590,30,0.01,8003590,False,1,1,1,0,127,146,M,0.8
2,3591,libero_object_task2,libero_object,2,6a095efe6fe711eb,93591,31,0.01,8003591,False,1,1,1,0,114,123,M,0.8
2,3592,libero_10_task5,libero_10,5,214fb0957d1c6226,93592,32,0.01,8003592,False,1,1,1,0,204,177,M,0.8
2,3593,libero_object_task5,libero_object,5,76d3569e0974f485,93593,33,0.01,8003593,False,1,1,1,0,128,130,M,0.8
2,3594,libero_spatial_task2,libero_spatial,2,d1622926cd8543c7,103594,34,0.01,9003594,True,1,1,1,0,99,97,M,0.8
2,3595,libero_spatial_task4,libero_spatial,4,b1615239c81ae79b,103595,35,0.01,9003595,True,1,1,1,0,116,133,M,0.8
2,3599,libero_object_task8,libero_object,8,1982ae8a8e0160e8,93599,39,0.01,8003599,False,1,1,1,0,138,140,M,0.8
2,3600,libero_10_task2,libero_10,2,6c2fbbcabb3787f7,93600,0,0.01,8003600,False,0,0,1,-1,520,241,M,0.816
2,3607,libero_object_task4,libero_object,4,8ca0fa5d310091f5,93607,7,0.01,8003607,False,1,1,1,0,136,132,M,0.8
2,3608,libero_object_task8,libero_object,8,e61c7fd1fde1c59e,93608,8,0.01,8003608,False,0,0,1,-1,280,150,M,0.816
2,3609,libero_goal_task7,libero_goal,7,bef5a9f3b96194e2,93609,9,0.01,8003609,False,1,1,1,0,66,73,M,0.8
2,3613,libero_spatial_task2,libero_spatial,2,db2cc21e2b982a74,103613,13,0.01,9003613,True,1,1,1,0,112,93,M,0.8
2,3614,libero_spatial_task1,libero_spatial,1,fa019ed95a1a78c4,93614,14,0.01,8003614,False,1,1,1,0,111,113,M,0.812
2,3615,libero_10_task2,libero_10,2,0a5f2d49dcedb21a,93615,15,0.01,8003615,False,1,1,1,0,245,238,M,0.812
2,3616,libero_10_task5,libero_10,5,c76be0414237561f,93616,16,0.01,8003616,False,1,1,1,0,147,152,M,0.8
2,3617,libero_goal_task8,libero_goal,8,5bd977c88eedc9f5,93617,17,0.01,8003617,False,1,1,1,0,70,72,M,0.8
2,3620,libero_object_task2,libero_object,2,fbedacb7cabe8b73,93620,20,0.01,8003620,False,1,1,1,0,107,107,M,0.8
2,3621,libero_spatial_task1,libero_spatial,1,638c744e5a0fba74,93621,21,0.01,8003621,False,1,1,1,0,115,107,M,0.808
2,3622,libero_object_task5,libero_object,5,2fa24d4022113b3b,93622,22,0.01,8003622,False,1,1,1,0,120,129,M,0.8
2,3623,libero_object_task0,libero_object,0,6a3566e206ab5c81,93623,23,0.01,8003623,False,1,1,1,0,138,125,M,0.82
2,3625,libero_spatial_task6,libero_spatial,6,765e7c27b29b84b9,103625,25,0.01,9003625,True,1,1,1,0,103,104,M,0.8
2,3628,libero_goal_task7,libero_goal,7,c6f7bf139980565a,93628,28,0.01,8003628,False,1,1,1,0,66,73,M,0.8
2,3629,libero_goal_task0,libero_goal,0,ddd0cb2389741377,93629,29,0.01,8003629,False,1,1,1,0,118,120,M,0.8
2,3632,libero_object_task5,libero_object,5,3abf7552c086e079,93632,32,0.01,8003632,False,1,1,1,0,248,162,M,0.8
2,3633,libero_object_task9,libero_object,9,8f576bfc28c92bd5,93633,33,0.01,8003633,False,1,1,1,0,111,120,M,0.804
2,3634,libero_object_task2,libero_object,2,20a07eadc9c68846,93634,34,0.01,8003634,False,1,1,1,0,110,113,M,0.8
2,3636,libero_10_task5,libero_10,5,8a0cf90a00d33308,93636,36,0.01,8003636,False,1,1,1,0,177,242,M,0.8
2,3637,libero_goal_task2,libero_goal,2,20f0138181a82f65,93637,37,0.01,8003637,False,1,1,1,0,95,93,M,0.812
2,3638,libero_object_task2,libero_object,2,6c10e932054224dc,93638,38,0.01,8003638,False,1,1,1,0,117,125,M,0.8
2,3639,libero_goal_task2,libero_goal,2,2c0696c90f37ee09,93639,39,0.01,8003639,False,1,1,1,0,85,89,M,0.808
2,3641,libero_goal_task7,libero_goal,7,62ab13f216008c59,93641,1,0.01,8003641,False,1,1,1,0,72,74,M,0.8
2,3642,libero_goal_task1,libero_goal,1,f18cd53fe27a7691,93642,2,0.01,8003642,False,1,1,1,0,77,82,M,0.8
2,3647,libero_object_task5,libero_object,5,36937a64ba4b0d11,93647,7,0.01,8003647,False,1,1,1,0,128,136,M,0.8
2,3648,libero_goal_task2,libero_goal,2,0e44ae719cace9df,93648,8,0.01,8003648,False,1,1,1,0,99,91,M,0.804
2,3650,libero_goal_task1,libero_goal,1,811070caeb29af71,93650,10,0.01,8003650,False,1,1,1,0,83,84,M,0.8
2,3651,libero_object_task0,libero_object,0,0e6c41bdcb0c3b11,93651,11,0.01,8003651,False,1,1,1,0,161,138,M,0.816
2,3653,libero_10_task5,libero_10,5,6e03904959d52f3b,93653,13,0.01,8003653,False,1,1,1,0,155,160,M,0.8
2,3654,libero_10_task5,libero_10,5,33ffe99d74ad85e8,93654,14,0.01,8003654,False,1,1,1,0,162,169,M,0.8
2,3655,libero_object_task2,libero_object,2,38bab0f52d1c5627,93655,15,0.01,8003655,False,1,1,0,1,112,280,M,0.8
2,3657,libero_goal_task0,libero_goal,0,67904776f7188f00,93657,17,0.01,8003657,False,1,1,1,0,149,154,M,0.8
2,3665,libero_goal_task1,libero_goal,1,8273bce79bd600bd,93665,25,0.01,8003665,False,1,1,1,0,90,86,M,0.8
2,3666,libero_object_task4,libero_object,4,08441d1ee6f9fa06,93666,26,0.01,8003666,False,1,1,1,0,135,129,M,0.8
2,3667,libero_object_task4,libero_object,4,df6685a767d0039a,93667,27,0.01,8003667,False,1,1,1,0,131,136,M,0.8
2,3669,libero_spatial_task6,libero_spatial,6,094359289417932d,103669,29,0.01,9003669,True,1,1,1,0,107,103,M,0.8
2,3674,libero_spatial_task6,libero_spatial,6,f5844165cb21bfc8,103674,34,0.01,9003674,True,1,1,1,0,109,101,M,0.8
2,3675,libero_object_task2,libero_object,2,9c07aae49cd860a1,93675,35,0.01,8003675,False,1,1,1,0,111,109,M,0.8
2,3676,libero_goal_task4,libero_goal,4,9246fc7f04024d22,93676,36,0.01,8003676,False,0,0,1,-1,300,89,M,0.816
2,3677,libero_goal_task7,libero_goal,7,b8a54d3bf7fe8b08,93677,37,0.01,8003677,False,1,1,1,0,65,73,M,0.8
2,3681,libero_spatial_task4,libero_spatial,4,c2035aa8dcefbdcc,103681,1,0.01,9003681,True,1,1,1,0,120,131,M,0.8
2,3684,libero_goal_task8,libero_goal,8,128ac413d57ba1c5,93684,4,0.01,8003684,False,1,1,1,0,71,75,M,0.8
2,3686,libero_object_task4,libero_object,4,7a79fca530fa1df4,93686,6,0.01,8003686,False,1,1,1,0,119,135,M,0.8
2,3687,libero_spatial_task1,libero_spatial,1,91643196d9ba7276,93687,7,0.01,8003687,False,1,1,1,0,102,111,M,0.804
2,3688,libero_goal_task2,libero_goal,2,f8a59c50b623550f,93688,8,0.01,8003688,False,1,1,1,0,96,91,M,0.8
2,3689,libero_object_task5,libero_object,5,665c86ddf29e3cc8,93689,9,0.01,8003689,False,1,1,1,0,117,156,M,0.8
2,3690,libero_spatial_task4,libero_spatial,4,d81be08927fba1e9,103690,10,0.01,9003690,True,1,1,0,1,116,220,M,0.8
2,3691,libero_goal_task1,libero_goal,1,6790954ad20138eb,93691,11,0.01,8003691,False,1,1,1,0,91,85,M,0.8
2,3692,libero_goal_task1,libero_goal,1,50871a29e9b0f6c1,93692,12,0.01,8003692,False,1,1,1,0,102,91,M,0.8
2,3693,libero_object_task4,libero_object,4,2d1f08b69e617b74,93693,13,0.01,8003693,False,1,1,1,0,127,135,M,0.8
2,3694,libero_object_task8,libero_object,8,5dd9d31f1c14448f,93694,14,0.01,8003694,False,1,1,1,0,137,145,M,0.812
2,3695,libero_object_task2,libero_object,2,8578af79f85c6f53,93695,15,0.01,8003695,False,1,1,0,1,112,280,M,0.8
2,3697,libero_goal_task4,libero_goal,4,c8399113a640a3e0,93697,17,0.01,8003697,False,1,1,1,0,82,87,M,0.812
2,3700,libero_goal_task2,libero_goal,2,6524bdbce15af38b,93700,20,0.01,8003700,False,1,1,1,0,83,82,M,0.8
2,3702,libero_object_task9,libero_object,9,2794c8f609ac97fe,93702,22,0.01,8003702,False,1,1,1,0,115,185,M,0.8
2,3703,libero_10_task2,libero_10,2,67dcab63d8c97331,93703,23,0.01,8003703,False,1,1,1,0,230,254,M,0.808
2,3705,libero_object_task5,libero_object,5,f230bc6c085a1815,93705,25,0.01,8003705,False,1,1,1,0,125,176,M,0.8
2,3706,libero_goal_task8,libero_goal,8,afb2bbf59b4315f8,93706,26,0.01,8003706,False,1,1,1,0,71,77,M,0.8
2,3707,libero_object_task4,libero_object,4,24cf7a78f83f73aa,93707,27,0.01,8003707,False,1,1,1,0,136,134,M,0.8
2,3708,libero_goal_task7,libero_goal,7,030f9b9ff5f22564,93708,28,0.01,8003708,False,1,1,1,0,67,79,M,0.8
2,3709,libero_goal_task8,libero_goal,8,6d553dfb42fb2560,93709,29,0.01,8003709,False,1,1,1,0,73,79,M,0.8
2,3711,libero_goal_task2,libero_goal,2,f65b9c65c0be60ab,93711,31,0.01,8003711,False,1,1,1,0,94,88,M,0.8
2,3712,libero_object_task4,libero_object,4,4fa21ba96e0c5671,93712,32,0.01,8003712,False,1,1,1,0,136,136,M,0.8
2,3713,libero_object_task2,libero_object,2,239e7a0e87bdfcdc,93713,33,0.01,8003713,False,1,1,1,0,115,126,M,0.8
2,3714,libero_10_task5,libero_10,5,b1ee4fabb470abf7,93714,34,0.01,8003714,False,1,1,1,0,173,172,M,0.8
2,3717,libero_object_task4,libero_object,4,ea87a35acb3f903a,93717,37,0.01,8003717,False,1,1,1,0,129,138,M,0.8
2,3718,libero_spatial_task1,libero_spatial,1,5750fc7a7e0cee72,93718,38,0.01,8003718,False,1,1,1,0,102,102,M,0.8
2,3721,libero_goal_task2,libero_goal,2,1ca6fa445ec0e9fc,93721,1,0.01,8003721,False,1,1,1,0,98,86,M,0.8
2,3722,libero_goal_task4,libero_goal,4,13bde24ccb67f481,93722,2,0.01,8003722,False,0,0,1,-1,300,87,M,0.828
2,3723,libero_goal_task4,libero_goal,4,33f4924278cdc36f,93723,3,0.01,8003723,False,1,1,1,0,85,91,M,0.824
2,3724,libero_goal_task8,libero_goal,8,8894c1c4e05dcc43,93724,4,0.01,8003724,False,1,1,1,0,72,78,M,0.8
2,3725,libero_goal_task8,libero_goal,8,c29e372e99d67357,93725,5,0.01,8003725,False,1,1,1,0,67,81,M,0.8
2,3729,libero_goal_task8,libero_goal,8,6c3b68c05d2cfb88,93729,9,0.01,8003729,False,1,1,1,0,71,76,M,0.8
2,3732,libero_10_task2,libero_10,2,e5fdc7dfaab24bb1,93732,12,0.01,8003732,False,1,1,1,0,226,248,M,0.804
2,3733,libero_object_task5,libero_object,5,9a2e4920cce37523,93733,13,0.01,8003733,False,1,1,1,0,126,127,M,0.8
2,3736,libero_goal_task2,libero_goal,2,394c86d66946f214,93736,16,0.01,8003736,False,1,1,1,0,84,93,M,0.8
2,3737,libero_10_task2,libero_10,2,f8e1745087fb1e97,93737,17,0.01,8003737,False,1,1,1,0,235,240,M,0.8
2,3738,libero_spatial_task1,libero_spatial,1,a000b4a3f8e6a60a,93738,18,0.01,8003738,False,1,1,1,0,111,105,M,0.8
2,3740,libero_object_task2,libero_object,2,83db7698772658b3,93740,20,0.01,8003740,False,1,1,1,0,106,119,M,0.8
2,3741,libero_object_task9,libero_object,9,e6c695aa55b7bdbd,93741,21,0.01,8003741,False,1,1,1,0,113,124,M,0.8
2,3743,libero_10_task2,libero_10,2,e56e8ddc753a8ce2,93743,23,0.01,8003743,False,1,1,1,0,237,259,M,0.8
2,3744,libero_object_task0,libero_object,0,97c72ae098e65c08,93744,24,0.01,8003744,False,0,0,1,-1,280,147,M,0.832
2,3745,libero_object_task4,libero_object,4,bcd2efc5f5308fd4,93745,25,0.01,8003745,False,1,1,1,0,127,142,M,0.8
2,3746,libero_goal_task4,libero_goal,4,95beb564564e54b7,93746,26,0.01,8003746,False,1,1,1,0,89,90,M,0.82
2,3747,libero_10_task2,libero_10,2,ad44ebc99db68de3,93747,27,0.01,8003747,False,1,1,1,0,228,245,M,0.8
2,3750,libero_10_task2,libero_10,2,ea7ea8091767d05a,93750,30,0.01,8003750,False,1,1,1,0,217,230,M,0.8
2,3752,libero_goal_task0,libero_goal,0,ebd2a6e93c3a66be,93752,32,0.01,8003752,False,1,1,1,0,163,160,M,0.8
2,3753,libero_object_task5,libero_object,5,111a124aa6c892d3,93753,33,0.01,8003753,False,1,1,1,0,127,135,M,0.8
2,3755,libero_goal_task2,libero_goal,2,834be83120fc2277,93755,35,0.01,8003755,False,1,1,1,0,82,92,M,0.8
2,3756,libero_object_task2,libero_object,2,de53fe4f55ec478a,93756,36,0.01,8003756,False,1,1,1,0,109,116,M,0.8
2,3759,libero_goal_task0,libero_goal,0,6b8d8666ac9e481b,93759,39,0.01,8003759,False,1,1,1,0,185,130,M,0.8
2,3761,libero_goal_task0,libero_goal,0,193def9a5b01a022,93761,1,0.01,8003761,False,1,1,1,0,118,120,M,0.8
2,3764,libero_object_task0,libero_object,0,c784b7dcd3fe1a0e,93764,4,0.01,8003764,False,1,1,1,0,192,194,M,0.828
2,3767,libero_10_task2,libero_10,2,5d7bc9630c45fbe8,93767,7,0.01,8003767,False,1,1,1,0,226,250,M,0.8
2,3768,libero_goal_task2,libero_goal,2,f141d3a3f9bb787b,93768,8,0.01,8003768,False,1,1,1,0,93,90,M,0.8
2,3770,libero_10_task5,libero_10,5,e243ba8b407f44f0,93770,10,0.01,8003770,False,0,0,1,-1,520,148,M,0.816
2,3771,libero_goal_task8,libero_goal,8,46011fff28fd970a,93771,11,0.01,8003771,False,1,1,1,0,73,75,M,0.8
2,3772,libero_goal_task1,libero_goal,1,bdac07fb702d4f99,93772,12,0.01,8003772,False,1,1,1,0,90,93,M,0.8
2,3773,libero_object_task8,libero_object,8,8053c4d71591cb24,93773,13,0.01,8003773,False,1,1,1,0,135,159,M,0.808
2,3774,libero_spatial_task1,libero_spatial,1,26f77b25995d956e,93774,14,0.01,8003774,False,1,1,1,0,116,109,M,0.8
2,3775,libero_goal_task2,libero_goal,2,6a5d17a68ad21e27,93775,15,0.01,8003775,False,1,1,1,0,102,87,M,0.8
2,3776,libero_goal_task2,libero_goal,2,8b38e61b8cd96fdd,93776,16,0.01,8003776,False,1,1,1,0,89,102,M,0.8
2,3778,libero_object_task2,libero_object,2,ac10d3df03d9ae33,93778,18,0.01,8003778,False,1,1,1,0,113,127,M,0.8
2,3780,libero_object_task5,libero_object,5,f98948078824bfaa,93780,20,0.01,8003780,False,0,0,1,-1,280,124,M,0.816
2,3783,libero_goal_task7,libero_goal,7,c98cf847027a55ca,93783,23,0.01,8003783,False,1,1,1,0,73,77,M,0.8
2,3784,libero_object_task2,libero_object,2,4bbb10d52dc70e17,93784,24,0.01,8003784,False,1,1,1,0,115,119,M,0.8
2,3785,libero_10_task5,libero_10,5,d09788852f0f5f13,93785,25,0.01,8003785,False,1,1,1,0,172,159,M,0.812
2,3786,libero_goal_task7,libero_goal,7,f797d56993e5b70e,93786,26,0.01,8003786,False,1,1,1,0,67,73,M,0.8
2,3788,libero_10_task5,libero_10,5,da269fa99bc44f2e,93788,28,0.01,8003788,False,1,1,1,0,164,164,M,0.808
2,3789,libero_goal_task2,libero_goal,2,3a1cbe61280874c9,93789,29,0.01,8003789,False,1,1,1,0,84,82,M,0.8
2,3792,libero_goal_task1,libero_goal,1,12a1d56fb41292ed,93792,32,0.01,8003792,False,1,1,1,0,81,86,M,0.8
2,3794,libero_goal_task0,libero_goal,0,1588e8f5a3285db9,93794,34,0.01,8003794,False,1,1,1,0,152,135,M,0.8
2,3795,libero_object_task0,libero_object,0,cb71dc640bc680b2,93795,35,0.01,8003795,False,1,1,1,0,126,136,M,0.824
2,3796,libero_spatial_task3,libero_spatial,3,b87c7755cc2047c1,103796,36,0.01,9003796,True,1,1,1,0,85,87,M,0.804
2,3797,libero_object_task2,libero_object,2,9eb3e0f2c1e2b60d,93797,37,0.01,8003797,False,1,1,1,0,109,121,M,0.8
2,3799,libero_object_task9,libero_object,9,39ea9825ac2fb30f,93799,39,0.01,8003799,False,1,1,1,0,108,116,M,0.8
2,3800,libero_goal_task8,libero_goal,8,f7d0054c7b6ab53f,93800,0,0.01,8003800,False,1,1,1,0,74,76,M,0.8
2,3806,libero_goal_task4,libero_goal,4,3d351cf10c581c56,93806,6,0.01,8003806,False,1,1,1,0,80,87,M,0.816
2,3807,libero_spatial_task3,libero_spatial,3,e36ef52c2595c4ab,103807,7,0.01,9003807,True,1,1,1,0,88,81,M,0.8
2,3809,libero_10_task2,libero_10,2,b38ccefd4810f689,93809,9,0.01,8003809,False,1,1,1,0,229,235,M,0.8
2,3810,libero_object_task4,libero_object,4,02b3b58573bf6e97,93810,10,0.01,8003810,False,1,1,1,0,137,140,M,0.8
2,3811,libero_object_task8,libero_object,8,db4b149a6d223064,93811,11,0.01,8003811,False,1,1,1,0,128,136,M,0.804
2,3812,libero_spatial_task4,libero_spatial,4,a84493ec53c33da7,103812,12,0.01,9003812,True,1,1,1,0,123,132,M,0.8
2,3816,libero_10_task2,libero_10,2,c0109c72cf70c6a1,93816,16,0.01,8003816,False,0,0,1,-1,520,235,M,0.816
2,3820,libero_goal_task8,libero_goal,8,27ead81b21b301d8,93820,20,0.01,8003820,False,1,1,1,0,72,76,M,0.8
2,3821,libero_goal_task4,libero_goal,4,a144a461b262dcd8,93821,21,0.01,8003821,False,1,1,1,0,87,83,M,0.812
2,3822,libero_goal_task2,libero_goal,2,deb01ea78d4842c6,93822,22,0.01,8003822,False,1,1,1,0,96,98,M,0.8
2,3823,libero_object_task8,libero_object,8,1d0c455fcbeb04b1,93823,23,0.01,8003823,False,1,1,1,0,134,146,M,0.8
2,3828,libero_10_task5,libero_10,5,6eb38b018fa3a665,93828,28,0.01,8003828,False,1,1,1,0,166,176,M,0.804
2,3829,libero_goal_task8,libero_goal,8,9642982d5797a522,93829,29,0.01,8003829,False,1,1,1,0,71,78,M,0.8
2,3831,libero_object_task0,libero_object,0,88249be742821681,93831,31,0.01,8003831,False,1,1,1,0,133,139,M,0.82
2,3832,libero_goal_task2,libero_goal,2,7b29a3adcb236138,93832,32,0.01,8003832,False,1,1,1,0,82,96,M,0.8
2,3834,libero_object_task9,libero_object,9,0884a01b82ad2303,93834,34,0.01,8003834,False,1,1,1,0,113,115,M,0.8
2,3837,libero_goal_task7,libero_goal,7,26910cb36c8a588e,93837,37,0.01,8003837,False,1,1,1,0,63,72,M,0.8
2,3838,libero_object_task9,libero_object,9,63d2c1a552e95bfe,93838,38,0.01,8003838,False,0,0,1,-1,280,118,M,0.816
2,3839,libero_goal_task8,libero_goal,8,786fc1ab0cbb1f14,93839,39,0.01,8003839,False,1,1,1,0,69,88,M,0.8
2,3840,libero_object_task8,libero_object,8,ab8f83d4f636bbd3,93840,0,0.01,8003840,False,1,1,1,0,137,135,M,0.8
2,3842,libero_goal_task1,libero_goal,1,2ca472e3dcd597d6,93842,2,0.01,8003842,False,1,1,1,0,77,83,M,0.8
2,3843,libero_spatial_task1,libero_spatial,1,5fe8037ed3c91e52,93843,3,0.01,8003843,False,1,1,1,0,102,107,M,0.8
2,3844,libero_object_task5,libero_object,5,cbbde8db9a6a25a6,93844,4,0.01,8003844,False,1,1,1,0,118,129,M,0.812
2,3845,libero_goal_task4,libero_goal,4,5581229af80217bc,93845,5,0.01,8003845,False,1,1,1,0,80,81,M,0.808
2,3847,libero_10_task5,libero_10,5,daf91b09feaafc65,93847,7,0.01,8003847,False,1,1,1,0,162,178,M,0.8
2,3848,libero_object_task9,libero_object,9,7b58c208b2dacacd,93848,8,0.01,8003848,False,1,1,1,0,114,113,M,0.812
2,3849,libero_goal_task0,libero_goal,0,e2ccddfdb7251049,93849,9,0.01,8003849,False,1,1,1,0,135,154,M,0.8
2,3850,libero_10_task5,libero_10,5,c2cf8dd3fdac0d3f,93850,10,0.01,8003850,False,1,1,1,0,312,160,M,0.8
2,3851,libero_object_task8,libero_object,8,fdc42885707d786a,93851,11,0.01,8003851,False,1,1,1,0,130,139,M,0.8
2,3853,libero_goal_task8,libero_goal,8,8923a4c9e0b78752,93853,13,0.01,8003853,False,1,1,1,0,77,76,M,0.8
2,3855,libero_spatial_task6,libero_spatial,6,b496311968b8e240,103855,15,0.01,9003855,True,1,1,1,0,108,101,M,0.8
2,3857,libero_goal_task4,libero_goal,4,eee5266caecda1de,93857,17,0.01,8003857,False,1,1,1,0,80,88,M,0.804
2,3859,libero_goal_task1,libero_goal,1,1ea969f9b7997b30,93859,19,0.01,8003859,False,1,1,0,1,80,300,M,0.8
2,3861,libero_10_task5,libero_10,5,b0241904f6c5bf32,93861,21,0.01,8003861,False,1,1,1,0,159,159,M,0.8
2,3862,libero_object_task9,libero_object,9,83670bcc61bbe35d,93862,22,0.01,8003862,False,1,1,0,1,119,280,M,0.808
2,3863,libero_goal_task4,libero_goal,4,9c1a97c764785218,93863,23,0.01,8003863,False,1,1,0,1,81,300,M,0.8
2,3864,libero_spatial_task3,libero_spatial,3,6c094624bc60aa7a,103864,24,0.01,9003864,True,0,0,0,0,220,220,M,0.816
2,3865,libero_goal_task4,libero_goal,4,ba033b377b7fa8c5,93865,25,0.01,8003865,False,1,1,1,0,87,89,M,0.8
2,3866,libero_goal_task0,libero_goal,0,47ce2c9db14b1347,93866,26,0.01,8003866,False,1,1,1,0,158,142,M,0.8
2,3870,libero_goal_task8,libero_goal,8,5ddfe24e73f0c936,93870,30,0.01,8003870,False,1,1,1,0,69,74,M,0.8
2,3875,libero_object_task0,libero_object,0,87e4554df428c22b,93875,35,0.01,8003875,False,0,0,1,-1,280,162,M,0.836
2,3881,libero_10_task5,libero_10,5,324264f60af91c49,93881,1,0.01,8003881,False,1,1,1,0,167,157,M,0.8
2,3885,libero_goal_task7,libero_goal,7,bbc464039af67973,93885,5,0.01,8003885,False,1,1,1,0,72,75,M,0.8
2,3886,libero_goal_task8,libero_goal,8,87f132bfa6d2a250,93886,6,0.01,8003886,False,1,1,1,0,68,75,M,0.8
2,3888,libero_goal_task1,libero_goal,1,fc5c271349208e64,93888,8,0.01,8003888,False,1,1,1,0,85,91,M,0.8
2,3893,libero_goal_task4,libero_goal,4,83f69017f5cb7494,93893,13,0.01,8003893,False,1,1,1,0,80,81,M,0.8
2,3894,libero_goal_task1,libero_goal,1,dd6c81b9c9d50766,93894,14,0.01,8003894,False,1,1,1,0,84,82,M,0.8
2,3899,libero_object_task0,libero_object,0,aa0c535b1f9a04fb,93899,19,0.01,8003899,False,1,1,1,0,147,148,M,0.832
2,3903,libero_spatial_task2,libero_spatial,2,fec2fe0cac915aa3,103903,23,0.01,9003903,True,1,1,1,0,99,92,M,0.8
2,3905,libero_goal_task1,libero_goal,1,c4cf8dc62bf2722b,93905,25,0.01,8003905,False,1,1,1,0,102,95,M,0.8
2,3906,libero_object_task2,libero_object,2,e7f830173cbd0b5e,93906,26,0.01,8003906,False,1,1,1,0,111,114,M,0.8
2,3907,libero_spatial_task3,libero_spatial,3,d8987f3e2c0a7019,103907,27,0.01,9003907,True,0,0,1,-1,220,81,M,0.832
2,3910,libero_spatial_task6,libero_spatial,6,13bede3c37336e13,103910,30,0.01,9003910,True,1,1,1,0,104,103,M,0.8
2,3911,libero_object_task8,libero_object,8,f7ea3ba741611fdb,93911,31,0.01,8003911,False,1,1,1,0,137,145,M,0.8
2,3913,libero_goal_task8,libero_goal,8,605650cb781b8601,93913,33,0.01,8003913,False,1,1,1,0,89,79,M,0.8
2,3915,libero_spatial_task2,libero_spatial,2,7243e5cf03430de8,103915,35,0.01,9003915,True,1,1,1,0,88,88,M,0.8
2,3916,libero_goal_task7,libero_goal,7,2f1a1a30d978e89b,93916,36,0.01,8003916,False,1,1,1,0,68,75,M,0.8
2,3920,libero_goal_task4,libero_goal,4,a533cd1dcc01b64a,93920,0,0.01,8003920,False,1,1,1,0,83,88,M,0.8
2,3923,libero_goal_task1,libero_goal,1,aa2e3fc500ff8a9f,93923,3,0.01,8003923,False,1,1,1,0,86,82,M,0.8
2,3924,libero_goal_task2,libero_goal,2,e3a2ea69cda4065c,93924,4,0.01,8003924,False,1,1,1,0,92,88,M,0.8
2,3928,libero_goal_task8,libero_goal,8,744c088e23b25755,93928,8,0.01,8003928,False,1,1,1,0,70,70,M,0.8
2,3929,libero_10_task2,libero_10,2,8346c7ad9d05d624,93929,9,0.01,8003929,False,1,1,1,0,236,249,M,0.812
2,3931,libero_goal_task2,libero_goal,2,a75a6f31f40f1056,93931,11,0.01,8003931,False,1,1,1,0,86,85,M,0.8
2,3933,libero_object_task5,libero_object,5,5e518782e7dab880,93933,13,0.01,8003933,False,1,1,1,0,122,121,M,0.808
2,3935,libero_object_task4,libero_object,4,48e1a48aaaecd215,93935,15,0.01,8003935,False,1,1,1,0,133,140,M,0.8
2,3936,libero_spatial_task6,libero_spatial,6,371a0a82bcaee4a8,103936,16,0.01,9003936,True,1,1,1,0,94,91,M,0.8
2,3937,libero_spatial_task1,libero_spatial,1,a733a6a8fb67a9b0,93937,17,0.01,8003937,False,1,1,1,0,99,100,M,0.8
2,3938,libero_object_task4,libero_object,4,1fbf6d02f491ad8e,93938,18,0.01,8003938,False,1,1,1,0,144,144,M,0.8
2,3939,libero_object_task9,libero_object,9,93649aeb3f1e88d3,93939,19,0.01,8003939,False,1,1,1,0,114,111,M,0.804
2,3940,libero_10_task2,libero_10,2,4796ab0048a4e16a,93940,20,0.01,8003940,False,1,1,1,0,232,238,M,0.808
2,3945,libero_goal_task1,libero_goal,1,57d0e27238c27a4e,93945,25,0.01,8003945,False,1,1,1,0,89,87,M,0.8
2,3947,libero_spatial_task4,libero_spatial,4,021f828a61e6d8e9,103947,27,0.01,9003947,True,1,1,1,0,114,124,M,0.8
2,3949,libero_object_task0,libero_object,0,481a40e2bd1b277b,93949,29,0.01,8003949,False,1,1,1,0,137,145,M,0.828
2,3950,libero_goal_task1,libero_goal,1,d8061e3dc885906f,93950,30,0.01,8003950,False,1,1,1,0,87,85,M,0.8
2,3952,libero_spatial_task2,libero_spatial,2,2d4dbe3617ff287f,103952,32,0.01,9003952,True,1,1,1,0,105,91,M,0.8
2,3954,libero_object_task4,libero_object,4,6e0892e8cf57d1a0,93954,34,0.01,8003954,False,1,1,1,0,136,144,M,0.8
2,3955,libero_object_task4,libero_object,4,0aab321a8e0d1ad7,93955,35,0.01,8003955,False,1,1,1,0,137,138,M,0.8
2,3956,libero_spatial_task2,libero_spatial,2,8a00bab3bb54cf27,103956,36,0.01,9003956,True,1,1,1,0,108,95,M,0.8
2,3957,libero_object_task4,libero_object,4,b86cdf9eb27086e1,93957,37,0.01,8003957,False,1,1,1,0,136,139,M,0.8
2,3960,libero_object_task9,libero_object,9,968c944354e044a8,93960,0,0.01,8003960,False,1,1,1,0,111,118,M,0.8
2,3962,libero_object_task5,libero_object,5,2725da8003e7d553,93962,2,0.01,8003962,False,1,1,1,0,118,128,M,0.804
2,3963,libero_object_task4,libero_object,4,5947944d2726e114,93963,3,0.01,8003963,False,1,1,1,0,144,144,M,0.8
2,3964,libero_goal_task1,libero_goal,1,701e6901fde2c9e7,93964,4,0.01,8003964,False,1,1,1,0,77,83,M,0.8
2,3965,libero_object_task5,libero_object,5,d2f3c32046a43a42,93965,5,0.01,8003965,False,1,1,1,0,122,130,M,0.8
2,3966,libero_spatial_task1,libero_spatial,1,a867392a64bb8390,93966,6,0.01,8003966,False,1,1,1,0,107,109,M,0.8
2,3967,libero_10_task2,libero_10,2,e9261bf5b89178a7,93967,7,0.01,8003967,False,1,1,1,0,226,246,M,0.804
2,3968,libero_goal_task0,libero_goal,0,4781a9f65712c213,93968,8,0.01,8003968,False,1,1,1,0,132,121,M,0.8
2,3969,libero_10_task2,libero_10,2,c913457521fd8dfa,93969,9,0.01,8003969,False,1,1,1,0,220,236,M,0.8
2,3970,libero_object_task2,libero_object,2,e85f1e918b8ee75f,93970,10,0.01,8003970,False,1,1,1,0,112,110,M,0.8
2,3973,libero_goal_task8,libero_goal,8,3a6bd60a028d6829,93973,13,0.01,8003973,False,1,1,1,0,82,80,M,0.8
2,3974,libero_goal_task2,libero_goal,2,b2e641fa39b899b2,93974,14,0.01,8003974,False,1,1,1,0,92,84,M,0.8
2,3976,libero_object_task0,libero_object,0,1a3078b48bc9ee42,93976,16,0.01,8003976,False,1,1,1,0,127,201,M,0.824
2,3981,libero_10_task2,libero_10,2,1751b513621a24de,93981,21,0.01,8003981,False,1,1,1,0,222,246,M,0.8
2,3982,libero_goal_task8,libero_goal,8,1c88ff88c62ea265,93982,22,0.01,8003982,False,1,1,1,0,66,74,M,0.8
2,3983,libero_goal_task4,libero_goal,4,1ca00c86e212d93c,93983,23,0.01,8003983,False,1,1,1,0,78,84,M,0.8
2,3984,libero_goal_task0,libero_goal,0,0bb66cf5d281c087,93984,24,0.01,8003984,False,1,1,1,0,120,138,M,0.8
2,3985,libero_goal_task7,libero_goal,7,5d386c40eabfc363,93985,25,0.01,8003985,False,1,1,1,0,72,84,M,0.8
2,3986,libero_goal_task0,libero_goal,0,56d8bfb1070dde3b,93986,26,0.01,8003986,False,1,1,1,0,170,179,M,0.8
2,3987,libero_goal_task0,libero_goal,0,1a2fc846e2db4d4f,93987,27,0.01,8003987,False,1,1,1,0,117,119,M,0.8
2,3990,libero_10_task5,libero_10,5,ab2bfc7cf94456c8,93990,30,0.01,8003990,False,1,1,1,0,168,165,M,0.8
2,3992,libero_10_task2,libero_10,2,17a3491c4ebd6d02,93992,32,0.01,8003992,False,1,1,1,0,209,217,M,0.8
2,3993,libero_object_task8,libero_object,8,f5034be9845f331e,93993,33,0.01,8003993,False,1,1,1,0,153,152,M,0.8
2,3995,libero_spatial_task6,libero_spatial,6,31888b3df119d2ac,103995,35,0.01,9003995,True,1,1,1,0,112,109,M,0.8
2,3996,libero_object_task8,libero_object,8,8a9c1cd5252053c4,93996,36,0.01,8003996,False,1,1,1,0,135,218,M,0.8
2,3998,libero_spatial_task3,libero_spatial,3,9c448359a3327c40,103998,38,0.01,9003998,True,1,1,1,0,85,82,M,0.828
