cluster_id,suite,task_id,n,training_seed,eval_episode_id,initial_state_id,success,outcome,steps,stage,checkpoint_path,n_heldout_protocol,in_e3_view
libero_object_task0,libero_object,0,10,0,518552b0bebe3004,518552b0bebe3004,0,fail,280,,checkpoints/rgb_only_rerun/batch/libero_object_task0/act_n10.pt,50,1
libero_object_task0,libero_object,0,10,0,1078e6d02f8129a2,1078e6d02f8129a2,0,fail,280,,checkpoints/rgb_only_rerun/batch/libero_object_task0/act_n10.pt,50,1
libero_object_task0,libero_object,0,10,0,a92bac8ea4c9ef07,a92bac8ea4c9ef07,0,fail,280,,checkpoints/rgb_only_rerun/batch/libero_object_task0/act_n10.pt,50,1
libero_object_task0,libero_object,0,10,0,6c53e1666083b4a4,6c53e1666083b4a4,0,fail,280,,checkpoints/rgb_only_rerun/batch/libero_object_task0/act_n10.pt,50,1
libero_object_task0,libero_object,0,10,0,f966c77580694e8b,f966c77580694e8b,0,fail,280,,checkpoints/rgb_only_rerun/batch/libero_object_task0/act_n10.pt,50,1
libero_object_task0,libero_object,0,10,0,36c7d8c42bf160d4,36c7d8c42bf160d4,0,fail,280,,checkpoints/rgb_only_rerun/batch/libero_object_task0/act_n10.pt,50,1
libero_object_task0,libero_object,0,10,0,74e24b713393e649,74e24b713393e649,0,fail,280,,checkpoints/rgb_only_rerun/batch/libero_object_task0/act_n10.pt,50,1
libero_object_task0,libero_object,0,10,0,046d1c0246dbdf47,046d1c0246dbdf47,0,fail,280,,checkpoints/rgb_only_rerun/batch/libero_object_task0/act_n10.pt,50,1
libero_object_task0,libero_object,0,10,0,1a712c53ff407a38,1a712c53ff407a38,0,fail,280,,checkpoints/rgb_only_rerun/batch/libero_object_task0/act_n10.pt,50,1
libero_object_task0,libero_object,0,10,0,1468abf5ef1fe2e1,1468abf5ef1fe2e1,0,fail,280,,checkpoints/rgb_only_rerun/batch/libero_object_task0/act_n10.pt,50,1
libero_object_task0,libero_object,0,10,0,e3a13b2b606ca554,e3a13b2b606ca554,0,fail,280,,checkpoints/rgb_only_rerun/batch/libero_object_task0/act_n10.pt,50,1
libero_object_task0,libero_object,0,10,0,c9f9924de354c55d,c9f9924de354c55d,0,fail,280,,checkpoints/rgb_only_rerun/batch/libero_object_task0/act_n10.pt,50,1
libero_object_task0,libero_object,0,10,0,f95c1810912766ad,f95c1810912766ad,0,fail,280,,checkpoints/rgb_only_rerun/batch/libero_object_task0/act_n10.pt,50,1
libero_object_task0,libero_object,0,10,0,fa2d5a4ad51fe2b8,fa2d5a4ad51fe2b8,0,fail,280,,checkpoints/rgb_only_rerun/batch/libero_object_task0/act_n10.pt,50,1
libero_object_task0,libero_object,0,10,0,c5ff3150d566bbd7,c5ff3150d566bbd7,0,fail,280,,checkpoints/rgb_only_rerun/batch/libero_object_task0/act_n10.pt,50,1
libero_object_task0,libero_object,0,10,0,dda316c8c22a9364,dda316c8c22a9364,0,fail,280,,checkpoints/rgb_only_rerun/batch/libero_object_task0/act_n10.pt,50,1
libero_object_task0,libero_object,0,10,0,e7e8c244b2e5ff49,e7e8c244b2e5ff49,0,fail,280,,checkpoints/rgb_only_rerun/batch/libero_object_task0/act_n10.pt,50,1
libero_object_task0,libero_object,0,10,0,15abcfa98aefe86d,15abcfa98aefe86d,0,fail,280,,checkpoints/rgb_only_rerun/batch/libero_object_task0/act_n10.pt,50,1
libero_object_task0,libero_object,0,10,0,177479806d6e3fad,177479806d6e3fad,0,fail,280,,checkpoints/rgb_only_rerun/batch/libero_object_task0/act_n10.pt,50,1
libero_object_task0,libero_object,0,10,0,824c2a4ec9a80272,824c2a4ec9a80272,0,fail,280,,checkpoints/rgb_only_rerun/batch/libero_object_task0/act_n10.pt,50,1
libero_object_task0,libero_object,0,10,0,2e5f00ed40876e37,2e5f00ed40876e37,0,fail,280,,checkpoints/rgb_only_rerun/batch/libero_object_task0/act_n10.pt,50,0
libero_object_task0,libero_object,0,10,0,101b0f0dcd6a28bf,101b0f0dcd6a28bf,0,fail,280,,checkpoints/rgb_only_rerun/batch/libero_object_task0/act_n10.pt,50,0
libero_object_task0,libero_object,0,10,0,7b033884555ace3b,7b033884555ace3b,0,fail,280,,checkpoints/rgb_only_rerun/batch/libero_object_task0/act_n10.pt,50,0
libero_object_task0,libero_object,0,10,0,e7a93250f0189570,e7a93250f0189570,0,fail,280,,checkpoints/rgb_only_rerun/batch/libero_object_task0/act_n10.pt,50,0
libero_object_task0,libero_object,0,10,0,62bd3786b176fa9f,62bd3786b176fa9f,0,fail,280,,checkpoints/rgb_only_rerun/batch/libero_object_task0/act_n10.pt,50,0
libero_object_task0,libero_object,0,10,0,5e2b003d862020d4,5e2b003d862020d4,0,fail,280,,checkpoints/rgb_only_rerun/batch/libero_object_task0/act_n10.pt,50,0
libero_object_task0,libero_object,0,10,0,e03a2452ca5dba8e,e03a2452ca5dba8e,0,fail,280,,checkpoints/rgb_only_rerun/batch/libero_object_task0/act_n10.pt,50,0
libero_object_task0,libero_object,0,10,0,f96092790fd808e0,f96092790fd808e0,0,fail,280,,checkpoints/rgb_only_rerun/batch/libero_object_task0/act_n10.pt,50,0
libero_object_task0,libero_object,0,10,0,e567e18044e565c8,e567e18044e565c8,0,fail,280,,checkpoints/rgb_only_rerun/batch/libero_object_task0/act_n10.pt,50,0
libero_object_task0,libero_object,0,10,0,3a249c4009c3c567,3a249c4009c3c567,0,fail,280,,checkpoints/rgb_only_rerun/batch/libero_object_task0/act_n10.pt,50,0
libero_object_task0,libero_object,0,10,0,c02add2cc9143739,c02add2cc9143739,1,success,164,,checkpoints/rgb_only_rerun/batch/libero_object_task0/act_n10.pt,50,0
libero_object_task0,libero_object,0,10,0,175e06d8f69758be,175e06d8f69758be,0,fail,280,,checkpoints/rgb_only_rerun/batch/libero_object_task0/act_n10.pt,50,0
libero_object_task0,libero_object,0,10,0,df1e2d3a7168d370,df1e2d3a7168d370,0,fail,280,,checkpoints/rgb_only_rerun/batch/libero_object_task0/act_n10.pt,50,0
libero_object_task0,libero_object,0,10,0,bb66010256086fdc,bb66010256086fdc,0,fail,280,,checkpoints/rgb_only_rerun/batch/libero_object_task0/act_n10.pt,50,0
libero_object_task0,libero_object,0,10,0,4dad7c29c6725e12,4dad7c29c6725e12,0,fail,280,,checkpoints/rgb_only_rerun/batch/libero_object_task0/act_n10.pt,50,0
libero_object_task0,libero_object,0,10,0,113a714708199816,113a714708199816,0,fail,280,,checkpoints/rgb_only_rerun/batch/libero_object_task0/act_n10.pt,50,0
libero_object_task0,libero_object,0,10,0,fd9476c0d435d958,fd9476c0d435d958,0,fail,280,,checkpoints/rgb_only_rerun/batch/libero_object_task0/act_n10.pt,50,0
libero_object_task0,libero_object,0,10,0,f1ecb3b18e19c612,f1ecb3b18e19c612,0,fail,280,,checkpoints/rgb_only_rerun/batch/libero_object_task0/act_n10.pt,50,0
libero_object_task0,libero_object,0,10,0,b0ad99a7867ed1c1,b0ad99a7867ed1c1,0,fail,280,,checkpoints/rgb_only_rerun/batch/libero_object_task0/act_n10.pt,50,0
libero_object_task0,libero_object,0,10,0,986ce5d1528f82e0,986ce5d1528f82e0,0,fail,280,,checkpoints/rgb_only_rerun/batch/libero_object_task0/act_n10.pt,50,0
libero_object_task0,libero_object,0,10,0,521db266f8c69bab,521db266f8c69bab,0,fail,280,,checkpoints/rgb_only_rerun/batch/libero_object_task0/act_n10.pt,50,0
libero_object_task0,libero_object,0,10,0,b28a508b6b7b90b4,b28a508b6b7b90b4,0,fail,280,,checkpoints/rgb_only_rerun/batch/libero_object_task0/act_n10.pt,50,0
libero_object_task0,libero_object,0,10,0,22183b802a3ba818,22183b802a3ba818,0,fail,280,,checkpoints/rgb_only_rerun/batch/libero_object_task0/act_n10.pt,50,0
libero_object_task0,libero_object,0,10,0,b84c4da5a982c759,b84c4da5a982c759,0,fail,280,,checkpoints/rgb_only_rerun/batch/libero_object_task0/act_n10.pt,50,0
libero_object_task0,libero_object,0,10,0,8af62f2bd9bd7416,8af62f2bd9bd7416,0,fail,280,,checkpoints/rgb_only_rerun/batch/libero_object_task0/act_n10.pt,50,0
libero_object_task0,libero_object,0,10,0,7e10fab7ee926890,7e10fab7ee926890,0,fail,280,,checkpoints/rgb_only_rerun/batch/libero_object_task0/act_n10.pt,50,0
libero_object_task0,libero_object,0,10,0,d89a1c064a7ec039,d89a1c064a7ec039,0,fail,280,,checkpoints/rgb_only_rerun/batch/libero_object_task0/act_n10.pt,50,0
libero_object_task0,libero_object,0,10,0,0ef18f91c6489bb2,0ef18f91c6489bb2,0,fail,280,,checkpoints/rgb_only_rerun/batch/libero_object_task0/act_n10.pt,50,0
libero_object_task0,libero_object,0,10,0,b44d3df2fe1f7d75,b44d3df2fe1f7d75,0,fail,280,,checkpoints/rgb_only_rerun/batch/libero_object_task0/act_n10.pt,50,0
libero_object_task0,libero_object,0,10,0,7623a3cf654b5af7,7623a3cf654b5af7,0,fail,280,,checkpoints/rgb_only_rerun/batch/libero_object_task0/act_n10.pt,50,0
libero_object_task0,libero_object,0,20,0,518552b0bebe3004,518552b0bebe3004,1,success,144,,checkpoints/rgb_only_rerun/batch/libero_object_task0/act_n20.pt,50,1
libero_object_task0,libero_object,0,20,0,1078e6d02f8129a2,1078e6d02f8129a2,0,fail,280,,checkpoints/rgb_only_rerun/batch/libero_object_task0/act_n20.pt,50,1
libero_object_task0,libero_object,0,20,0,a92bac8ea4c9ef07,a92bac8ea4c9ef07,0,fail,280,,checkpoints/rgb_only_rerun/batch/libero_object_task0/act_n20.pt,50,1
libero_object_task0,libero_object,0,20,0,6c53e1666083b4a4,6c53e1666083b4a4,0,fail,280,,checkpoints/rgb_only_rerun/batch/libero_object_task0/act_n20.pt,50,1
libero_object_task0,libero_object,0,20,0,f966c77580694e8b,f966c77580694e8b,1,success,127,,checkpoints/rgb_only_rerun/batch/libero_object_task0/act_n20.pt,50,1
libero_object_task0,libero_object,0,20,0,36c7d8c42bf160d4,36c7d8c42bf160d4,0,fail,280,,checkpoints/rgb_only_rerun/batch/libero_object_task0/act_n20.pt,50,1
libero_object_task0,libero_object,0,20,0,74e24b713393e649,74e24b713393e649,0,fail,280,,checkpoints/rgb_only_rerun/batch/libero_object_task0/act_n20.pt,50,1
libero_object_task0,libero_object,0,20,0,046d1c0246dbdf47,046d1c0246dbdf47,0,fail,280,,checkpoints/rgb_only_rerun/batch/libero_object_task0/act_n20.pt,50,1
libero_object_task0,libero_object,0,20,0,1a712c53ff407a38,1a712c53ff407a38,0,fail,280,,checkpoints/rgb_only_rerun/batch/libero_object_task0/act_n20.pt,50,1
libero_object_task0,libero_object,0,20,0,1468abf5ef1fe2e1,1468abf5ef1fe2e1,0,fail,280,,checkpoints/rgb_only_rerun/batch/libero_object_task0/act_n20.pt,50,1
libero_object_task0,libero_object,0,20,0,e3a13b2b606ca554,e3a13b2b606ca554,0,fail,280,,checkpoints/rgb_only_rerun/batch/libero_object_task0/act_n20.pt,50,1
libero_object_task0,libero_object,0,20,0,c9f9924de354c55d,c9f9924de354c55d,0,fail,280,,checkpoints/rgb_only_rerun/batch/libero_object_task0/act_n20.pt,50,1
libero_object_task0,libero_object,0,20,0,f95c1810912766ad,f95c1810912766ad,0,fail,280,,checkpoints/rgb_only_rerun/batch/libero_object_task0/act_n20.pt,50,1
libero_object_task0,libero_object,0,20,0,fa2d5a4ad51fe2b8,fa2d5a4ad51fe2b8,0,fail,280,,checkpoints/rgb_only_rerun/batch/libero_object_task0/act_n20.pt,50,1
libero_object_task0,libero_object,0,20,0,c5ff3150d566bbd7,c5ff3150d566bbd7,0,fail,280,,checkpoints/rgb_only_rerun/batch/libero_object_task0/act_n20.pt,50,1
libero_object_task0,libero_object,0,20,0,dda316c8c22a9364,dda316c8c22a9364,0,fail,280,,checkpoints/rgb_only_rerun/batch/libero_object_task0/act_n20.pt,50,1
libero_object_task0,libero_object,0,20,0,e7e8c244b2e5ff49,e7e8c244b2e5ff49,0,fail,280,,checkpoints/rgb_only_rerun/batch/libero_object_task0/act_n20.pt,50,1
libero_object_task0,libero_object,0,20,0,15abcfa98aefe86d,15abcfa98aefe86d,0,fail,280,,checkpoints/rgb_only_rerun/batch/libero_object_task0/act_n20.pt,50,1
libero_object_task0,libero_object,0,20,0,177479806d6e3fad,177479806d6e3fad,1,success,128,,checkpoints/rgb_only_rerun/batch/libero_object_task0/act_n20.pt,50,1
libero_object_task0,libero_object,0,20,0,824c2a4ec9a80272,824c2a4ec9a80272,0,fail,280,,checkpoints/rgb_only_rerun/batch/libero_object_task0/act_n20.pt,50,1
libero_object_task0,libero_object,0,20,0,2e5f00ed40876e37,2e5f00ed40876e37,1,success,138,,checkpoints/rgb_only_rerun/batch/libero_object_task0/act_n20.pt,50,0
libero_object_task0,libero_object,0,20,0,101b0f0dcd6a28bf,101b0f0dcd6a28bf,0,fail,280,,checkpoints/rgb_only_rerun/batch/libero_object_task0/act_n20.pt,50,0
libero_object_task0,libero_object,0,20,0,7b033884555ace3b,7b033884555ace3b,0,fail,280,,checkpoints/rgb_only_rerun/batch/libero_object_task0/act_n20.pt,50,0
libero_object_task0,libero_object,0,20,0,e7a93250f0189570,e7a93250f0189570,0,fail,280,,checkpoints/rgb_only_rerun/batch/libero_object_task0/act_n20.pt,50,0
libero_object_task0,libero_object,0,20,0,62bd3786b176fa9f,62bd3786b176fa9f,0,fail,280,,checkpoints/rgb_only_rerun/batch/libero_object_task0/act_n20.pt,50,0
libero_object_task0,libero_object,0,20,0,5e2b003d862020d4,5e2b003d862020d4,0,fail,280,,checkpoints/rgb_only_rerun/batch/libero_object_task0/act_n20.pt,50,0
libero_object_task0,libero_object,0,20,0,e03a2452ca5dba8e,e03a2452ca5dba8e,0,fail,280,,checkpoints/rgb_only_rerun/batch/libero_object_task0/act_n20.pt,50,0
libero_object_task0,libero_object,0,20,0,f96092790fd808e0,f96092790fd808e0,0,fail,280,,checkpoints/rgb_only_rerun/batch/libero_object_task0/act_n20.pt,50,0
libero_object_task0,libero_object,0,20,0,e567e18044e565c8,e567e18044e565c8,0,fail,280,,checkpoints/rgb_only_rerun/batch/libero_object_task0/act_n20.pt,50,0
libero_object_task0,libero_object,0,20,0,3a249c4009c3c567,3a249c4009c3c567,0,fail,280,,checkpoints/rgb_only_rerun/batch/libero_object_task0/act_n20.pt,50,0
libero_object_task0,libero_object,0,20,0,c02add2cc9143739,c02add2cc9143739,1,success,138,,checkpoints/rgb_only_rerun/batch/libero_object_task0/act_n20.pt,50,0
libero_object_task0,libero_object,0,20,0,175e06d8f69758be,175e06d8f69758be,1,success,137,,checkpoints/rgb_only_rerun/batch/libero_object_task0/act_n20.pt,50,0
libero_object_task0,libero_object,0,20,0,df1e2d3a7168d370,df1e2d3a7168d370,0,fail,280,,checkpoints/rgb_only_rerun/batch/libero_object_task0/act_n20.pt,50,0
libero_object_task0,libero_object,0,20,0,bb66010256086fdc,bb66010256086fdc,1,success,135,,checkpoints/rgb_only_rerun/batch/libero_object_task0/act_n20.pt,50,0
libero_object_task0,libero_object,0,20,0,4dad7c29c6725e12,4dad7c29c6725e12,1,success,143,,checkpoints/rgb_only_rerun/batch/libero_object_task0/act_n20.pt,50,0
libero_object_task0,libero_object,0,20,0,113a714708199816,113a714708199816,0,fail,280,,checkpoints/rgb_only_rerun/batch/libero_object_task0/act_n20.pt,50,0
libero_object_task0,libero_object,0,20,0,fd9476c0d435d958,fd9476c0d435d958,0,fail,280,,checkpoints/rgb_only_rerun/batch/libero_object_task0/act_n20.pt,50,0
libero_object_task0,libero_object,0,20,0,f1ecb3b18e19c612,f1ecb3b18e19c612,0,fail,280,,checkpoints/rgb_only_rerun/batch/libero_object_task0/act_n20.pt,50,0
libero_object_task0,libero_object,0,20,0,b0ad99a7867ed1c1,b0ad99a7867ed1c1,0,fail,280,,checkpoints/rgb_only_rerun/batch/libero_object_task0/act_n20.pt,50,0
libero_object_task0,libero_object,0,20,0,986ce5d1528f82e0,986ce5d1528f82e0,0,fail,280,,checkpoints/rgb_only_rerun/batch/libero_object_task0/act_n20.pt,50,0
libero_object_task0,libero_object,0,20,0,521db266f8c69bab,521db266f8c69bab,1,success,118,,checkpoints/rgb_only_rerun/batch/libero_object_task0/act_n20.pt,50,0
libero_object_task0,libero_object,0,20,0,b28a508b6b7b90b4,b28a508b6b7b90b4,0,fail,280,,checkpoints/rgb_only_rerun/batch/libero_object_task0/act_n20.pt,50,0
libero_object_task0,libero_object,0,20,0,22183b802a3ba818,22183b802a3ba818,0,fail,280,,checkpoints/rgb_only_rerun/batch/libero_object_task0/act_n20.pt,50,0
libero_object_task0,libero_object,0,20,0,b84c4da5a982c759,b84c4da5a982c759,1,success,134,,checkpoints/rgb_only_rerun/batch/libero_object_task0/act_n20.pt,50,0
libero_object_task0,libero_object,0,20,0,8af62f2bd9bd7416,8af62f2bd9bd7416,1,success,135,,checkpoints/rgb_only_rerun/batch/libero_object_task0/act_n20.pt,50,0
libero_object_task0,libero_object,0,20,0,7e10fab7ee926890,7e10fab7ee926890,0,fail,280,,checkpoints/rgb_only_rerun/batch/libero_object_task0/act_n20.pt,50,0
libero_object_task0,libero_object,0,20,0,d89a1c064a7ec039,d89a1c064a7ec039,0,fail,280,,checkpoints/rgb_only_rerun/batch/libero_object_task0/act_n20.pt,50,0
libero_object_task0,libero_object,0,20,0,0ef18f91c6489bb2,0ef18f91c6489bb2,0,fail,280,,checkpoints/rgb_only_rerun/batch/libero_object_task0/act_n20.pt,50,0
libero_object_task0,libero_object,0,20,0,b44d3df2fe1f7d75,b44d3df2fe1f7d75,1,success,122,,checkpoints/rgb_only_rerun/batch/libero_object_task0/act_n20.pt,50,0
libero_object_task0,libero_object,0,20,0,7623a3cf654b5af7,7623a3cf654b5af7,0,fail,280,,checkpoints/rgb_only_rerun/batch/libero_object_task0/act_n20.pt,50,0
libero_object_task0,libero_object,0,40,0,518552b0bebe3004,518552b0bebe3004,0,fail,280,,checkpoints/rgb_only_rerun/batch/libero_object_task0/act_n40.pt,50,1
libero_object_task0,libero_object,0,40,0,1078e6d02f8129a2,1078e6d02f8129a2,0,fail,280,,checkpoints/rgb_only_rerun/batch/libero_object_task0/act_n40.pt,50,1
libero_object_task0,libero_object,0,40,0,a92bac8ea4c9ef07,a92bac8ea4c9ef07,0,fail,280,,checkpoints/rgb_only_rerun/batch/libero_object_task0/act_n40.pt,50,1
libero_object_task0,libero_object,0,40,0,6c53e1666083b4a4,6c53e1666083b4a4,0,fail,280,,checkpoints/rgb_only_rerun/batch/libero_object_task0/act_n40.pt,50,1
libero_object_task0,libero_object,0,40,0,f966c77580694e8b,f966c77580694e8b,0,fail,280,,checkpoints/rgb_only_rerun/batch/libero_object_task0/act_n40.pt,50,1
libero_object_task0,libero_object,0,40,0,36c7d8c42bf160d4,36c7d8c42bf160d4,1,success,137,,checkpoints/rgb_only_rerun/batch/libero_object_task0/act_n40.pt,50,1
libero_object_task0,libero_object,0,40,0,74e24b713393e649,74e24b713393e649,0,fail,280,,checkpoints/rgb_only_rerun/batch/libero_object_task0/act_n40.pt,50,1
libero_object_task0,libero_object,0,40,0,046d1c0246dbdf47,046d1c0246dbdf47,1,success,246,,checkpoints/rgb_only_rerun/batch/libero_object_task0/act_n40.pt,50,1
libero_object_task0,libero_object,0,40,0,1a712c53ff407a38,1a712c53ff407a38,0,fail,280,,checkpoints/rgb_only_rerun/batch/libero_object_task0/act_n40.pt,50,1
libero_object_task0,libero_object,0,40,0,1468abf5ef1fe2e1,1468abf5ef1fe2e1,1,success,127,,checkpoints/rgb_only_rerun/batch/libero_object_task0/act_n40.pt,50,1
libero_object_task0,libero_object,0,40,0,e3a13b2b606ca554,e3a13b2b606ca554,1,success,121,,checkpoints/rgb_only_rerun/batch/libero_object_task0/act_n40.pt,50,1
libero_object_task0,libero_object,0,40,0,c9f9924de354c55d,c9f9924de354c55d,0,fail,280,,checkpoints/rgb_only_rerun/batch/libero_object_task0/act_n40.pt,50,1
libero_object_task0,libero_object,0,40,0,f95c1810912766ad,f95c1810912766ad,0,fail,280,,checkpoints/rgb_only_rerun/batch/libero_object_task0/act_n40.pt,50,1
libero_object_task0,libero_object,0,40,0,fa2d5a4ad51fe2b8,fa2d5a4ad51fe2b8,0,fail,280,,checkpoints/rgb_only_rerun/batch/libero_object_task0/act_n40.pt,50,1
libero_object_task0,libero_object,0,40,0,c5ff3150d566bbd7,c5ff3150d566bbd7,0,fail,280,,checkpoints/rgb_only_rerun/batch/libero_object_task0/act_n40.pt,50,1
libero_object_task0,libero_object,0,40,0,dda316c8c22a9364,dda316c8c22a9364,1,success,138,,checkpoints/rgb_only_rerun/batch/libero_object_task0/act_n40.pt,50,1
libero_object_task0,libero_object,0,40,0,e7e8c244b2e5ff49,e7e8c244b2e5ff49,1,success,137,,checkpoints/rgb_only_rerun/batch/libero_object_task0/act_n40.pt,50,1
libero_object_task0,libero_object,0,40,0,15abcfa98aefe86d,15abcfa98aefe86d,1,success,144,,checkpoints/rgb_only_rerun/batch/libero_object_task0/act_n40.pt,50,1
libero_object_task0,libero_object,0,40,0,177479806d6e3fad,177479806d6e3fad,1,success,123,,checkpoints/rgb_only_rerun/batch/libero_object_task0/act_n40.pt,50,1
libero_object_task0,libero_object,0,40,0,824c2a4ec9a80272,824c2a4ec9a80272,1,success,129,,checkpoints/rgb_only_rerun/batch/libero_object_task0/act_n40.pt,50,1
libero_object_task0,libero_object,0,40,0,2e5f00ed40876e37,2e5f00ed40876e37,1,success,121,,checkpoints/rgb_only_rerun/batch/libero_object_task0/act_n40.pt,50,0
libero_object_task0,libero_object,0,40,0,101b0f0dcd6a28bf,101b0f0dcd6a28bf,1,success,266,,checkpoints/rgb_only_rerun/batch/libero_object_task0/act_n40.pt,50,0
libero_object_task0,libero_object,0,40,0,7b033884555ace3b,7b033884555ace3b,0,fail,280,,checkpoints/rgb_only_rerun/batch/libero_object_task0/act_n40.pt,50,0
libero_object_task0,libero_object,0,40,0,e7a93250f0189570,e7a93250f0189570,0,fail,280,,checkpoints/rgb_only_rerun/batch/libero_object_task0/act_n40.pt,50,0
libero_object_task0,libero_object,0,40,0,62bd3786b176fa9f,62bd3786b176fa9f,1,success,126,,checkpoints/rgb_only_rerun/batch/libero_object_task0/act_n40.pt,50,0
libero_object_task0,libero_object,0,40,0,5e2b003d862020d4,5e2b003d862020d4,0,fail,280,,checkpoints/rgb_only_rerun/batch/libero_object_task0/act_n40.pt,50,0
libero_object_task0,libero_object,0,40,0,e03a2452ca5dba8e,e03a2452ca5dba8e,1,success,162,,checkpoints/rgb_only_rerun/batch/libero_object_task0/act_n40.pt,50,0
libero_object_task0,libero_object,0,40,0,f96092790fd808e0,f96092790fd808e0,1,success,161,,checkpoints/rgb_only_rerun/batch/libero_object_task0/act_n40.pt,50,0
libero_object_task0,libero_object,0,40,0,e567e18044e565c8,e567e18044e565c8,0,fail,280,,checkpoints/rgb_only_rerun/batch/libero_object_task0/act_n40.pt,50,0
libero_object_task0,libero_object,0,40,0,3a249c4009c3c567,3a249c4009c3c567,1,success,234,,checkpoints/rgb_only_rerun/batch/libero_object_task0/act_n40.pt,50,0
libero_object_task0,libero_object,0,40,0,c02add2cc9143739,c02add2cc9143739,1,success,186,,checkpoints/rgb_only_rerun/batch/libero_object_task0/act_n40.pt,50,0
libero_object_task0,libero_object,0,40,0,175e06d8f69758be,175e06d8f69758be,1,success,137,,checkpoints/rgb_only_rerun/batch/libero_object_task0/act_n40.pt,50,0
libero_object_task0,libero_object,0,40,0,df1e2d3a7168d370,df1e2d3a7168d370,1,success,134,,checkpoints/rgb_only_rerun/batch/libero_object_task0/act_n40.pt,50,0
libero_object_task0,libero_object,0,40,0,bb66010256086fdc,bb66010256086fdc,0,fail,280,,checkpoints/rgb_only_rerun/batch/libero_object_task0/act_n40.pt,50,0
libero_object_task0,libero_object,0,40,0,4dad7c29c6725e12,4dad7c29c6725e12,1,success,151,,checkpoints/rgb_only_rerun/batch/libero_object_task0/act_n40.pt,50,0
libero_object_task0,libero_object,0,40,0,113a714708199816,113a714708199816,1,success,153,,checkpoints/rgb_only_rerun/batch/libero_object_task0/act_n40.pt,50,0
libero_object_task0,libero_object,0,40,0,fd9476c0d435d958,fd9476c0d435d958,1,success,137,,checkpoints/rgb_only_rerun/batch/libero_object_task0/act_n40.pt,50,0
libero_object_task0,libero_object,0,40,0,f1ecb3b18e19c612,f1ecb3b18e19c612,0,fail,280,,checkpoints/rgb_only_rerun/batch/libero_object_task0/act_n40.pt,50,0
libero_object_task0,libero_object,0,40,0,b0ad99a7867ed1c1,b0ad99a7867ed1c1,1,success,266,,checkpoints/rgb_only_rerun/batch/libero_object_task0/act_n40.pt,50,0
libero_object_task0,libero_object,0,40,0,986ce5d1528f82e0,986ce5d1528f82e0,0,fail,280,,checkpoints/rgb_only_rerun/batch/libero_object_task0/act_n40.pt,50,0
libero_object_task0,libero_object,0,40,0,521db266f8c69bab,521db266f8c69bab,1,success,119,,checkpoints/rgb_only_rerun/batch/libero_object_task0/act_n40.pt,50,0
libero_object_task0,libero_object,0,40,0,b28a508b6b7b90b4,b28a508b6b7b90b4,0,fail,280,,checkpoints/rgb_only_rerun/batch/libero_object_task0/act_n40.pt,50,0
libero_object_task0,libero_object,0,40,0,22183b802a3ba818,22183b802a3ba818,1,success,136,,checkpoints/rgb_only_rerun/batch/libero_object_task0/act_n40.pt,50,0
libero_object_task0,libero_object,0,40,0,b84c4da5a982c759,b84c4da5a982c759,0,fail,280,,checkpoints/rgb_only_rerun/batch/libero_object_task0/act_n40.pt,50,0
libero_object_task0,libero_object,0,40,0,8af62f2bd9bd7416,8af62f2bd9bd7416,1,success,126,,checkpoints/rgb_only_rerun/batch/libero_object_task0/act_n40.pt,50,0
libero_object_task0,libero_object,0,40,0,7e10fab7ee926890,7e10fab7ee926890,0,fail,280,,checkpoints/rgb_only_rerun/batch/libero_object_task0/act_n40.pt,50,0
libero_object_task0,libero_object,0,40,0,d89a1c064a7ec039,d89a1c064a7ec039,1,success,136,,checkpoints/rgb_only_rerun/batch/libero_object_task0/act_n40.pt,50,0
libero_object_task0,libero_object,0,40,0,0ef18f91c6489bb2,0ef18f91c6489bb2,1,success,145,,checkpoints/rgb_only_rerun/batch/libero_object_task0/act_n40.pt,50,0
libero_object_task0,libero_object,0,40,0,b44d3df2fe1f7d75,b44d3df2fe1f7d75,0,fail,280,,checkpoints/rgb_only_rerun/batch/libero_object_task0/act_n40.pt,50,0
libero_object_task0,libero_object,0,40,0,7623a3cf654b5af7,7623a3cf654b5af7,1,success,127,,checkpoints/rgb_only_rerun/batch/libero_object_task0/act_n40.pt,50,0
libero_object_task0,libero_object,0,80,0,518552b0bebe3004,518552b0bebe3004,1,success,133,,checkpoints/rgb_only_rerun/batch/libero_object_task0/act_n80.pt,50,1
libero_object_task0,libero_object,0,80,0,1078e6d02f8129a2,1078e6d02f8129a2,1,success,126,,checkpoints/rgb_only_rerun/batch/libero_object_task0/act_n80.pt,50,1
libero_object_task0,libero_object,0,80,0,a92bac8ea4c9ef07,a92bac8ea4c9ef07,1,success,127,,checkpoints/rgb_only_rerun/batch/libero_object_task0/act_n80.pt,50,1
libero_object_task0,libero_object,0,80,0,6c53e1666083b4a4,6c53e1666083b4a4,1,success,126,,checkpoints/rgb_only_rerun/batch/libero_object_task0/act_n80.pt,50,1
libero_object_task0,libero_object,0,80,0,f966c77580694e8b,f966c77580694e8b,1,success,139,,checkpoints/rgb_only_rerun/batch/libero_object_task0/act_n80.pt,50,1
libero_object_task0,libero_object,0,80,0,36c7d8c42bf160d4,36c7d8c42bf160d4,1,success,129,,checkpoints/rgb_only_rerun/batch/libero_object_task0/act_n80.pt,50,1
libero_object_task0,libero_object,0,80,0,74e24b713393e649,74e24b713393e649,1,success,129,,checkpoints/rgb_only_rerun/batch/libero_object_task0/act_n80.pt,50,1
libero_object_task0,libero_object,0,80,0,046d1c0246dbdf47,046d1c0246dbdf47,1,success,177,,checkpoints/rgb_only_rerun/batch/libero_object_task0/act_n80.pt,50,1
libero_object_task0,libero_object,0,80,0,1a712c53ff407a38,1a712c53ff407a38,1,success,130,,checkpoints/rgb_only_rerun/batch/libero_object_task0/act_n80.pt,50,1
libero_object_task0,libero_object,0,80,0,1468abf5ef1fe2e1,1468abf5ef1fe2e1,1,success,124,,checkpoints/rgb_only_rerun/batch/libero_object_task0/act_n80.pt,50,1
libero_object_task0,libero_object,0,80,0,e3a13b2b606ca554,e3a13b2b606ca554,1,success,135,,checkpoints/rgb_only_rerun/batch/libero_object_task0/act_n80.pt,50,1
libero_object_task0,libero_object,0,80,0,c9f9924de354c55d,c9f9924de354c55d,1,success,126,,checkpoints/rgb_only_rerun/batch/libero_object_task0/act_n80.pt,50,1
libero_object_task0,libero_object,0,80,0,f95c1810912766ad,f95c1810912766ad,0,fail,280,,checkpoints/rgb_only_rerun/batch/libero_object_task0/act_n80.pt,50,1
libero_object_task0,libero_object,0,80,0,fa2d5a4ad51fe2b8,fa2d5a4ad51fe2b8,1,success,136,,checkpoints/rgb_only_rerun/batch/libero_object_task0/act_n80.pt,50,1
libero_object_task0,libero_object,0,80,0,c5ff3150d566bbd7,c5ff3150d566bbd7,1,success,127,,checkpoints/rgb_only_rerun/batch/libero_object_task0/act_n80.pt,50,1
libero_object_task0,libero_object,0,80,0,dda316c8c22a9364,dda316c8c22a9364,1,success,128,,checkpoints/rgb_only_rerun/batch/libero_object_task0/act_n80.pt,50,1
libero_object_task0,libero_object,0,80,0,e7e8c244b2e5ff49,e7e8c244b2e5ff49,1,success,129,,checkpoints/rgb_only_rerun/batch/libero_object_task0/act_n80.pt,50,1
libero_object_task0,libero_object,0,80,0,15abcfa98aefe86d,15abcfa98aefe86d,1,success,134,,checkpoints/rgb_only_rerun/batch/libero_object_task0/act_n80.pt,50,1
libero_object_task0,libero_object,0,80,0,177479806d6e3fad,177479806d6e3fad,1,success,137,,checkpoints/rgb_only_rerun/batch/libero_object_task0/act_n80.pt,50,1
libero_object_task0,libero_object,0,80,0,824c2a4ec9a80272,824c2a4ec9a80272,1,success,127,,checkpoints/rgb_only_rerun/batch/libero_object_task0/act_n80.pt,50,1
libero_object_task0,libero_object,0,80,0,2e5f00ed40876e37,2e5f00ed40876e37,1,success,121,,checkpoints/rgb_only_rerun/batch/libero_object_task0/act_n80.pt,50,0
libero_object_task0,libero_object,0,80,0,101b0f0dcd6a28bf,101b0f0dcd6a28bf,1,success,127,,checkpoints/rgb_only_rerun/batch/libero_object_task0/act_n80.pt,50,0
libero_object_task0,libero_object,0,80,0,7b033884555ace3b,7b033884555ace3b,1,success,129,,checkpoints/rgb_only_rerun/batch/libero_object_task0/act_n80.pt,50,0
libero_object_task0,libero_object,0,80,0,e7a93250f0189570,e7a93250f0189570,1,success,120,,checkpoints/rgb_only_rerun/batch/libero_object_task0/act_n80.pt,50,0
libero_object_task0,libero_object,0,80,0,62bd3786b176fa9f,62bd3786b176fa9f,1,success,131,,checkpoints/rgb_only_rerun/batch/libero_object_task0/act_n80.pt,50,0
libero_object_task0,libero_object,0,80,0,5e2b003d862020d4,5e2b003d862020d4,1,success,137,,checkpoints/rgb_only_rerun/batch/libero_object_task0/act_n80.pt,50,0
libero_object_task0,libero_object,0,80,0,e03a2452ca5dba8e,e03a2452ca5dba8e,1,success,120,,checkpoints/rgb_only_rerun/batch/libero_object_task0/act_n80.pt,50,0
libero_object_task0,libero_object,0,80,0,f96092790fd808e0,f96092790fd808e0,0,fail,280,,checkpoints/rgb_only_rerun/batch/libero_object_task0/act_n80.pt,50,0
libero_object_task0,libero_object,0,80,0,e567e18044e565c8,e567e18044e565c8,1,success,127,,checkpoints/rgb_only_rerun/batch/libero_object_task0/act_n80.pt,50,0
libero_object_task0,libero_object,0,80,0,3a249c4009c3c567,3a249c4009c3c567,1,success,117,,checkpoints/rgb_only_rerun/batch/libero_object_task0/act_n80.pt,50,0
libero_object_task0,libero_object,0,80,0,c02add2cc9143739,c02add2cc9143739,1,success,135,,checkpoints/rgb_only_rerun/batch/libero_object_task0/act_n80.pt,50,0
libero_object_task0,libero_object,0,80,0,175e06d8f69758be,175e06d8f69758be,1,success,140,,checkpoints/rgb_only_rerun/batch/libero_object_task0/act_n80.pt,50,0
libero_object_task0,libero_object,0,80,0,df1e2d3a7168d370,df1e2d3a7168d370,1,success,119,,checkpoints/rgb_only_rerun/batch/libero_object_task0/act_n80.pt,50,0
libero_object_task0,libero_object,0,80,0,bb66010256086fdc,bb66010256086fdc,1,success,136,,checkpoints/rgb_only_rerun/batch/libero_object_task0/act_n80.pt,50,0
libero_object_task0,libero_object,0,80,0,4dad7c29c6725e12,4dad7c29c6725e12,1,success,145,,checkpoints/rgb_only_rerun/batch/libero_object_task0/act_n80.pt,50,0
libero_object_task0,libero_object,0,80,0,113a714708199816,113a714708199816,1,success,135,,checkpoints/rgb_only_rerun/batch/libero_object_task0/act_n80.pt,50,0
libero_object_task0,libero_object,0,80,0,fd9476c0d435d958,fd9476c0d435d958,1,success,136,,checkpoints/rgb_only_rerun/batch/libero_object_task0/act_n80.pt,50,0
libero_object_task0,libero_object,0,80,0,f1ecb3b18e19c612,f1ecb3b18e19c612,1,success,130,,checkpoints/rgb_only_rerun/batch/libero_object_task0/act_n80.pt,50,0
libero_object_task0,libero_object,0,80,0,b0ad99a7867ed1c1,b0ad99a7867ed1c1,1,success,126,,checkpoints/rgb_only_rerun/batch/libero_object_task0/act_n80.pt,50,0
libero_object_task0,libero_object,0,80,0,986ce5d1528f82e0,986ce5d1528f82e0,0,fail,280,,checkpoints/rgb_only_rerun/batch/libero_object_task0/act_n80.pt,50,0
libero_object_task0,libero_object,0,80,0,521db266f8c69bab,521db266f8c69bab,1,success,122,,checkpoints/rgb_only_rerun/batch/libero_object_task0/act_n80.pt,50,0
libero_object_task0,libero_object,0,80,0,b28a508b6b7b90b4,b28a508b6b7b90b4,1,success,130,,checkpoints/rgb_only_rerun/batch/libero_object_task0/act_n80.pt,50,0
libero_object_task0,libero_object,0,80,0,22183b802a3ba818,22183b802a3ba818,1,success,129,,checkpoints/rgb_only_rerun/batch/libero_object_task0/act_n80.pt,50,0
libero_object_task0,libero_object,0,80,0,b84c4da5a982c759,b84c4da5a982c759,1,success,138,,checkpoints/rgb_only_rerun/batch/libero_object_task0/act_n80.pt,50,0
libero_object_task0,libero_object,0,80,0,8af62f2bd9bd7416,8af62f2bd9bd7416,1,success,127,,checkpoints/rgb_only_rerun/batch/libero_object_task0/act_n80.pt,50,0
libero_object_task0,libero_object,0,80,0,7e10fab7ee926890,7e10fab7ee926890,1,success,146,,checkpoints/rgb_only_rerun/batch/libero_object_task0/act_n80.pt,50,0
libero_object_task0,libero_object,0,80,0,d89a1c064a7ec039,d89a1c064a7ec039,1,success,129,,checkpoints/rgb_only_rerun/batch/libero_object_task0/act_n80.pt,50,0
libero_object_task0,libero_object,0,80,0,0ef18f91c6489bb2,0ef18f91c6489bb2,1,success,125,,checkpoints/rgb_only_rerun/batch/libero_object_task0/act_n80.pt,50,0
libero_object_task0,libero_object,0,80,0,b44d3df2fe1f7d75,b44d3df2fe1f7d75,1,success,126,,checkpoints/rgb_only_rerun/batch/libero_object_task0/act_n80.pt,50,0
libero_object_task0,libero_object,0,80,0,7623a3cf654b5af7,7623a3cf654b5af7,1,success,145,,checkpoints/rgb_only_rerun/batch/libero_object_task0/act_n80.pt,50,0
libero_object_task1,libero_object,1,10,0,ebf25cbe55e2d64f,ebf25cbe55e2d64f,1,success,180,,checkpoints/rgb_only_rerun/batch/libero_object_task1/act_n10.pt,20,1
libero_object_task1,libero_object,1,10,0,81e0fa194aede0ff,81e0fa194aede0ff,1,success,194,,checkpoints/rgb_only_rerun/batch/libero_object_task1/act_n10.pt,20,1
libero_object_task1,libero_object,1,10,0,4479b46779b8f345,4479b46779b8f345,1,success,170,,checkpoints/rgb_only_rerun/batch/libero_object_task1/act_n10.pt,20,1
libero_object_task1,libero_object,1,10,0,244a7b374d906bf6,244a7b374d906bf6,1,success,195,,checkpoints/rgb_only_rerun/batch/libero_object_task1/act_n10.pt,20,1
libero_object_task1,libero_object,1,10,0,91687bf0b8ed7e71,91687bf0b8ed7e71,1,success,163,,checkpoints/rgb_only_rerun/batch/libero_object_task1/act_n10.pt,20,1
libero_object_task1,libero_object,1,10,0,0fc5a56b2b29f628,0fc5a56b2b29f628,1,success,161,,checkpoints/rgb_only_rerun/batch/libero_object_task1/act_n10.pt,20,1
libero_object_task1,libero_object,1,10,0,4445b14db70539e6,4445b14db70539e6,0,fail,280,,checkpoints/rgb_only_rerun/batch/libero_object_task1/act_n10.pt,20,1
libero_object_task1,libero_object,1,10,0,a81c568a13bbd83c,a81c568a13bbd83c,0,fail,280,,checkpoints/rgb_only_rerun/batch/libero_object_task1/act_n10.pt,20,1
libero_object_task1,libero_object,1,10,0,c67b09df0733831e,c67b09df0733831e,1,success,155,,checkpoints/rgb_only_rerun/batch/libero_object_task1/act_n10.pt,20,1
libero_object_task1,libero_object,1,10,0,2ac52f87438070ed,2ac52f87438070ed,0,fail,280,,checkpoints/rgb_only_rerun/batch/libero_object_task1/act_n10.pt,20,1
libero_object_task1,libero_object,1,10,0,36fc5105dc2b4e16,36fc5105dc2b4e16,1,success,170,,checkpoints/rgb_only_rerun/batch/libero_object_task1/act_n10.pt,20,1
libero_object_task1,libero_object,1,10,0,bb29f9eef993bb7d,bb29f9eef993bb7d,1,success,162,,checkpoints/rgb_only_rerun/batch/libero_object_task1/act_n10.pt,20,1
libero_object_task1,libero_object,1,10,0,6dbca5a52c175c8c,6dbca5a52c175c8c,1,success,163,,checkpoints/rgb_only_rerun/batch/libero_object_task1/act_n10.pt,20,1
libero_object_task1,libero_object,1,10,0,ed557fc3dedc77a9,ed557fc3dedc77a9,1,success,155,,checkpoints/rgb_only_rerun/batch/libero_object_task1/act_n10.pt,20,1
libero_object_task1,libero_object,1,10,0,011f0e1c66305ccd,011f0e1c66305ccd,1,success,177,,checkpoints/rgb_only_rerun/batch/libero_object_task1/act_n10.pt,20,1
libero_object_task1,libero_object,1,10,0,c028c88fdbde6b09,c028c88fdbde6b09,1,success,228,,checkpoints/rgb_only_rerun/batch/libero_object_task1/act_n10.pt,20,1
libero_object_task1,libero_object,1,10,0,cdcca6a2973ae223,cdcca6a2973ae223,0,fail,280,,checkpoints/rgb_only_rerun/batch/libero_object_task1/act_n10.pt,20,1
libero_object_task1,libero_object,1,10,0,f91934d387da1c1d,f91934d387da1c1d,1,success,162,,checkpoints/rgb_only_rerun/batch/libero_object_task1/act_n10.pt,20,1
libero_object_task1,libero_object,1,10,0,c39054ea1af667d4,c39054ea1af667d4,1,success,120,,checkpoints/rgb_only_rerun/batch/libero_object_task1/act_n10.pt,20,1
libero_object_task1,libero_object,1,10,0,59d73fa869e5d371,59d73fa869e5d371,1,success,155,,checkpoints/rgb_only_rerun/batch/libero_object_task1/act_n10.pt,20,1
libero_object_task1,libero_object,1,20,0,ebf25cbe55e2d64f,ebf25cbe55e2d64f,1,success,120,,checkpoints/rgb_only_rerun/batch/libero_object_task1/act_n20.pt,20,1
libero_object_task1,libero_object,1,20,0,81e0fa194aede0ff,81e0fa194aede0ff,1,success,162,,checkpoints/rgb_only_rerun/batch/libero_object_task1/act_n20.pt,20,1
libero_object_task1,libero_object,1,20,0,4479b46779b8f345,4479b46779b8f345,1,success,121,,checkpoints/rgb_only_rerun/batch/libero_object_task1/act_n20.pt,20,1
libero_object_task1,libero_object,1,20,0,244a7b374d906bf6,244a7b374d906bf6,1,success,170,,checkpoints/rgb_only_rerun/batch/libero_object_task1/act_n20.pt,20,1
libero_object_task1,libero_object,1,20,0,91687bf0b8ed7e71,91687bf0b8ed7e71,1,success,130,,checkpoints/rgb_only_rerun/batch/libero_object_task1/act_n20.pt,20,1
libero_object_task1,libero_object,1,20,0,0fc5a56b2b29f628,0fc5a56b2b29f628,0,fail,280,,checkpoints/rgb_only_rerun/batch/libero_object_task1/act_n20.pt,20,1
libero_object_task1,libero_object,1,20,0,4445b14db70539e6,4445b14db70539e6,1,success,121,,checkpoints/rgb_only_rerun/batch/libero_object_task1/act_n20.pt,20,1
libero_object_task1,libero_object,1,20,0,a81c568a13bbd83c,a81c568a13bbd83c,1,success,172,,checkpoints/rgb_only_rerun/batch/libero_object_task1/act_n20.pt,20,1
libero_object_task1,libero_object,1,20,0,c67b09df0733831e,c67b09df0733831e,1,success,120,,checkpoints/rgb_only_rerun/batch/libero_object_task1/act_n20.pt,20,1
libero_object_task1,libero_object,1,20,0,2ac52f87438070ed,2ac52f87438070ed,1,success,113,,checkpoints/rgb_only_rerun/batch/libero_object_task1/act_n20.pt,20,1
libero_object_task1,libero_object,1,20,0,36fc5105dc2b4e16,36fc5105dc2b4e16,1,success,172,,checkpoints/rgb_only_rerun/batch/libero_object_task1/act_n20.pt,20,1
libero_object_task1,libero_object,1,20,0,bb29f9eef993bb7d,bb29f9eef993bb7d,1,success,169,,checkpoints/rgb_only_rerun/batch/libero_object_task1/act_n20.pt,20,1
libero_object_task1,libero_object,1,20,0,6dbca5a52c175c8c,6dbca5a52c175c8c,1,success,114,,checkpoints/rgb_only_rerun/batch/libero_object_task1/act_n20.pt,20,1
libero_object_task1,libero_object,1,20,0,ed557fc3dedc77a9,ed557fc3dedc77a9,0,fail,280,,checkpoints/rgb_only_rerun/batch/libero_object_task1/act_n20.pt,20,1
libero_object_task1,libero_object,1,20,0,011f0e1c66305ccd,011f0e1c66305ccd,0,fail,280,,checkpoints/rgb_only_rerun/batch/libero_object_task1/act_n20.pt,20,1
libero_object_task1,libero_object,1,20,0,c028c88fdbde6b09,c028c88fdbde6b09,0,fail,280,,checkpoints/rgb_only_rerun/batch/libero_object_task1/act_n20.pt,20,1
libero_object_task1,libero_object,1,20,0,cdcca6a2973ae223,cdcca6a2973ae223,1,success,116,,checkpoints/rgb_only_rerun/batch/libero_object_task1/act_n20.pt,20,1
libero_object_task1,libero_object,1,20,0,f91934d387da1c1d,f91934d387da1c1d,0,fail,280,,checkpoints/rgb_only_rerun/batch/libero_object_task1/act_n20.pt,20,1
libero_object_task1,libero_object,1,20,0,c39054ea1af667d4,c39054ea1af667d4,1,success,121,,checkpoints/rgb_only_rerun/batch/libero_object_task1/act_n20.pt,20,1
libero_object_task1,libero_object,1,20,0,59d73fa869e5d371,59d73fa869e5d371,1,success,121,,checkpoints/rgb_only_rerun/batch/libero_object_task1/act_n20.pt,20,1
libero_object_task1,libero_object,1,40,0,ebf25cbe55e2d64f,ebf25cbe55e2d64f,0,fail,280,,checkpoints/rgb_only_rerun/batch/libero_object_task1/act_n40.pt,20,1
libero_object_task1,libero_object,1,40,0,81e0fa194aede0ff,81e0fa194aede0ff,1,success,153,,checkpoints/rgb_only_rerun/batch/libero_object_task1/act_n40.pt,20,1
libero_object_task1,libero_object,1,40,0,4479b46779b8f345,4479b46779b8f345,1,success,120,,checkpoints/rgb_only_rerun/batch/libero_object_task1/act_n40.pt,20,1
libero_object_task1,libero_object,1,40,0,244a7b374d906bf6,244a7b374d906bf6,1,success,152,,checkpoints/rgb_only_rerun/batch/libero_object_task1/act_n40.pt,20,1
libero_object_task1,libero_object,1,40,0,91687bf0b8ed7e71,91687bf0b8ed7e71,1,success,118,,checkpoints/rgb_only_rerun/batch/libero_object_task1/act_n40.pt,20,1
libero_object_task1,libero_object,1,40,0,0fc5a56b2b29f628,0fc5a56b2b29f628,1,success,230,,checkpoints/rgb_only_rerun/batch/libero_object_task1/act_n40.pt,20,1
libero_object_task1,libero_object,1,40,0,4445b14db70539e6,4445b14db70539e6,1,success,151,,checkpoints/rgb_only_rerun/batch/libero_object_task1/act_n40.pt,20,1
libero_object_task1,libero_object,1,40,0,a81c568a13bbd83c,a81c568a13bbd83c,1,success,155,,checkpoints/rgb_only_rerun/batch/libero_object_task1/act_n40.pt,20,1
libero_object_task1,libero_object,1,40,0,c67b09df0733831e,c67b09df0733831e,1,success,128,,checkpoints/rgb_only_rerun/batch/libero_object_task1/act_n40.pt,20,1
libero_object_task1,libero_object,1,40,0,2ac52f87438070ed,2ac52f87438070ed,1,success,107,,checkpoints/rgb_only_rerun/batch/libero_object_task1/act_n40.pt,20,1
libero_object_task1,libero_object,1,40,0,36fc5105dc2b4e16,36fc5105dc2b4e16,1,success,187,,checkpoints/rgb_only_rerun/batch/libero_object_task1/act_n40.pt,20,1
libero_object_task1,libero_object,1,40,0,bb29f9eef993bb7d,bb29f9eef993bb7d,1,success,159,,checkpoints/rgb_only_rerun/batch/libero_object_task1/act_n40.pt,20,1
libero_object_task1,libero_object,1,40,0,6dbca5a52c175c8c,6dbca5a52c175c8c,0,fail,280,,checkpoints/rgb_only_rerun/batch/libero_object_task1/act_n40.pt,20,1
libero_object_task1,libero_object,1,40,0,ed557fc3dedc77a9,ed557fc3dedc77a9,1,success,114,,checkpoints/rgb_only_rerun/batch/libero_object_task1/act_n40.pt,20,1
libero_object_task1,libero_object,1,40,0,011f0e1c66305ccd,011f0e1c66305ccd,1,success,152,,checkpoints/rgb_only_rerun/batch/libero_object_task1/act_n40.pt,20,1
libero_object_task1,libero_object,1,40,0,c028c88fdbde6b09,c028c88fdbde6b09,1,success,160,,checkpoints/rgb_only_rerun/batch/libero_object_task1/act_n40.pt,20,1
libero_object_task1,libero_object,1,40,0,cdcca6a2973ae223,cdcca6a2973ae223,1,success,114,,checkpoints/rgb_only_rerun/batch/libero_object_task1/act_n40.pt,20,1
libero_object_task1,libero_object,1,40,0,f91934d387da1c1d,f91934d387da1c1d,0,fail,280,,checkpoints/rgb_only_rerun/batch/libero_object_task1/act_n40.pt,20,1
libero_object_task1,libero_object,1,40,0,c39054ea1af667d4,c39054ea1af667d4,1,success,129,,checkpoints/rgb_only_rerun/batch/libero_object_task1/act_n40.pt,20,1
libero_object_task1,libero_object,1,40,0,59d73fa869e5d371,59d73fa869e5d371,1,success,109,,checkpoints/rgb_only_rerun/batch/libero_object_task1/act_n40.pt,20,1
libero_object_task1,libero_object,1,80,0,ebf25cbe55e2d64f,ebf25cbe55e2d64f,1,success,167,,checkpoints/rgb_only_rerun/batch/libero_object_task1/act_n80.pt,20,1
libero_object_task1,libero_object,1,80,0,81e0fa194aede0ff,81e0fa194aede0ff,1,success,160,,checkpoints/rgb_only_rerun/batch/libero_object_task1/act_n80.pt,20,1
libero_object_task1,libero_object,1,80,0,4479b46779b8f345,4479b46779b8f345,1,success,120,,checkpoints/rgb_only_rerun/batch/libero_object_task1/act_n80.pt,20,1
libero_object_task1,libero_object,1,80,0,244a7b374d906bf6,244a7b374d906bf6,1,success,118,,checkpoints/rgb_only_rerun/batch/libero_object_task1/act_n80.pt,20,1
libero_object_task1,libero_object,1,80,0,91687bf0b8ed7e71,91687bf0b8ed7e71,1,success,175,,checkpoints/rgb_only_rerun/batch/libero_object_task1/act_n80.pt,20,1
libero_object_task1,libero_object,1,80,0,0fc5a56b2b29f628,0fc5a56b2b29f628,1,success,115,,checkpoints/rgb_only_rerun/batch/libero_object_task1/act_n80.pt,20,1
libero_object_task1,libero_object,1,80,0,4445b14db70539e6,4445b14db70539e6,1,success,118,,checkpoints/rgb_only_rerun/batch/libero_object_task1/act_n80.pt,20,1
libero_object_task1,libero_object,1,80,0,a81c568a13bbd83c,a81c568a13bbd83c,1,success,153,,checkpoints/rgb_only_rerun/batch/libero_object_task1/act_n80.pt,20,1
libero_object_task1,libero_object,1,80,0,c67b09df0733831e,c67b09df0733831e,1,success,168,,checkpoints/rgb_only_rerun/batch/libero_object_task1/act_n80.pt,20,1
libero_object_task1,libero_object,1,80,0,2ac52f87438070ed,2ac52f87438070ed,1,success,145,,checkpoints/rgb_only_rerun/batch/libero_object_task1/act_n80.pt,20,1
libero_object_task1,libero_object,1,80,0,36fc5105dc2b4e16,36fc5105dc2b4e16,1,success,119,,checkpoints/rgb_only_rerun/batch/libero_object_task1/act_n80.pt,20,1
libero_object_task1,libero_object,1,80,0,bb29f9eef993bb7d,bb29f9eef993bb7d,1,success,129,,checkpoints/rgb_only_rerun/batch/libero_object_task1/act_n80.pt,20,1
libero_object_task1,libero_object,1,80,0,6dbca5a52c175c8c,6dbca5a52c175c8c,1,success,153,,checkpoints/rgb_only_rerun/batch/libero_object_task1/act_n80.pt,20,1
libero_object_task1,libero_object,1,80,0,ed557fc3dedc77a9,ed557fc3dedc77a9,1,success,120,,checkpoints/rgb_only_rerun/batch/libero_object_task1/act_n80.pt,20,1
libero_object_task1,libero_object,1,80,0,011f0e1c66305ccd,011f0e1c66305ccd,1,success,168,,checkpoints/rgb_only_rerun/batch/libero_object_task1/act_n80.pt,20,1
libero_object_task1,libero_object,1,80,0,c028c88fdbde6b09,c028c88fdbde6b09,1,success,120,,checkpoints/rgb_only_rerun/batch/libero_object_task1/act_n80.pt,20,1
libero_object_task1,libero_object,1,80,0,cdcca6a2973ae223,cdcca6a2973ae223,1,success,121,,checkpoints/rgb_only_rerun/batch/libero_object_task1/act_n80.pt,20,1
libero_object_task1,libero_object,1,80,0,f91934d387da1c1d,f91934d387da1c1d,1,success,121,,checkpoints/rgb_only_rerun/batch/libero_object_task1/act_n80.pt,20,1
libero_object_task1,libero_object,1,80,0,c39054ea1af667d4,c39054ea1af667d4,1,success,169,,checkpoints/rgb_only_rerun/batch/libero_object_task1/act_n80.pt,20,1
libero_object_task1,libero_object,1,80,0,59d73fa869e5d371,59d73fa869e5d371,1,success,112,,checkpoints/rgb_only_rerun/batch/libero_object_task1/act_n80.pt,20,1
libero_object_task2,libero_object,2,10,0,f40806ee341919a3,f40806ee341919a3,1,success,109,,checkpoints/rgb_only_rerun/batch/libero_object_task2/act_n10.pt,20,1
libero_object_task2,libero_object,2,10,0,44f6786a297e3282,44f6786a297e3282,1,success,115,,checkpoints/rgb_only_rerun/batch/libero_object_task2/act_n10.pt,20,1
libero_object_task2,libero_object,2,10,0,34eab281bf85f942,34eab281bf85f942,1,success,115,,checkpoints/rgb_only_rerun/batch/libero_object_task2/act_n10.pt,20,1
libero_object_task2,libero_object,2,10,0,3702c2e5ee42ea33,3702c2e5ee42ea33,1,success,112,,checkpoints/rgb_only_rerun/batch/libero_object_task2/act_n10.pt,20,1
libero_object_task2,libero_object,2,10,0,8a3e9febd2104f9e,8a3e9febd2104f9e,1,success,110,,checkpoints/rgb_only_rerun/batch/libero_object_task2/act_n10.pt,20,1
libero_object_task2,libero_object,2,10,0,c7ff82bb7a0e07db,c7ff82bb7a0e07db,1,success,110,,checkpoints/rgb_only_rerun/batch/libero_object_task2/act_n10.pt,20,1
libero_object_task2,libero_object,2,10,0,4b46194003e5214a,4b46194003e5214a,0,fail,280,,checkpoints/rgb_only_rerun/batch/libero_object_task2/act_n10.pt,20,1
libero_object_task2,libero_object,2,10,0,2c9e3480d4ac79d3,2c9e3480d4ac79d3,1,success,110,,checkpoints/rgb_only_rerun/batch/libero_object_task2/act_n10.pt,20,1
libero_object_task2,libero_object,2,10,0,7e9914191e246995,7e9914191e246995,1,success,173,,checkpoints/rgb_only_rerun/batch/libero_object_task2/act_n10.pt,20,1
libero_object_task2,libero_object,2,10,0,2df2ded15b9768ca,2df2ded15b9768ca,1,success,115,,checkpoints/rgb_only_rerun/batch/libero_object_task2/act_n10.pt,20,1
libero_object_task2,libero_object,2,10,0,0d8b3f06817f0285,0d8b3f06817f0285,1,success,113,,checkpoints/rgb_only_rerun/batch/libero_object_task2/act_n10.pt,20,1
libero_object_task2,libero_object,2,10,0,bbe665c9de60f329,bbe665c9de60f329,1,success,114,,checkpoints/rgb_only_rerun/batch/libero_object_task2/act_n10.pt,20,1
libero_object_task2,libero_object,2,10,0,240422bca8b28138,240422bca8b28138,1,success,114,,checkpoints/rgb_only_rerun/batch/libero_object_task2/act_n10.pt,20,1
libero_object_task2,libero_object,2,10,0,702ba502a7f04905,702ba502a7f04905,1,success,110,,checkpoints/rgb_only_rerun/batch/libero_object_task2/act_n10.pt,20,1
libero_object_task2,libero_object,2,10,0,5172609054e808cd,5172609054e808cd,1,success,109,,checkpoints/rgb_only_rerun/batch/libero_object_task2/act_n10.pt,20,1
libero_object_task2,libero_object,2,10,0,d70fc993ffa6d11f,d70fc993ffa6d11f,1,success,117,,checkpoints/rgb_only_rerun/batch/libero_object_task2/act_n10.pt,20,1
libero_object_task2,libero_object,2,10,0,f981c87f046b3e38,f981c87f046b3e38,1,success,111,,checkpoints/rgb_only_rerun/batch/libero_object_task2/act_n10.pt,20,1
libero_object_task2,libero_object,2,10,0,a354d5fab4db2424,a354d5fab4db2424,1,success,109,,checkpoints/rgb_only_rerun/batch/libero_object_task2/act_n10.pt,20,1
libero_object_task2,libero_object,2,10,0,f9135e204a9cebae,f9135e204a9cebae,0,fail,280,,checkpoints/rgb_only_rerun/batch/libero_object_task2/act_n10.pt,20,1
libero_object_task2,libero_object,2,10,0,c91e9828b84dfeb0,c91e9828b84dfeb0,0,fail,280,,checkpoints/rgb_only_rerun/batch/libero_object_task2/act_n10.pt,20,1
libero_object_task2,libero_object,2,20,0,f40806ee341919a3,f40806ee341919a3,1,success,111,,checkpoints/rgb_only_rerun/batch/libero_object_task2/act_n20.pt,20,1
libero_object_task2,libero_object,2,20,0,44f6786a297e3282,44f6786a297e3282,1,success,109,,checkpoints/rgb_only_rerun/batch/libero_object_task2/act_n20.pt,20,1
libero_object_task2,libero_object,2,20,0,34eab281bf85f942,34eab281bf85f942,1,success,114,,checkpoints/rgb_only_rerun/batch/libero_object_task2/act_n20.pt,20,1
libero_object_task2,libero_object,2,20,0,3702c2e5ee42ea33,3702c2e5ee42ea33,1,success,113,,checkpoints/rgb_only_rerun/batch/libero_object_task2/act_n20.pt,20,1
libero_object_task2,libero_object,2,20,0,8a3e9febd2104f9e,8a3e9febd2104f9e,1,success,106,,checkpoints/rgb_only_rerun/batch/libero_object_task2/act_n20.pt,20,1
libero_object_task2,libero_object,2,20,0,c7ff82bb7a0e07db,c7ff82bb7a0e07db,1,success,113,,checkpoints/rgb_only_rerun/batch/libero_object_task2/act_n20.pt,20,1
libero_object_task2,libero_object,2,20,0,4b46194003e5214a,4b46194003e5214a,1,success,105,,checkpoints/rgb_only_rerun/batch/libero_object_task2/act_n20.pt,20,1
libero_object_task2,libero_object,2,20,0,2c9e3480d4ac79d3,2c9e3480d4ac79d3,1,success,113,,checkpoints/rgb_only_rerun/batch/libero_object_task2/act_n20.pt,20,1
libero_object_task2,libero_object,2,20,0,7e9914191e246995,7e9914191e246995,0,fail,280,,checkpoints/rgb_only_rerun/batch/libero_object_task2/act_n20.pt,20,1
libero_object_task2,libero_object,2,20,0,2df2ded15b9768ca,2df2ded15b9768ca,1,success,109,,checkpoints/rgb_only_rerun/batch/libero_object_task2/act_n20.pt,20,1
libero_object_task2,libero_object,2,20,0,0d8b3f06817f0285,0d8b3f06817f0285,1,success,114,,checkpoints/rgb_only_rerun/batch/libero_object_task2/act_n20.pt,20,1
libero_object_task2,libero_object,2,20,0,bbe665c9de60f329,bbe665c9de60f329,1,success,107,,checkpoints/rgb_only_rerun/batch/libero_object_task2/act_n20.pt,20,1
libero_object_task2,libero_object,2,20,0,240422bca8b28138,240422bca8b28138,1,success,114,,checkpoints/rgb_only_rerun/batch/libero_object_task2/act_n20.pt,20,1
libero_object_task2,libero_object,2,20,0,702ba502a7f04905,702ba502a7f04905,1,success,107,,checkpoints/rgb_only_rerun/batch/libero_object_task2/act_n20.pt,20,1
libero_object_task2,libero_object,2,20,0,5172609054e808cd,5172609054e808cd,1,success,179,,checkpoints/rgb_only_rerun/batch/libero_object_task2/act_n20.pt,20,1
libero_object_task2,libero_object,2,20,0,d70fc993ffa6d11f,d70fc993ffa6d11f,1,success,111,,checkpoints/rgb_only_rerun/batch/libero_object_task2/act_n20.pt,20,1
libero_object_task2,libero_object,2,20,0,f981c87f046b3e38,f981c87f046b3e38,1,success,110,,checkpoints/rgb_only_rerun/batch/libero_object_task2/act_n20.pt,20,1
libero_object_task2,libero_object,2,20,0,a354d5fab4db2424,a354d5fab4db2424,1,success,109,,checkpoints/rgb_only_rerun/batch/libero_object_task2/act_n20.pt,20,1
libero_object_task2,libero_object,2,20,0,f9135e204a9cebae,f9135e204a9cebae,1,success,113,,checkpoints/rgb_only_rerun/batch/libero_object_task2/act_n20.pt,20,1
libero_object_task2,libero_object,2,20,0,c91e9828b84dfeb0,c91e9828b84dfeb0,1,success,107,,checkpoints/rgb_only_rerun/batch/libero_object_task2/act_n20.pt,20,1
libero_object_task2,libero_object,2,40,0,f40806ee341919a3,f40806ee341919a3,1,success,119,,checkpoints/rgb_only_rerun/batch/libero_object_task2/act_n40.pt,20,1
libero_object_task2,libero_object,2,40,0,44f6786a297e3282,44f6786a297e3282,1,success,109,,checkpoints/rgb_only_rerun/batch/libero_object_task2/act_n40.pt,20,1
libero_object_task2,libero_object,2,40,0,34eab281bf85f942,34eab281bf85f942,1,success,112,,checkpoints/rgb_only_rerun/batch/libero_object_task2/act_n40.pt,20,1
libero_object_task2,libero_object,2,40,0,3702c2e5ee42ea33,3702c2e5ee42ea33,1,success,114,,checkpoints/rgb_only_rerun/batch/libero_object_task2/act_n40.pt,20,1
libero_object_task2,libero_object,2,40,0,8a3e9febd2104f9e,8a3e9febd2104f9e,1,success,110,,checkpoints/rgb_only_rerun/batch/libero_object_task2/act_n40.pt,20,1
libero_object_task2,libero_object,2,40,0,c7ff82bb7a0e07db,c7ff82bb7a0e07db,1,success,110,,checkpoints/rgb_only_rerun/batch/libero_object_task2/act_n40.pt,20,1
libero_object_task2,libero_object,2,40,0,4b46194003e5214a,4b46194003e5214a,1,success,107,,checkpoints/rgb_only_rerun/batch/libero_object_task2/act_n40.pt,20,1
libero_object_task2,libero_object,2,40,0,2c9e3480d4ac79d3,2c9e3480d4ac79d3,1,success,112,,checkpoints/rgb_only_rerun/batch/libero_object_task2/act_n40.pt,20,1
libero_object_task2,libero_object,2,40,0,7e9914191e246995,7e9914191e246995,1,success,116,,checkpoints/rgb_only_rerun/batch/libero_object_task2/act_n40.pt,20,1
libero_object_task2,libero_object,2,40,0,2df2ded15b9768ca,2df2ded15b9768ca,1,success,113,,checkpoints/rgb_only_rerun/batch/libero_object_task2/act_n40.pt,20,1
libero_object_task2,libero_object,2,40,0,0d8b3f06817f0285,0d8b3f06817f0285,1,success,116,,checkpoints/rgb_only_rerun/batch/libero_object_task2/act_n40.pt,20,1
libero_object_task2,libero_object,2,40,0,bbe665c9de60f329,bbe665c9de60f329,1,success,110,,checkpoints/rgb_only_rerun/batch/libero_object_task2/act_n40.pt,20,1
libero_object_task2,libero_object,2,40,0,240422bca8b28138,240422bca8b28138,1,success,112,,checkpoints/rgb_only_rerun/batch/libero_object_task2/act_n40.pt,20,1
libero_object_task2,libero_object,2,40,0,702ba502a7f04905,702ba502a7f04905,1,success,110,,checkpoints/rgb_only_rerun/batch/libero_object_task2/act_n40.pt,20,1
libero_object_task2,libero_object,2,40,0,5172609054e808cd,5172609054e808cd,1,success,111,,checkpoints/rgb_only_rerun/batch/libero_object_task2/act_n40.pt,20,1
libero_object_task2,libero_object,2,40,0,d70fc993ffa6d11f,d70fc993ffa6d11f,1,success,112,,checkpoints/rgb_only_rerun/batch/libero_object_task2/act_n40.pt,20,1
libero_object_task2,libero_object,2,40,0,f981c87f046b3e38,f981c87f046b3e38,1,success,113,,checkpoints/rgb_only_rerun/batch/libero_object_task2/act_n40.pt,20,1
libero_object_task2,libero_object,2,40,0,a354d5fab4db2424,a354d5fab4db2424,1,success,112,,checkpoints/rgb_only_rerun/batch/libero_object_task2/act_n40.pt,20,1
libero_object_task2,libero_object,2,40,0,f9135e204a9cebae,f9135e204a9cebae,1,success,119,,checkpoints/rgb_only_rerun/batch/libero_object_task2/act_n40.pt,20,1
libero_object_task2,libero_object,2,40,0,c91e9828b84dfeb0,c91e9828b84dfeb0,1,success,112,,checkpoints/rgb_only_rerun/batch/libero_object_task2/act_n40.pt,20,1
libero_object_task2,libero_object,2,80,0,f40806ee341919a3,f40806ee341919a3,1,success,112,,checkpoints/rgb_only_rerun/batch/libero_object_task2/act_n80.pt,20,1
libero_object_task2,libero_object,2,80,0,44f6786a297e3282,44f6786a297e3282,1,success,112,,checkpoints/rgb_only_rerun/batch/libero_object_task2/act_n80.pt,20,1
libero_object_task2,libero_object,2,80,0,34eab281bf85f942,34eab281bf85f942,1,success,117,,checkpoints/rgb_only_rerun/batch/libero_object_task2/act_n80.pt,20,1
libero_object_task2,libero_object,2,80,0,3702c2e5ee42ea33,3702c2e5ee42ea33,1,success,116,,checkpoints/rgb_only_rerun/batch/libero_object_task2/act_n80.pt,20,1
libero_object_task2,libero_object,2,80,0,8a3e9febd2104f9e,8a3e9febd2104f9e,1,success,113,,checkpoints/rgb_only_rerun/batch/libero_object_task2/act_n80.pt,20,1
libero_object_task2,libero_object,2,80,0,c7ff82bb7a0e07db,c7ff82bb7a0e07db,1,success,111,,checkpoints/rgb_only_rerun/batch/libero_object_task2/act_n80.pt,20,1
libero_object_task2,libero_object,2,80,0,4b46194003e5214a,4b46194003e5214a,1,success,110,,checkpoints/rgb_only_rerun/batch/libero_object_task2/act_n80.pt,20,1
libero_object_task2,libero_object,2,80,0,2c9e3480d4ac79d3,2c9e3480d4ac79d3,1,success,113,,checkpoints/rgb_only_rerun/batch/libero_object_task2/act_n80.pt,20,1
libero_object_task2,libero_object,2,80,0,7e9914191e246995,7e9914191e246995,1,success,116,,checkpoints/rgb_only_rerun/batch/libero_object_task2/act_n80.pt,20,1
libero_object_task2,libero_object,2,80,0,2df2ded15b9768ca,2df2ded15b9768ca,1,success,111,,checkpoints/rgb_only_rerun/batch/libero_object_task2/act_n80.pt,20,1
libero_object_task2,libero_object,2,80,0,0d8b3f06817f0285,0d8b3f06817f0285,1,success,114,,checkpoints/rgb_only_rerun/batch/libero_object_task2/act_n80.pt,20,1
libero_object_task2,libero_object,2,80,0,bbe665c9de60f329,bbe665c9de60f329,1,success,110,,checkpoints/rgb_only_rerun/batch/libero_object_task2/act_n80.pt,20,1
libero_object_task2,libero_object,2,80,0,240422bca8b28138,240422bca8b28138,1,success,113,,checkpoints/rgb_only_rerun/batch/libero_object_task2/act_n80.pt,20,1
libero_object_task2,libero_object,2,80,0,702ba502a7f04905,702ba502a7f04905,1,success,113,,checkpoints/rgb_only_rerun/batch/libero_object_task2/act_n80.pt,20,1
libero_object_task2,libero_object,2,80,0,5172609054e808cd,5172609054e808cd,1,success,112,,checkpoints/rgb_only_rerun/batch/libero_object_task2/act_n80.pt,20,1
libero_object_task2,libero_object,2,80,0,d70fc993ffa6d11f,d70fc993ffa6d11f,1,success,111,,checkpoints/rgb_only_rerun/batch/libero_object_task2/act_n80.pt,20,1
libero_object_task2,libero_object,2,80,0,f981c87f046b3e38,f981c87f046b3e38,1,success,118,,checkpoints/rgb_only_rerun/batch/libero_object_task2/act_n80.pt,20,1
libero_object_task2,libero_object,2,80,0,a354d5fab4db2424,a354d5fab4db2424,1,success,111,,checkpoints/rgb_only_rerun/batch/libero_object_task2/act_n80.pt,20,1
libero_object_task2,libero_object,2,80,0,f9135e204a9cebae,f9135e204a9cebae,1,success,116,,checkpoints/rgb_only_rerun/batch/libero_object_task2/act_n80.pt,20,1
libero_object_task2,libero_object,2,80,0,c91e9828b84dfeb0,c91e9828b84dfeb0,1,success,111,,checkpoints/rgb_only_rerun/batch/libero_object_task2/act_n80.pt,20,1
libero_object_task3,libero_object,3,10,0,0b962f5b999c4cf0,0b962f5b999c4cf0,1,success,122,,checkpoints/rgb_only_rerun/batch/libero_object_task3/act_n10.pt,20,1
libero_object_task3,libero_object,3,10,0,5d6be7e7f3cc262c,5d6be7e7f3cc262c,1,success,116,,checkpoints/rgb_only_rerun/batch/libero_object_task3/act_n10.pt,20,1
libero_object_task3,libero_object,3,10,0,63c222ea4d62b4f1,63c222ea4d62b4f1,0,fail,280,,checkpoints/rgb_only_rerun/batch/libero_object_task3/act_n10.pt,20,1
libero_object_task3,libero_object,3,10,0,0427329c0c8cbee3,0427329c0c8cbee3,1,success,123,,checkpoints/rgb_only_rerun/batch/libero_object_task3/act_n10.pt,20,1
libero_object_task3,libero_object,3,10,0,b9b23e91f2d0a800,b9b23e91f2d0a800,1,success,118,,checkpoints/rgb_only_rerun/batch/libero_object_task3/act_n10.pt,20,1
libero_object_task3,libero_object,3,10,0,551f53c2d5a62b0a,551f53c2d5a62b0a,1,success,120,,checkpoints/rgb_only_rerun/batch/libero_object_task3/act_n10.pt,20,1
libero_object_task3,libero_object,3,10,0,9bfb924ece7620c6,9bfb924ece7620c6,0,fail,280,,checkpoints/rgb_only_rerun/batch/libero_object_task3/act_n10.pt,20,1
libero_object_task3,libero_object,3,10,0,d6eb3a407a4f0d20,d6eb3a407a4f0d20,0,fail,280,,checkpoints/rgb_only_rerun/batch/libero_object_task3/act_n10.pt,20,1
libero_object_task3,libero_object,3,10,0,5c321a9f4c2f008b,5c321a9f4c2f008b,0,fail,280,,checkpoints/rgb_only_rerun/batch/libero_object_task3/act_n10.pt,20,1
libero_object_task3,libero_object,3,10,0,02724aeed28732e8,02724aeed28732e8,1,success,140,,checkpoints/rgb_only_rerun/batch/libero_object_task3/act_n10.pt,20,1
libero_object_task3,libero_object,3,10,0,57837043eac5f72b,57837043eac5f72b,1,success,129,,checkpoints/rgb_only_rerun/batch/libero_object_task3/act_n10.pt,20,1
libero_object_task3,libero_object,3,10,0,cb0ca1e63478c64f,cb0ca1e63478c64f,1,success,126,,checkpoints/rgb_only_rerun/batch/libero_object_task3/act_n10.pt,20,1
libero_object_task3,libero_object,3,10,0,368c5acd7241d8d0,368c5acd7241d8d0,0,fail,280,,checkpoints/rgb_only_rerun/batch/libero_object_task3/act_n10.pt,20,1
libero_object_task3,libero_object,3,10,0,56820541a5430598,56820541a5430598,1,success,118,,checkpoints/rgb_only_rerun/batch/libero_object_task3/act_n10.pt,20,1
libero_object_task3,libero_object,3,10,0,5aa750a38b5f97da,5aa750a38b5f97da,0,fail,280,,checkpoints/rgb_only_rerun/batch/libero_object_task3/act_n10.pt,20,1
libero_object_task3,libero_object,3,10,0,551a9002ae7b2c76,551a9002ae7b2c76,0,fail,280,,checkpoints/rgb_only_rerun/batch/libero_object_task3/act_n10.pt,20,1
libero_object_task3,libero_object,3,10,0,d69342f82dd6bb70,d69342f82dd6bb70,1,success,123,,checkpoints/rgb_only_rerun/batch/libero_object_task3/act_n10.pt,20,1
libero_object_task3,libero_object,3,10,0,9bacee62d1e36c2b,9bacee62d1e36c2b,1,success,132,,checkpoints/rgb_only_rerun/batch/libero_object_task3/act_n10.pt,20,1
libero_object_task3,libero_object,3,10,0,786dd718bcc7ea02,786dd718bcc7ea02,1,success,124,,checkpoints/rgb_only_rerun/batch/libero_object_task3/act_n10.pt,20,1
libero_object_task3,libero_object,3,10,0,b2b46fe0a7eeb28b,b2b46fe0a7eeb28b,1,success,123,,checkpoints/rgb_only_rerun/batch/libero_object_task3/act_n10.pt,20,1
libero_object_task3,libero_object,3,20,0,0b962f5b999c4cf0,0b962f5b999c4cf0,1,success,126,,checkpoints/rgb_only_rerun/batch/libero_object_task3/act_n20.pt,20,1
libero_object_task3,libero_object,3,20,0,5d6be7e7f3cc262c,5d6be7e7f3cc262c,1,success,130,,checkpoints/rgb_only_rerun/batch/libero_object_task3/act_n20.pt,20,1
libero_object_task3,libero_object,3,20,0,63c222ea4d62b4f1,63c222ea4d62b4f1,1,success,126,,checkpoints/rgb_only_rerun/batch/libero_object_task3/act_n20.pt,20,1
libero_object_task3,libero_object,3,20,0,0427329c0c8cbee3,0427329c0c8cbee3,1,success,126,,checkpoints/rgb_only_rerun/batch/libero_object_task3/act_n20.pt,20,1
libero_object_task3,libero_object,3,20,0,b9b23e91f2d0a800,b9b23e91f2d0a800,1,success,127,,checkpoints/rgb_only_rerun/batch/libero_object_task3/act_n20.pt,20,1
libero_object_task3,libero_object,3,20,0,551f53c2d5a62b0a,551f53c2d5a62b0a,1,success,118,,checkpoints/rgb_only_rerun/batch/libero_object_task3/act_n20.pt,20,1
libero_object_task3,libero_object,3,20,0,9bfb924ece7620c6,9bfb924ece7620c6,1,success,127,,checkpoints/rgb_only_rerun/batch/libero_object_task3/act_n20.pt,20,1
libero_object_task3,libero_object,3,20,0,d6eb3a407a4f0d20,d6eb3a407a4f0d20,1,success,135,,checkpoints/rgb_only_rerun/batch/libero_object_task3/act_n20.pt,20,1
libero_object_task3,libero_object,3,20,0,5c321a9f4c2f008b,5c321a9f4c2f008b,0,fail,280,,checkpoints/rgb_only_rerun/batch/libero_object_task3/act_n20.pt,20,1
libero_object_task3,libero_object,3,20,0,02724aeed28732e8,02724aeed28732e8,1,success,128,,checkpoints/rgb_only_rerun/batch/libero_object_task3/act_n20.pt,20,1
libero_object_task3,libero_object,3,20,0,57837043eac5f72b,57837043eac5f72b,1,success,127,,checkpoints/rgb_only_rerun/batch/libero_object_task3/act_n20.pt,20,1
libero_object_task3,libero_object,3,20,0,cb0ca1e63478c64f,cb0ca1e63478c64f,1,success,126,,checkpoints/rgb_only_rerun/batch/libero_object_task3/act_n20.pt,20,1
libero_object_task3,libero_object,3,20,0,368c5acd7241d8d0,368c5acd7241d8d0,0,fail,280,,checkpoints/rgb_only_rerun/batch/libero_object_task3/act_n20.pt,20,1
libero_object_task3,libero_object,3,20,0,56820541a5430598,56820541a5430598,1,success,119,,checkpoints/rgb_only_rerun/batch/libero_object_task3/act_n20.pt,20,1
libero_object_task3,libero_object,3,20,0,5aa750a38b5f97da,5aa750a38b5f97da,0,fail,280,,checkpoints/rgb_only_rerun/batch/libero_object_task3/act_n20.pt,20,1
libero_object_task3,libero_object,3,20,0,551a9002ae7b2c76,551a9002ae7b2c76,1,success,124,,checkpoints/rgb_only_rerun/batch/libero_object_task3/act_n20.pt,20,1
libero_object_task3,libero_object,3,20,0,d69342f82dd6bb70,d69342f82dd6bb70,1,success,127,,checkpoints/rgb_only_rerun/batch/libero_object_task3/act_n20.pt,20,1
libero_object_task3,libero_object,3,20,0,9bacee62d1e36c2b,9bacee62d1e36c2b,0,fail,280,,checkpoints/rgb_only_rerun/batch/libero_object_task3/act_n20.pt,20,1
libero_object_task3,libero_object,3,20,0,786dd718bcc7ea02,786dd718bcc7ea02,1,success,134,,checkpoints/rgb_only_rerun/batch/libero_object_task3/act_n20.pt,20,1
libero_object_task3,libero_object,3,20,0,b2b46fe0a7eeb28b,b2b46fe0a7eeb28b,1,success,120,,checkpoints/rgb_only_rerun/batch/libero_object_task3/act_n20.pt,20,1
libero_object_task3,libero_object,3,40,0,0b962f5b999c4cf0,0b962f5b999c4cf0,1,success,121,,checkpoints/rgb_only_rerun/batch/libero_object_task3/act_n40.pt,20,1
libero_object_task3,libero_object,3,40,0,5d6be7e7f3cc262c,5d6be7e7f3cc262c,1,success,200,,checkpoints/rgb_only_rerun/batch/libero_object_task3/act_n40.pt,20,1
libero_object_task3,libero_object,3,40,0,63c222ea4d62b4f1,63c222ea4d62b4f1,0,fail,280,,checkpoints/rgb_only_rerun/batch/libero_object_task3/act_n40.pt,20,1
libero_object_task3,libero_object,3,40,0,0427329c0c8cbee3,0427329c0c8cbee3,1,success,126,,checkpoints/rgb_only_rerun/batch/libero_object_task3/act_n40.pt,20,1
libero_object_task3,libero_object,3,40,0,b9b23e91f2d0a800,b9b23e91f2d0a800,1,success,127,,checkpoints/rgb_only_rerun/batch/libero_object_task3/act_n40.pt,20,1
libero_object_task3,libero_object,3,40,0,551f53c2d5a62b0a,551f53c2d5a62b0a,1,success,126,,checkpoints/rgb_only_rerun/batch/libero_object_task3/act_n40.pt,20,1
libero_object_task3,libero_object,3,40,0,9bfb924ece7620c6,9bfb924ece7620c6,1,success,126,,checkpoints/rgb_only_rerun/batch/libero_object_task3/act_n40.pt,20,1
libero_object_task3,libero_object,3,40,0,d6eb3a407a4f0d20,d6eb3a407a4f0d20,1,success,168,,checkpoints/rgb_only_rerun/batch/libero_object_task3/act_n40.pt,20,1
libero_object_task3,libero_object,3,40,0,5c321a9f4c2f008b,5c321a9f4c2f008b,1,success,192,,checkpoints/rgb_only_rerun/batch/libero_object_task3/act_n40.pt,20,1
libero_object_task3,libero_object,3,40,0,02724aeed28732e8,02724aeed28732e8,1,success,120,,checkpoints/rgb_only_rerun/batch/libero_object_task3/act_n40.pt,20,1
libero_object_task3,libero_object,3,40,0,57837043eac5f72b,57837043eac5f72b,1,success,158,,checkpoints/rgb_only_rerun/batch/libero_object_task3/act_n40.pt,20,1
libero_object_task3,libero_object,3,40,0,cb0ca1e63478c64f,cb0ca1e63478c64f,1,success,119,,checkpoints/rgb_only_rerun/batch/libero_object_task3/act_n40.pt,20,1
libero_object_task3,libero_object,3,40,0,368c5acd7241d8d0,368c5acd7241d8d0,0,fail,280,,checkpoints/rgb_only_rerun/batch/libero_object_task3/act_n40.pt,20,1
libero_object_task3,libero_object,3,40,0,56820541a5430598,56820541a5430598,1,success,118,,checkpoints/rgb_only_rerun/batch/libero_object_task3/act_n40.pt,20,1
libero_object_task3,libero_object,3,40,0,5aa750a38b5f97da,5aa750a38b5f97da,1,success,128,,checkpoints/rgb_only_rerun/batch/libero_object_task3/act_n40.pt,20,1
libero_object_task3,libero_object,3,40,0,551a9002ae7b2c76,551a9002ae7b2c76,1,success,125,,checkpoints/rgb_only_rerun/batch/libero_object_task3/act_n40.pt,20,1
libero_object_task3,libero_object,3,40,0,d69342f82dd6bb70,d69342f82dd6bb70,1,success,135,,checkpoints/rgb_only_rerun/batch/libero_object_task3/act_n40.pt,20,1
libero_object_task3,libero_object,3,40,0,9bacee62d1e36c2b,9bacee62d1e36c2b,0,fail,280,,checkpoints/rgb_only_rerun/batch/libero_object_task3/act_n40.pt,20,1
libero_object_task3,libero_object,3,40,0,786dd718bcc7ea02,786dd718bcc7ea02,1,success,119,,checkpoints/rgb_only_rerun/batch/libero_object_task3/act_n40.pt,20,1
libero_object_task3,libero_object,3,40,0,b2b46fe0a7eeb28b,b2b46fe0a7eeb28b,1,success,120,,checkpoints/rgb_only_rerun/batch/libero_object_task3/act_n40.pt,20,1
libero_object_task3,libero_object,3,80,0,0b962f5b999c4cf0,0b962f5b999c4cf0,1,success,127,,checkpoints/rgb_only_rerun/batch/libero_object_task3/act_n80.pt,20,1
libero_object_task3,libero_object,3,80,0,5d6be7e7f3cc262c,5d6be7e7f3cc262c,1,success,177,,checkpoints/rgb_only_rerun/batch/libero_object_task3/act_n80.pt,20,1
libero_object_task3,libero_object,3,80,0,63c222ea4d62b4f1,63c222ea4d62b4f1,1,success,175,,checkpoints/rgb_only_rerun/batch/libero_object_task3/act_n80.pt,20,1
libero_object_task3,libero_object,3,80,0,0427329c0c8cbee3,0427329c0c8cbee3,1,success,177,,checkpoints/rgb_only_rerun/batch/libero_object_task3/act_n80.pt,20,1
libero_object_task3,libero_object,3,80,0,b9b23e91f2d0a800,b9b23e91f2d0a800,1,success,132,,checkpoints/rgb_only_rerun/batch/libero_object_task3/act_n80.pt,20,1
libero_object_task3,libero_object,3,80,0,551f53c2d5a62b0a,551f53c2d5a62b0a,1,success,127,,checkpoints/rgb_only_rerun/batch/libero_object_task3/act_n80.pt,20,1
libero_object_task3,libero_object,3,80,0,9bfb924ece7620c6,9bfb924ece7620c6,1,success,133,,checkpoints/rgb_only_rerun/batch/libero_object_task3/act_n80.pt,20,1
libero_object_task3,libero_object,3,80,0,d6eb3a407a4f0d20,d6eb3a407a4f0d20,1,success,175,,checkpoints/rgb_only_rerun/batch/libero_object_task3/act_n80.pt,20,1
libero_object_task3,libero_object,3,80,0,5c321a9f4c2f008b,5c321a9f4c2f008b,0,fail,280,,checkpoints/rgb_only_rerun/batch/libero_object_task3/act_n80.pt,20,1
libero_object_task3,libero_object,3,80,0,02724aeed28732e8,02724aeed28732e8,0,fail,280,,checkpoints/rgb_only_rerun/batch/libero_object_task3/act_n80.pt,20,1
libero_object_task3,libero_object,3,80,0,57837043eac5f72b,57837043eac5f72b,1,success,136,,checkpoints/rgb_only_rerun/batch/libero_object_task3/act_n80.pt,20,1
libero_object_task3,libero_object,3,80,0,cb0ca1e63478c64f,cb0ca1e63478c64f,1,success,185,,checkpoints/rgb_only_rerun/batch/libero_object_task3/act_n80.pt,20,1
libero_object_task3,libero_object,3,80,0,368c5acd7241d8d0,368c5acd7241d8d0,1,success,209,,checkpoints/rgb_only_rerun/batch/libero_object_task3/act_n80.pt,20,1
libero_object_task3,libero_object,3,80,0,56820541a5430598,56820541a5430598,1,success,168,,checkpoints/rgb_only_rerun/batch/libero_object_task3/act_n80.pt,20,1
libero_object_task3,libero_object,3,80,0,5aa750a38b5f97da,5aa750a38b5f97da,1,success,133,,checkpoints/rgb_only_rerun/batch/libero_object_task3/act_n80.pt,20,1
libero_object_task3,libero_object,3,80,0,551a9002ae7b2c76,551a9002ae7b2c76,1,success,128,,checkpoints/rgb_only_rerun/batch/libero_object_task3/act_n80.pt,20,1
libero_object_task3,libero_object,3,80,0,d69342f82dd6bb70,d69342f82dd6bb70,1,success,135,,checkpoints/rgb_only_rerun/batch/libero_object_task3/act_n80.pt,20,1
libero_object_task3,libero_object,3,80,0,9bacee62d1e36c2b,9bacee62d1e36c2b,1,success,134,,checkpoints/rgb_only_rerun/batch/libero_object_task3/act_n80.pt,20,1
libero_object_task3,libero_object,3,80,0,786dd718bcc7ea02,786dd718bcc7ea02,1,success,167,,checkpoints/rgb_only_rerun/batch/libero_object_task3/act_n80.pt,20,1
libero_object_task3,libero_object,3,80,0,b2b46fe0a7eeb28b,b2b46fe0a7eeb28b,1,success,120,,checkpoints/rgb_only_rerun/batch/libero_object_task3/act_n80.pt,20,1
libero_object_task4,libero_object,4,10,0,b5a4d49fe94da632,b5a4d49fe94da632,1,success,145,,checkpoints/rgb_only_rerun/batch/libero_object_task4/act_n10.pt,20,1
libero_object_task4,libero_object,4,10,0,80d22f549762aa97,80d22f549762aa97,0,fail,280,,checkpoints/rgb_only_rerun/batch/libero_object_task4/act_n10.pt,20,1
libero_object_task4,libero_object,4,10,0,81f0f2c396ab38b4,81f0f2c396ab38b4,1,success,129,,checkpoints/rgb_only_rerun/batch/libero_object_task4/act_n10.pt,20,1
libero_object_task4,libero_object,4,10,0,eb751d2c41bdd7e8,eb751d2c41bdd7e8,0,fail,280,,checkpoints/rgb_only_rerun/batch/libero_object_task4/act_n10.pt,20,1
libero_object_task4,libero_object,4,10,0,bcda919b73cd601f,bcda919b73cd601f,1,success,145,,checkpoints/rgb_only_rerun/batch/libero_object_task4/act_n10.pt,20,1
libero_object_task4,libero_object,4,10,0,23f52d68a9451d31,23f52d68a9451d31,1,success,145,,checkpoints/rgb_only_rerun/batch/libero_object_task4/act_n10.pt,20,1
libero_object_task4,libero_object,4,10,0,28f0bc1c3e26c255,28f0bc1c3e26c255,1,success,145,,checkpoints/rgb_only_rerun/batch/libero_object_task4/act_n10.pt,20,1
libero_object_task4,libero_object,4,10,0,88c4651384262f0f,88c4651384262f0f,1,success,127,,checkpoints/rgb_only_rerun/batch/libero_object_task4/act_n10.pt,20,1
libero_object_task4,libero_object,4,10,0,ca984e966475db8f,ca984e966475db8f,0,fail,280,,checkpoints/rgb_only_rerun/batch/libero_object_task4/act_n10.pt,20,1
libero_object_task4,libero_object,4,10,0,40ba9654b062953f,40ba9654b062953f,1,success,138,,checkpoints/rgb_only_rerun/batch/libero_object_task4/act_n10.pt,20,1
libero_object_task4,libero_object,4,10,0,650e05b7d07ff51e,650e05b7d07ff51e,1,success,128,,checkpoints/rgb_only_rerun/batch/libero_object_task4/act_n10.pt,20,1
libero_object_task4,libero_object,4,10,0,d7e7b48f7bd07eb3,d7e7b48f7bd07eb3,0,fail,280,,checkpoints/rgb_only_rerun/batch/libero_object_task4/act_n10.pt,20,1
libero_object_task4,libero_object,4,10,0,5f01c0a9f0b56a75,5f01c0a9f0b56a75,1,success,136,,checkpoints/rgb_only_rerun/batch/libero_object_task4/act_n10.pt,20,1
libero_object_task4,libero_object,4,10,0,ae12361505584f79,ae12361505584f79,0,fail,280,,checkpoints/rgb_only_rerun/batch/libero_object_task4/act_n10.pt,20,1
libero_object_task4,libero_object,4,10,0,cab326ecb210cac1,cab326ecb210cac1,0,fail,280,,checkpoints/rgb_only_rerun/batch/libero_object_task4/act_n10.pt,20,1
libero_object_task4,libero_object,4,10,0,e6a6ae6432d3bcf9,e6a6ae6432d3bcf9,0,fail,280,,checkpoints/rgb_only_rerun/batch/libero_object_task4/act_n10.pt,20,1
libero_object_task4,libero_object,4,10,0,60da92eaf1aa515c,60da92eaf1aa515c,1,success,136,,checkpoints/rgb_only_rerun/batch/libero_object_task4/act_n10.pt,20,1
libero_object_task4,libero_object,4,10,0,79b0c153524d2451,79b0c153524d2451,1,success,136,,checkpoints/rgb_only_rerun/batch/libero_object_task4/act_n10.pt,20,1
libero_object_task4,libero_object,4,10,0,0a4fcbfb35940558,0a4fcbfb35940558,0,fail,280,,checkpoints/rgb_only_rerun/batch/libero_object_task4/act_n10.pt,20,1
libero_object_task4,libero_object,4,10,0,966d8307bf997f09,966d8307bf997f09,1,success,137,,checkpoints/rgb_only_rerun/batch/libero_object_task4/act_n10.pt,20,1
libero_object_task4,libero_object,4,20,0,b5a4d49fe94da632,b5a4d49fe94da632,1,success,137,,checkpoints/rgb_only_rerun/batch/libero_object_task4/act_n20.pt,20,1
libero_object_task4,libero_object,4,20,0,80d22f549762aa97,80d22f549762aa97,1,success,142,,checkpoints/rgb_only_rerun/batch/libero_object_task4/act_n20.pt,20,1
libero_object_task4,libero_object,4,20,0,81f0f2c396ab38b4,81f0f2c396ab38b4,1,success,128,,checkpoints/rgb_only_rerun/batch/libero_object_task4/act_n20.pt,20,1
libero_object_task4,libero_object,4,20,0,eb751d2c41bdd7e8,eb751d2c41bdd7e8,1,success,136,,checkpoints/rgb_only_rerun/batch/libero_object_task4/act_n20.pt,20,1
libero_object_task4,libero_object,4,20,0,bcda919b73cd601f,bcda919b73cd601f,1,success,145,,checkpoints/rgb_only_rerun/batch/libero_object_task4/act_n20.pt,20,1
libero_object_task4,libero_object,4,20,0,23f52d68a9451d31,23f52d68a9451d31,1,success,128,,checkpoints/rgb_only_rerun/batch/libero_object_task4/act_n20.pt,20,1
libero_object_task4,libero_object,4,20,0,28f0bc1c3e26c255,28f0bc1c3e26c255,1,success,143,,checkpoints/rgb_only_rerun/batch/libero_object_task4/act_n20.pt,20,1
libero_object_task4,libero_object,4,20,0,88c4651384262f0f,88c4651384262f0f,1,success,136,,checkpoints/rgb_only_rerun/batch/libero_object_task4/act_n20.pt,20,1
libero_object_task4,libero_object,4,20,0,ca984e966475db8f,ca984e966475db8f,1,success,129,,checkpoints/rgb_only_rerun/batch/libero_object_task4/act_n20.pt,20,1
libero_object_task4,libero_object,4,20,0,40ba9654b062953f,40ba9654b062953f,1,success,145,,checkpoints/rgb_only_rerun/batch/libero_object_task4/act_n20.pt,20,1
libero_object_task4,libero_object,4,20,0,650e05b7d07ff51e,650e05b7d07ff51e,1,success,128,,checkpoints/rgb_only_rerun/batch/libero_object_task4/act_n20.pt,20,1
libero_object_task4,libero_object,4,20,0,d7e7b48f7bd07eb3,d7e7b48f7bd07eb3,1,success,144,,checkpoints/rgb_only_rerun/batch/libero_object_task4/act_n20.pt,20,1
libero_object_task4,libero_object,4,20,0,5f01c0a9f0b56a75,5f01c0a9f0b56a75,1,success,129,,checkpoints/rgb_only_rerun/batch/libero_object_task4/act_n20.pt,20,1
libero_object_task4,libero_object,4,20,0,ae12361505584f79,ae12361505584f79,1,success,135,,checkpoints/rgb_only_rerun/batch/libero_object_task4/act_n20.pt,20,1
libero_object_task4,libero_object,4,20,0,cab326ecb210cac1,cab326ecb210cac1,1,success,137,,checkpoints/rgb_only_rerun/batch/libero_object_task4/act_n20.pt,20,1
libero_object_task4,libero_object,4,20,0,e6a6ae6432d3bcf9,e6a6ae6432d3bcf9,1,success,137,,checkpoints/rgb_only_rerun/batch/libero_object_task4/act_n20.pt,20,1
libero_object_task4,libero_object,4,20,0,60da92eaf1aa515c,60da92eaf1aa515c,1,success,137,,checkpoints/rgb_only_rerun/batch/libero_object_task4/act_n20.pt,20,1
libero_object_task4,libero_object,4,20,0,79b0c153524d2451,79b0c153524d2451,1,success,141,,checkpoints/rgb_only_rerun/batch/libero_object_task4/act_n20.pt,20,1
libero_object_task4,libero_object,4,20,0,0a4fcbfb35940558,0a4fcbfb35940558,1,success,133,,checkpoints/rgb_only_rerun/batch/libero_object_task4/act_n20.pt,20,1
libero_object_task4,libero_object,4,20,0,966d8307bf997f09,966d8307bf997f09,1,success,144,,checkpoints/rgb_only_rerun/batch/libero_object_task4/act_n20.pt,20,1
libero_object_task4,libero_object,4,40,0,b5a4d49fe94da632,b5a4d49fe94da632,1,success,137,,checkpoints/rgb_only_rerun/batch/libero_object_task4/act_n40.pt,20,1
libero_object_task4,libero_object,4,40,0,80d22f549762aa97,80d22f549762aa97,1,success,142,,checkpoints/rgb_only_rerun/batch/libero_object_task4/act_n40.pt,20,1
libero_object_task4,libero_object,4,40,0,81f0f2c396ab38b4,81f0f2c396ab38b4,1,success,135,,checkpoints/rgb_only_rerun/batch/libero_object_task4/act_n40.pt,20,1
libero_object_task4,libero_object,4,40,0,eb751d2c41bdd7e8,eb751d2c41bdd7e8,1,success,136,,checkpoints/rgb_only_rerun/batch/libero_object_task4/act_n40.pt,20,1
libero_object_task4,libero_object,4,40,0,bcda919b73cd601f,bcda919b73cd601f,1,success,143,,checkpoints/rgb_only_rerun/batch/libero_object_task4/act_n40.pt,20,1
libero_object_task4,libero_object,4,40,0,23f52d68a9451d31,23f52d68a9451d31,1,success,176,,checkpoints/rgb_only_rerun/batch/libero_object_task4/act_n40.pt,20,1
libero_object_task4,libero_object,4,40,0,28f0bc1c3e26c255,28f0bc1c3e26c255,1,success,144,,checkpoints/rgb_only_rerun/batch/libero_object_task4/act_n40.pt,20,1
libero_object_task4,libero_object,4,40,0,88c4651384262f0f,88c4651384262f0f,1,success,143,,checkpoints/rgb_only_rerun/batch/libero_object_task4/act_n40.pt,20,1
libero_object_task4,libero_object,4,40,0,ca984e966475db8f,ca984e966475db8f,1,success,128,,checkpoints/rgb_only_rerun/batch/libero_object_task4/act_n40.pt,20,1
libero_object_task4,libero_object,4,40,0,40ba9654b062953f,40ba9654b062953f,1,success,144,,checkpoints/rgb_only_rerun/batch/libero_object_task4/act_n40.pt,20,1
libero_object_task4,libero_object,4,40,0,650e05b7d07ff51e,650e05b7d07ff51e,1,success,130,,checkpoints/rgb_only_rerun/batch/libero_object_task4/act_n40.pt,20,1
libero_object_task4,libero_object,4,40,0,d7e7b48f7bd07eb3,d7e7b48f7bd07eb3,1,success,142,,checkpoints/rgb_only_rerun/batch/libero_object_task4/act_n40.pt,20,1
libero_object_task4,libero_object,4,40,0,5f01c0a9f0b56a75,5f01c0a9f0b56a75,1,success,133,,checkpoints/rgb_only_rerun/batch/libero_object_task4/act_n40.pt,20,1
libero_object_task4,libero_object,4,40,0,ae12361505584f79,ae12361505584f79,1,success,143,,checkpoints/rgb_only_rerun/batch/libero_object_task4/act_n40.pt,20,1
libero_object_task4,libero_object,4,40,0,cab326ecb210cac1,cab326ecb210cac1,1,success,152,,checkpoints/rgb_only_rerun/batch/libero_object_task4/act_n40.pt,20,1
libero_object_task4,libero_object,4,40,0,e6a6ae6432d3bcf9,e6a6ae6432d3bcf9,0,fail,280,,checkpoints/rgb_only_rerun/batch/libero_object_task4/act_n40.pt,20,1
libero_object_task4,libero_object,4,40,0,60da92eaf1aa515c,60da92eaf1aa515c,1,success,142,,checkpoints/rgb_only_rerun/batch/libero_object_task4/act_n40.pt,20,1
libero_object_task4,libero_object,4,40,0,79b0c153524d2451,79b0c153524d2451,1,success,136,,checkpoints/rgb_only_rerun/batch/libero_object_task4/act_n40.pt,20,1
libero_object_task4,libero_object,4,40,0,0a4fcbfb35940558,0a4fcbfb35940558,1,success,133,,checkpoints/rgb_only_rerun/batch/libero_object_task4/act_n40.pt,20,1
libero_object_task4,libero_object,4,40,0,966d8307bf997f09,966d8307bf997f09,1,success,146,,checkpoints/rgb_only_rerun/batch/libero_object_task4/act_n40.pt,20,1
libero_object_task4,libero_object,4,80,0,b5a4d49fe94da632,b5a4d49fe94da632,1,success,134,,checkpoints/rgb_only_rerun/batch/libero_object_task4/act_n80.pt,20,1
libero_object_task4,libero_object,4,80,0,80d22f549762aa97,80d22f549762aa97,1,success,141,,checkpoints/rgb_only_rerun/batch/libero_object_task4/act_n80.pt,20,1
libero_object_task4,libero_object,4,80,0,81f0f2c396ab38b4,81f0f2c396ab38b4,1,success,127,,checkpoints/rgb_only_rerun/batch/libero_object_task4/act_n80.pt,20,1
libero_object_task4,libero_object,4,80,0,eb751d2c41bdd7e8,eb751d2c41bdd7e8,1,success,135,,checkpoints/rgb_only_rerun/batch/libero_object_task4/act_n80.pt,20,1
libero_object_task4,libero_object,4,80,0,bcda919b73cd601f,bcda919b73cd601f,1,success,142,,checkpoints/rgb_only_rerun/batch/libero_object_task4/act_n80.pt,20,1
libero_object_task4,libero_object,4,80,0,23f52d68a9451d31,23f52d68a9451d31,1,success,132,,checkpoints/rgb_only_rerun/batch/libero_object_task4/act_n80.pt,20,1
libero_object_task4,libero_object,4,80,0,28f0bc1c3e26c255,28f0bc1c3e26c255,1,success,136,,checkpoints/rgb_only_rerun/batch/libero_object_task4/act_n80.pt,20,1
libero_object_task4,libero_object,4,80,0,88c4651384262f0f,88c4651384262f0f,1,success,134,,checkpoints/rgb_only_rerun/batch/libero_object_task4/act_n80.pt,20,1
libero_object_task4,libero_object,4,80,0,ca984e966475db8f,ca984e966475db8f,1,success,129,,checkpoints/rgb_only_rerun/batch/libero_object_task4/act_n80.pt,20,1
libero_object_task4,libero_object,4,80,0,40ba9654b062953f,40ba9654b062953f,1,success,137,,checkpoints/rgb_only_rerun/batch/libero_object_task4/act_n80.pt,20,1
libero_object_task4,libero_object,4,80,0,650e05b7d07ff51e,650e05b7d07ff51e,1,success,127,,checkpoints/rgb_only_rerun/batch/libero_object_task4/act_n80.pt,20,1
libero_object_task4,libero_object,4,80,0,d7e7b48f7bd07eb3,d7e7b48f7bd07eb3,1,success,135,,checkpoints/rgb_only_rerun/batch/libero_object_task4/act_n80.pt,20,1
libero_object_task4,libero_object,4,80,0,5f01c0a9f0b56a75,5f01c0a9f0b56a75,1,success,132,,checkpoints/rgb_only_rerun/batch/libero_object_task4/act_n80.pt,20,1
libero_object_task4,libero_object,4,80,0,ae12361505584f79,ae12361505584f79,1,success,131,,checkpoints/rgb_only_rerun/batch/libero_object_task4/act_n80.pt,20,1
libero_object_task4,libero_object,4,80,0,cab326ecb210cac1,cab326ecb210cac1,1,success,143,,checkpoints/rgb_only_rerun/batch/libero_object_task4/act_n80.pt,20,1
libero_object_task4,libero_object,4,80,0,e6a6ae6432d3bcf9,e6a6ae6432d3bcf9,1,success,139,,checkpoints/rgb_only_rerun/batch/libero_object_task4/act_n80.pt,20,1
libero_object_task4,libero_object,4,80,0,60da92eaf1aa515c,60da92eaf1aa515c,1,success,135,,checkpoints/rgb_only_rerun/batch/libero_object_task4/act_n80.pt,20,1
libero_object_task4,libero_object,4,80,0,79b0c153524d2451,79b0c153524d2451,1,success,136,,checkpoints/rgb_only_rerun/batch/libero_object_task4/act_n80.pt,20,1
libero_object_task4,libero_object,4,80,0,0a4fcbfb35940558,0a4fcbfb35940558,1,success,129,,checkpoints/rgb_only_rerun/batch/libero_object_task4/act_n80.pt,20,1
libero_object_task4,libero_object,4,80,0,966d8307bf997f09,966d8307bf997f09,1,success,135,,checkpoints/rgb_only_rerun/batch/libero_object_task4/act_n80.pt,20,1
libero_object_task5,libero_object,5,10,0,797a3b5db1b64e55,797a3b5db1b64e55,1,success,126,,checkpoints/rgb_only_rerun/batch/libero_object_task5/act_n10.pt,50,1
libero_object_task5,libero_object,5,10,0,05e9d7a099daac1b,05e9d7a099daac1b,1,success,108,,checkpoints/rgb_only_rerun/batch/libero_object_task5/act_n10.pt,50,1
libero_object_task5,libero_object,5,10,0,245c03ddfa5d4c42,245c03ddfa5d4c42,1,success,101,,checkpoints/rgb_only_rerun/batch/libero_object_task5/act_n10.pt,50,1
libero_object_task5,libero_object,5,10,0,465ecfc9249e755c,465ecfc9249e755c,1,success,113,,checkpoints/rgb_only_rerun/batch/libero_object_task5/act_n10.pt,50,1
libero_object_task5,libero_object,5,10,0,d86e98eff8ea9570,d86e98eff8ea9570,1,success,120,,checkpoints/rgb_only_rerun/batch/libero_object_task5/act_n10.pt,50,1
libero_object_task5,libero_object,5,10,0,264d5a7b83c7cbe2,264d5a7b83c7cbe2,1,success,170,,checkpoints/rgb_only_rerun/batch/libero_object_task5/act_n10.pt,50,1
libero_object_task5,libero_object,5,10,0,f4ba0e973d43df59,f4ba0e973d43df59,1,success,119,,checkpoints/rgb_only_rerun/batch/libero_object_task5/act_n10.pt,50,1
libero_object_task5,libero_object,5,10,0,665833d50aca6c36,665833d50aca6c36,0,fail,280,,checkpoints/rgb_only_rerun/batch/libero_object_task5/act_n10.pt,50,1
libero_object_task5,libero_object,5,10,0,0ae43b455661c6d6,0ae43b455661c6d6,1,success,122,,checkpoints/rgb_only_rerun/batch/libero_object_task5/act_n10.pt,50,1
libero_object_task5,libero_object,5,10,0,0d63119a3a70c88c,0d63119a3a70c88c,1,success,109,,checkpoints/rgb_only_rerun/batch/libero_object_task5/act_n10.pt,50,1
libero_object_task5,libero_object,5,10,0,17f6937b59d0c1fe,17f6937b59d0c1fe,0,fail,280,,checkpoints/rgb_only_rerun/batch/libero_object_task5/act_n10.pt,50,1
libero_object_task5,libero_object,5,10,0,236dcd77dca03de0,236dcd77dca03de0,1,success,193,,checkpoints/rgb_only_rerun/batch/libero_object_task5/act_n10.pt,50,1
libero_object_task5,libero_object,5,10,0,ba399021976d4d3c,ba399021976d4d3c,0,fail,280,,checkpoints/rgb_only_rerun/batch/libero_object_task5/act_n10.pt,50,1
libero_object_task5,libero_object,5,10,0,68091866b9d13654,68091866b9d13654,1,success,241,,checkpoints/rgb_only_rerun/batch/libero_object_task5/act_n10.pt,50,1
libero_object_task5,libero_object,5,10,0,5deba3ed8457ecd3,5deba3ed8457ecd3,1,success,107,,checkpoints/rgb_only_rerun/batch/libero_object_task5/act_n10.pt,50,1
libero_object_task5,libero_object,5,10,0,c14659155c4e3d99,c14659155c4e3d99,1,success,172,,checkpoints/rgb_only_rerun/batch/libero_object_task5/act_n10.pt,50,1
libero_object_task5,libero_object,5,10,0,0c6e7c948bcc7aaf,0c6e7c948bcc7aaf,1,success,104,,checkpoints/rgb_only_rerun/batch/libero_object_task5/act_n10.pt,50,1
libero_object_task5,libero_object,5,10,0,21dbfc857eb20485,21dbfc857eb20485,1,success,101,,checkpoints/rgb_only_rerun/batch/libero_object_task5/act_n10.pt,50,1
libero_object_task5,libero_object,5,10,0,1f5426682b159bea,1f5426682b159bea,1,success,123,,checkpoints/rgb_only_rerun/batch/libero_object_task5/act_n10.pt,50,1
libero_object_task5,libero_object,5,10,0,f310bf57436f1218,f310bf57436f1218,1,success,115,,checkpoints/rgb_only_rerun/batch/libero_object_task5/act_n10.pt,50,1
libero_object_task5,libero_object,5,10,0,a8884c551dfacfc1,a8884c551dfacfc1,1,success,119,,checkpoints/rgb_only_rerun/batch/libero_object_task5/act_n10.pt,50,0
libero_object_task5,libero_object,5,10,0,a6b1d2ee91f6b637,a6b1d2ee91f6b637,1,success,137,,checkpoints/rgb_only_rerun/batch/libero_object_task5/act_n10.pt,50,0
libero_object_task5,libero_object,5,10,0,b17eebeb78aa0acf,b17eebeb78aa0acf,0,fail,280,,checkpoints/rgb_only_rerun/batch/libero_object_task5/act_n10.pt,50,0
libero_object_task5,libero_object,5,10,0,25a192a69dacfbbf,25a192a69dacfbbf,1,success,103,,checkpoints/rgb_only_rerun/batch/libero_object_task5/act_n10.pt,50,0
libero_object_task5,libero_object,5,10,0,959ecfa08726ba4e,959ecfa08726ba4e,1,success,125,,checkpoints/rgb_only_rerun/batch/libero_object_task5/act_n10.pt,50,0
libero_object_task5,libero_object,5,10,0,bd65d43cb3707fef,bd65d43cb3707fef,0,fail,280,,checkpoints/rgb_only_rerun/batch/libero_object_task5/act_n10.pt,50,0
libero_object_task5,libero_object,5,10,0,f5ea708f9c3cb78d,f5ea708f9c3cb78d,1,success,117,,checkpoints/rgb_only_rerun/batch/libero_object_task5/act_n10.pt,50,0
libero_object_task5,libero_object,5,10,0,2325c404280a0e2b,2325c404280a0e2b,1,success,131,,checkpoints/rgb_only_rerun/batch/libero_object_task5/act_n10.pt,50,0
libero_object_task5,libero_object,5,10,0,896de4ffc36b49e7,896de4ffc36b49e7,1,success,130,,checkpoints/rgb_only_rerun/batch/libero_object_task5/act_n10.pt,50,0
libero_object_task5,libero_object,5,10,0,773ddd7357fcbe45,773ddd7357fcbe45,0,fail,280,,checkpoints/rgb_only_rerun/batch/libero_object_task5/act_n10.pt,50,0
libero_object_task5,libero_object,5,10,0,58606f3c6946b96e,58606f3c6946b96e,1,success,123,,checkpoints/rgb_only_rerun/batch/libero_object_task5/act_n10.pt,50,0
libero_object_task5,libero_object,5,10,0,5a1e8bd374b8564e,5a1e8bd374b8564e,1,success,117,,checkpoints/rgb_only_rerun/batch/libero_object_task5/act_n10.pt,50,0
libero_object_task5,libero_object,5,10,0,f5dad2d99a429aef,f5dad2d99a429aef,1,success,120,,checkpoints/rgb_only_rerun/batch/libero_object_task5/act_n10.pt,50,0
libero_object_task5,libero_object,5,10,0,0d9d0a14f58a69e4,0d9d0a14f58a69e4,1,success,131,,checkpoints/rgb_only_rerun/batch/libero_object_task5/act_n10.pt,50,0
libero_object_task5,libero_object,5,10,0,acce06b0eb2c1c22,acce06b0eb2c1c22,1,success,112,,checkpoints/rgb_only_rerun/batch/libero_object_task5/act_n10.pt,50,0
libero_object_task5,libero_object,5,10,0,b017abf15049f090,b017abf15049f090,0,fail,280,,checkpoints/rgb_only_rerun/batch/libero_object_task5/act_n10.pt,50,0
libero_object_task5,libero_object,5,10,0,6c991d74dfc089e2,6c991d74dfc089e2,1,success,117,,checkpoints/rgb_only_rerun/batch/libero_object_task5/act_n10.pt,50,0
libero_object_task5,libero_object,5,10,0,94469fd51c5c2b52,94469fd51c5c2b52,1,success,110,,checkpoints/rgb_only_rerun/batch/libero_object_task5/act_n10.pt,50,0
libero_object_task5,libero_object,5,10,0,063dc6f6f83b3bc0,063dc6f6f83b3bc0,1,success,129,,checkpoints/rgb_only_rerun/batch/libero_object_task5/act_n10.pt,50,0
libero_object_task5,libero_object,5,10,0,49d7639c8277cefc,49d7639c8277cefc,1,success,115,,checkpoints/rgb_only_rerun/batch/libero_object_task5/act_n10.pt,50,0
libero_object_task5,libero_object,5,10,0,73700021bf3e2c4c,73700021bf3e2c4c,0,fail,280,,checkpoints/rgb_only_rerun/batch/libero_object_task5/act_n10.pt,50,0
libero_object_task5,libero_object,5,10,0,a645dd80e83f880a,a645dd80e83f880a,0,fail,280,,checkpoints/rgb_only_rerun/batch/libero_object_task5/act_n10.pt,50,0
libero_object_task5,libero_object,5,10,0,96e9e88174666ef9,96e9e88174666ef9,1,success,116,,checkpoints/rgb_only_rerun/batch/libero_object_task5/act_n10.pt,50,0
libero_object_task5,libero_object,5,10,0,201cd21d31a4a25c,201cd21d31a4a25c,1,success,119,,checkpoints/rgb_only_rerun/batch/libero_object_task5/act_n10.pt,50,0
libero_object_task5,libero_object,5,10,0,148dfd473bb6cf34,148dfd473bb6cf34,1,success,124,,checkpoints/rgb_only_rerun/batch/libero_object_task5/act_n10.pt,50,0
libero_object_task5,libero_object,5,10,0,ab50ff05033f299f,ab50ff05033f299f,1,success,110,,checkpoints/rgb_only_rerun/batch/libero_object_task5/act_n10.pt,50,0
libero_object_task5,libero_object,5,10,0,88fb8ddc4c1074c8,88fb8ddc4c1074c8,1,success,115,,checkpoints/rgb_only_rerun/batch/libero_object_task5/act_n10.pt,50,0
libero_object_task5,libero_object,5,10,0,e4af604e424a9fca,e4af604e424a9fca,1,success,188,,checkpoints/rgb_only_rerun/batch/libero_object_task5/act_n10.pt,50,0
libero_object_task5,libero_object,5,10,0,caa1e61d9245fd8f,caa1e61d9245fd8f,1,success,128,,checkpoints/rgb_only_rerun/batch/libero_object_task5/act_n10.pt,50,0
libero_object_task5,libero_object,5,10,0,e9a6025a735eda20,e9a6025a735eda20,1,success,162,,checkpoints/rgb_only_rerun/batch/libero_object_task5/act_n10.pt,50,0
libero_object_task5,libero_object,5,20,0,797a3b5db1b64e55,797a3b5db1b64e55,1,success,119,,checkpoints/rgb_only_rerun/batch/libero_object_task5/act_n20.pt,50,1
libero_object_task5,libero_object,5,20,0,05e9d7a099daac1b,05e9d7a099daac1b,1,success,110,,checkpoints/rgb_only_rerun/batch/libero_object_task5/act_n20.pt,50,1
libero_object_task5,libero_object,5,20,0,245c03ddfa5d4c42,245c03ddfa5d4c42,1,success,115,,checkpoints/rgb_only_rerun/batch/libero_object_task5/act_n20.pt,50,1
libero_object_task5,libero_object,5,20,0,465ecfc9249e755c,465ecfc9249e755c,1,success,112,,checkpoints/rgb_only_rerun/batch/libero_object_task5/act_n20.pt,50,1
libero_object_task5,libero_object,5,20,0,d86e98eff8ea9570,d86e98eff8ea9570,1,success,119,,checkpoints/rgb_only_rerun/batch/libero_object_task5/act_n20.pt,50,1
libero_object_task5,libero_object,5,20,0,264d5a7b83c7cbe2,264d5a7b83c7cbe2,1,success,125,,checkpoints/rgb_only_rerun/batch/libero_object_task5/act_n20.pt,50,1
libero_object_task5,libero_object,5,20,0,f4ba0e973d43df59,f4ba0e973d43df59,1,success,116,,checkpoints/rgb_only_rerun/batch/libero_object_task5/act_n20.pt,50,1
libero_object_task5,libero_object,5,20,0,665833d50aca6c36,665833d50aca6c36,1,success,107,,checkpoints/rgb_only_rerun/batch/libero_object_task5/act_n20.pt,50,1
libero_object_task5,libero_object,5,20,0,0ae43b455661c6d6,0ae43b455661c6d6,1,success,111,,checkpoints/rgb_only_rerun/batch/libero_object_task5/act_n20.pt,50,1
libero_object_task5,libero_object,5,20,0,0d63119a3a70c88c,0d63119a3a70c88c,1,success,113,,checkpoints/rgb_only_rerun/batch/libero_object_task5/act_n20.pt,50,1
libero_object_task5,libero_object,5,20,0,17f6937b59d0c1fe,17f6937b59d0c1fe,1,success,116,,checkpoints/rgb_only_rerun/batch/libero_object_task5/act_n20.pt,50,1
libero_object_task5,libero_object,5,20,0,236dcd77dca03de0,236dcd77dca03de0,1,success,118,,checkpoints/rgb_only_rerun/batch/libero_object_task5/act_n20.pt,50,1
libero_object_task5,libero_object,5,20,0,ba399021976d4d3c,ba399021976d4d3c,1,success,106,,checkpoints/rgb_only_rerun/batch/libero_object_task5/act_n20.pt,50,1
libero_object_task5,libero_object,5,20,0,68091866b9d13654,68091866b9d13654,1,success,124,,checkpoints/rgb_only_rerun/batch/libero_object_task5/act_n20.pt,50,1
libero_object_task5,libero_object,5,20,0,5deba3ed8457ecd3,5deba3ed8457ecd3,1,success,106,,checkpoints/rgb_only_rerun/batch/libero_object_task5/act_n20.pt,50,1
libero_object_task5,libero_object,5,20,0,c14659155c4e3d99,c14659155c4e3d99,1,success,129,,checkpoints/rgb_only_rerun/batch/libero_object_task5/act_n20.pt,50,1
libero_object_task5,libero_object,5,20,0,0c6e7c948bcc7aaf,0c6e7c948bcc7aaf,1,success,111,,checkpoints/rgb_only_rerun/batch/libero_object_task5/act_n20.pt,50,1
libero_object_task5,libero_object,5,20,0,21dbfc857eb20485,21dbfc857eb20485,1,success,109,,checkpoints/rgb_only_rerun/batch/libero_object_task5/act_n20.pt,50,1
libero_object_task5,libero_object,5,20,0,1f5426682b159bea,1f5426682b159bea,1,success,122,,checkpoints/rgb_only_rerun/batch/libero_object_task5/act_n20.pt,50,1
libero_object_task5,libero_object,5,20,0,f310bf57436f1218,f310bf57436f1218,1,success,118,,checkpoints/rgb_only_rerun/batch/libero_object_task5/act_n20.pt,50,1
libero_object_task5,libero_object,5,20,0,a8884c551dfacfc1,a8884c551dfacfc1,1,success,119,,checkpoints/rgb_only_rerun/batch/libero_object_task5/act_n20.pt,50,0
libero_object_task5,libero_object,5,20,0,a6b1d2ee91f6b637,a6b1d2ee91f6b637,1,success,119,,checkpoints/rgb_only_rerun/batch/libero_object_task5/act_n20.pt,50,0
libero_object_task5,libero_object,5,20,0,b17eebeb78aa0acf,b17eebeb78aa0acf,1,success,118,,checkpoints/rgb_only_rerun/batch/libero_object_task5/act_n20.pt,50,0
libero_object_task5,libero_object,5,20,0,25a192a69dacfbbf,25a192a69dacfbbf,1,success,112,,checkpoints/rgb_only_rerun/batch/libero_object_task5/act_n20.pt,50,0
libero_object_task5,libero_object,5,20,0,959ecfa08726ba4e,959ecfa08726ba4e,1,success,116,,checkpoints/rgb_only_rerun/batch/libero_object_task5/act_n20.pt,50,0
libero_object_task5,libero_object,5,20,0,bd65d43cb3707fef,bd65d43cb3707fef,0,fail,280,,checkpoints/rgb_only_rerun/batch/libero_object_task5/act_n20.pt,50,0
libero_object_task5,libero_object,5,20,0,f5ea708f9c3cb78d,f5ea708f9c3cb78d,1,success,112,,checkpoints/rgb_only_rerun/batch/libero_object_task5/act_n20.pt,50,0
libero_object_task5,libero_object,5,20,0,2325c404280a0e2b,2325c404280a0e2b,1,success,113,,checkpoints/rgb_only_rerun/batch/libero_object_task5/act_n20.pt,50,0
libero_object_task5,libero_object,5,20,0,896de4ffc36b49e7,896de4ffc36b49e7,1,success,121,,checkpoints/rgb_only_rerun/batch/libero_object_task5/act_n20.pt,50,0
libero_object_task5,libero_object,5,20,0,773ddd7357fcbe45,773ddd7357fcbe45,1,success,105,,checkpoints/rgb_only_rerun/batch/libero_object_task5/act_n20.pt,50,0
libero_object_task5,libero_object,5,20,0,58606f3c6946b96e,58606f3c6946b96e,1,success,119,,checkpoints/rgb_only_rerun/batch/libero_object_task5/act_n20.pt,50,0
libero_object_task5,libero_object,5,20,0,5a1e8bd374b8564e,5a1e8bd374b8564e,1,success,118,,checkpoints/rgb_only_rerun/batch/libero_object_task5/act_n20.pt,50,0
libero_object_task5,libero_object,5,20,0,f5dad2d99a429aef,f5dad2d99a429aef,1,success,123,,checkpoints/rgb_only_rerun/batch/libero_object_task5/act_n20.pt,50,0
libero_object_task5,libero_object,5,20,0,0d9d0a14f58a69e4,0d9d0a14f58a69e4,1,success,119,,checkpoints/rgb_only_rerun/batch/libero_object_task5/act_n20.pt,50,0
libero_object_task5,libero_object,5,20,0,acce06b0eb2c1c22,acce06b0eb2c1c22,1,success,105,,checkpoints/rgb_only_rerun/batch/libero_object_task5/act_n20.pt,50,0
libero_object_task5,libero_object,5,20,0,b017abf15049f090,b017abf15049f090,1,success,126,,checkpoints/rgb_only_rerun/batch/libero_object_task5/act_n20.pt,50,0
libero_object_task5,libero_object,5,20,0,6c991d74dfc089e2,6c991d74dfc089e2,1,success,119,,checkpoints/rgb_only_rerun/batch/libero_object_task5/act_n20.pt,50,0
libero_object_task5,libero_object,5,20,0,94469fd51c5c2b52,94469fd51c5c2b52,1,success,112,,checkpoints/rgb_only_rerun/batch/libero_object_task5/act_n20.pt,50,0
libero_object_task5,libero_object,5,20,0,063dc6f6f83b3bc0,063dc6f6f83b3bc0,1,success,109,,checkpoints/rgb_only_rerun/batch/libero_object_task5/act_n20.pt,50,0
libero_object_task5,libero_object,5,20,0,49d7639c8277cefc,49d7639c8277cefc,1,success,109,,checkpoints/rgb_only_rerun/batch/libero_object_task5/act_n20.pt,50,0
libero_object_task5,libero_object,5,20,0,73700021bf3e2c4c,73700021bf3e2c4c,1,success,103,,checkpoints/rgb_only_rerun/batch/libero_object_task5/act_n20.pt,50,0
libero_object_task5,libero_object,5,20,0,a645dd80e83f880a,a645dd80e83f880a,1,success,116,,checkpoints/rgb_only_rerun/batch/libero_object_task5/act_n20.pt,50,0
libero_object_task5,libero_object,5,20,0,96e9e88174666ef9,96e9e88174666ef9,1,success,120,,checkpoints/rgb_only_rerun/batch/libero_object_task5/act_n20.pt,50,0
libero_object_task5,libero_object,5,20,0,201cd21d31a4a25c,201cd21d31a4a25c,1,success,126,,checkpoints/rgb_only_rerun/batch/libero_object_task5/act_n20.pt,50,0
libero_object_task5,libero_object,5,20,0,148dfd473bb6cf34,148dfd473bb6cf34,1,success,118,,checkpoints/rgb_only_rerun/batch/libero_object_task5/act_n20.pt,50,0
libero_object_task5,libero_object,5,20,0,ab50ff05033f299f,ab50ff05033f299f,1,success,105,,checkpoints/rgb_only_rerun/batch/libero_object_task5/act_n20.pt,50,0
libero_object_task5,libero_object,5,20,0,88fb8ddc4c1074c8,88fb8ddc4c1074c8,1,success,119,,checkpoints/rgb_only_rerun/batch/libero_object_task5/act_n20.pt,50,0
libero_object_task5,libero_object,5,20,0,e4af604e424a9fca,e4af604e424a9fca,1,success,122,,checkpoints/rgb_only_rerun/batch/libero_object_task5/act_n20.pt,50,0
libero_object_task5,libero_object,5,20,0,caa1e61d9245fd8f,caa1e61d9245fd8f,1,success,117,,checkpoints/rgb_only_rerun/batch/libero_object_task5/act_n20.pt,50,0
libero_object_task5,libero_object,5,20,0,e9a6025a735eda20,e9a6025a735eda20,1,success,121,,checkpoints/rgb_only_rerun/batch/libero_object_task5/act_n20.pt,50,0
libero_object_task5,libero_object,5,40,0,797a3b5db1b64e55,797a3b5db1b64e55,0,fail,280,,checkpoints/rgb_only_rerun/batch/libero_object_task5/act_n40.pt,50,1
libero_object_task5,libero_object,5,40,0,05e9d7a099daac1b,05e9d7a099daac1b,1,success,115,,checkpoints/rgb_only_rerun/batch/libero_object_task5/act_n40.pt,50,1
libero_object_task5,libero_object,5,40,0,245c03ddfa5d4c42,245c03ddfa5d4c42,1,success,110,,checkpoints/rgb_only_rerun/batch/libero_object_task5/act_n40.pt,50,1
libero_object_task5,libero_object,5,40,0,465ecfc9249e755c,465ecfc9249e755c,0,fail,280,,checkpoints/rgb_only_rerun/batch/libero_object_task5/act_n40.pt,50,1
libero_object_task5,libero_object,5,40,0,d86e98eff8ea9570,d86e98eff8ea9570,1,success,119,,checkpoints/rgb_only_rerun/batch/libero_object_task5/act_n40.pt,50,1
libero_object_task5,libero_object,5,40,0,264d5a7b83c7cbe2,264d5a7b83c7cbe2,1,success,135,,checkpoints/rgb_only_rerun/batch/libero_object_task5/act_n40.pt,50,1
libero_object_task5,libero_object,5,40,0,f4ba0e973d43df59,f4ba0e973d43df59,1,success,110,,checkpoints/rgb_only_rerun/batch/libero_object_task5/act_n40.pt,50,1
libero_object_task5,libero_object,5,40,0,665833d50aca6c36,665833d50aca6c36,1,success,112,,checkpoints/rgb_only_rerun/batch/libero_object_task5/act_n40.pt,50,1
libero_object_task5,libero_object,5,40,0,0ae43b455661c6d6,0ae43b455661c6d6,1,success,117,,checkpoints/rgb_only_rerun/batch/libero_object_task5/act_n40.pt,50,1
libero_object_task5,libero_object,5,40,0,0d63119a3a70c88c,0d63119a3a70c88c,1,success,122,,checkpoints/rgb_only_rerun/batch/libero_object_task5/act_n40.pt,50,1
libero_object_task5,libero_object,5,40,0,17f6937b59d0c1fe,17f6937b59d0c1fe,1,success,122,,checkpoints/rgb_only_rerun/batch/libero_object_task5/act_n40.pt,50,1
libero_object_task5,libero_object,5,40,0,236dcd77dca03de0,236dcd77dca03de0,1,success,121,,checkpoints/rgb_only_rerun/batch/libero_object_task5/act_n40.pt,50,1
libero_object_task5,libero_object,5,40,0,ba399021976d4d3c,ba399021976d4d3c,1,success,110,,checkpoints/rgb_only_rerun/batch/libero_object_task5/act_n40.pt,50,1
libero_object_task5,libero_object,5,40,0,68091866b9d13654,68091866b9d13654,1,success,127,,checkpoints/rgb_only_rerun/batch/libero_object_task5/act_n40.pt,50,1
libero_object_task5,libero_object,5,40,0,5deba3ed8457ecd3,5deba3ed8457ecd3,1,success,108,,checkpoints/rgb_only_rerun/batch/libero_object_task5/act_n40.pt,50,1
libero_object_task5,libero_object,5,40,0,c14659155c4e3d99,c14659155c4e3d99,1,success,147,,checkpoints/rgb_only_rerun/batch/libero_object_task5/act_n40.pt,50,1
libero_object_task5,libero_object,5,40,0,0c6e7c948bcc7aaf,0c6e7c948bcc7aaf,1,success,118,,checkpoints/rgb_only_rerun/batch/libero_object_task5/act_n40.pt,50,1
libero_object_task5,libero_object,5,40,0,21dbfc857eb20485,21dbfc857eb20485,1,success,115,,checkpoints/rgb_only_rerun/batch/libero_object_task5/act_n40.pt,50,1
libero_object_task5,libero_object,5,40,0,1f5426682b159bea,1f5426682b159bea,1,success,113,,checkpoints/rgb_only_rerun/batch/libero_object_task5/act_n40.pt,50,1
libero_object_task5,libero_object,5,40,0,f310bf57436f1218,f310bf57436f1218,0,fail,280,,checkpoints/rgb_only_rerun/batch/libero_object_task5/act_n40.pt,50,1
libero_object_task5,libero_object,5,40,0,a8884c551dfacfc1,a8884c551dfacfc1,1,success,121,,checkpoints/rgb_only_rerun/batch/libero_object_task5/act_n40.pt,50,0
libero_object_task5,libero_object,5,40,0,a6b1d2ee91f6b637,a6b1d2ee91f6b637,1,success,114,,checkpoints/rgb_only_rerun/batch/libero_object_task5/act_n40.pt,50,0
libero_object_task5,libero_object,5,40,0,b17eebeb78aa0acf,b17eebeb78aa0acf,0,fail,280,,checkpoints/rgb_only_rerun/batch/libero_object_task5/act_n40.pt,50,0
libero_object_task5,libero_object,5,40,0,25a192a69dacfbbf,25a192a69dacfbbf,1,success,116,,checkpoints/rgb_only_rerun/batch/libero_object_task5/act_n40.pt,50,0
libero_object_task5,libero_object,5,40,0,959ecfa08726ba4e,959ecfa08726ba4e,1,success,108,,checkpoints/rgb_only_rerun/batch/libero_object_task5/act_n40.pt,50,0
libero_object_task5,libero_object,5,40,0,bd65d43cb3707fef,bd65d43cb3707fef,1,success,113,,checkpoints/rgb_only_rerun/batch/libero_object_task5/act_n40.pt,50,0
libero_object_task5,libero_object,5,40,0,f5ea708f9c3cb78d,f5ea708f9c3cb78d,1,success,122,,checkpoints/rgb_only_rerun/batch/libero_object_task5/act_n40.pt,50,0
libero_object_task5,libero_object,5,40,0,2325c404280a0e2b,2325c404280a0e2b,1,success,115,,checkpoints/rgb_only_rerun/batch/libero_object_task5/act_n40.pt,50,0
libero_object_task5,libero_object,5,40,0,896de4ffc36b49e7,896de4ffc36b49e7,1,success,123,,checkpoints/rgb_only_rerun/batch/libero_object_task5/act_n40.pt,50,0
libero_object_task5,libero_object,5,40,0,773ddd7357fcbe45,773ddd7357fcbe45,1,success,153,,checkpoints/rgb_only_rerun/batch/libero_object_task5/act_n40.pt,50,0
libero_object_task5,libero_object,5,40,0,58606f3c6946b96e,58606f3c6946b96e,1,success,112,,checkpoints/rgb_only_rerun/batch/libero_object_task5/act_n40.pt,50,0
libero_object_task5,libero_object,5,40,0,5a1e8bd374b8564e,5a1e8bd374b8564e,1,success,125,,checkpoints/rgb_only_rerun/batch/libero_object_task5/act_n40.pt,50,0
libero_object_task5,libero_object,5,40,0,f5dad2d99a429aef,f5dad2d99a429aef,0,fail,280,,checkpoints/rgb_only_rerun/batch/libero_object_task5/act_n40.pt,50,0
libero_object_task5,libero_object,5,40,0,0d9d0a14f58a69e4,0d9d0a14f58a69e4,0,fail,280,,checkpoints/rgb_only_rerun/batch/libero_object_task5/act_n40.pt,50,0
libero_object_task5,libero_object,5,40,0,acce06b0eb2c1c22,acce06b0eb2c1c22,1,success,107,,checkpoints/rgb_only_rerun/batch/libero_object_task5/act_n40.pt,50,0
libero_object_task5,libero_object,5,40,0,b017abf15049f090,b017abf15049f090,1,success,157,,checkpoints/rgb_only_rerun/batch/libero_object_task5/act_n40.pt,50,0
libero_object_task5,libero_object,5,40,0,6c991d74dfc089e2,6c991d74dfc089e2,0,fail,280,,checkpoints/rgb_only_rerun/batch/libero_object_task5/act_n40.pt,50,0
libero_object_task5,libero_object,5,40,0,94469fd51c5c2b52,94469fd51c5c2b52,1,success,113,,checkpoints/rgb_only_rerun/batch/libero_object_task5/act_n40.pt,50,0
libero_object_task5,libero_object,5,40,0,063dc6f6f83b3bc0,063dc6f6f83b3bc0,1,success,112,,checkpoints/rgb_only_rerun/batch/libero_object_task5/act_n40.pt,50,0
libero_object_task5,libero_object,5,40,0,49d7639c8277cefc,49d7639c8277cefc,1,success,110,,checkpoints/rgb_only_rerun/batch/libero_object_task5/act_n40.pt,50,0
libero_object_task5,libero_object,5,40,0,73700021bf3e2c4c,73700021bf3e2c4c,1,success,107,,checkpoints/rgb_only_rerun/batch/libero_object_task5/act_n40.pt,50,0
libero_object_task5,libero_object,5,40,0,a645dd80e83f880a,a645dd80e83f880a,0,fail,280,,checkpoints/rgb_only_rerun/batch/libero_object_task5/act_n40.pt,50,0
libero_object_task5,libero_object,5,40,0,96e9e88174666ef9,96e9e88174666ef9,0,fail,280,,checkpoints/rgb_only_rerun/batch/libero_object_task5/act_n40.pt,50,0
libero_object_task5,libero_object,5,40,0,201cd21d31a4a25c,201cd21d31a4a25c,1,success,119,,checkpoints/rgb_only_rerun/batch/libero_object_task5/act_n40.pt,50,0
libero_object_task5,libero_object,5,40,0,148dfd473bb6cf34,148dfd473bb6cf34,1,success,121,,checkpoints/rgb_only_rerun/batch/libero_object_task5/act_n40.pt,50,0
libero_object_task5,libero_object,5,40,0,ab50ff05033f299f,ab50ff05033f299f,1,success,118,,checkpoints/rgb_only_rerun/batch/libero_object_task5/act_n40.pt,50,0
libero_object_task5,libero_object,5,40,0,88fb8ddc4c1074c8,88fb8ddc4c1074c8,1,success,119,,checkpoints/rgb_only_rerun/batch/libero_object_task5/act_n40.pt,50,0
libero_object_task5,libero_object,5,40,0,e4af604e424a9fca,e4af604e424a9fca,0,fail,280,,checkpoints/rgb_only_rerun/batch/libero_object_task5/act_n40.pt,50,0
libero_object_task5,libero_object,5,40,0,caa1e61d9245fd8f,caa1e61d9245fd8f,1,success,112,,checkpoints/rgb_only_rerun/batch/libero_object_task5/act_n40.pt,50,0
libero_object_task5,libero_object,5,40,0,e9a6025a735eda20,e9a6025a735eda20,1,success,121,,checkpoints/rgb_only_rerun/batch/libero_object_task5/act_n40.pt,50,0
libero_object_task5,libero_object,5,80,0,797a3b5db1b64e55,797a3b5db1b64e55,1,success,121,,checkpoints/rgb_only_rerun/batch/libero_object_task5/act_n80.pt,50,1
libero_object_task5,libero_object,5,80,0,05e9d7a099daac1b,05e9d7a099daac1b,1,success,128,,checkpoints/rgb_only_rerun/batch/libero_object_task5/act_n80.pt,50,1
libero_object_task5,libero_object,5,80,0,245c03ddfa5d4c42,245c03ddfa5d4c42,1,success,108,,checkpoints/rgb_only_rerun/batch/libero_object_task5/act_n80.pt,50,1
libero_object_task5,libero_object,5,80,0,465ecfc9249e755c,465ecfc9249e755c,1,success,114,,checkpoints/rgb_only_rerun/batch/libero_object_task5/act_n80.pt,50,1
libero_object_task5,libero_object,5,80,0,d86e98eff8ea9570,d86e98eff8ea9570,1,success,120,,checkpoints/rgb_only_rerun/batch/libero_object_task5/act_n80.pt,50,1
libero_object_task5,libero_object,5,80,0,264d5a7b83c7cbe2,264d5a7b83c7cbe2,1,success,127,,checkpoints/rgb_only_rerun/batch/libero_object_task5/act_n80.pt,50,1
libero_object_task5,libero_object,5,80,0,f4ba0e973d43df59,f4ba0e973d43df59,1,success,109,,checkpoints/rgb_only_rerun/batch/libero_object_task5/act_n80.pt,50,1
libero_object_task5,libero_object,5,80,0,665833d50aca6c36,665833d50aca6c36,1,success,162,,checkpoints/rgb_only_rerun/batch/libero_object_task5/act_n80.pt,50,1
libero_object_task5,libero_object,5,80,0,0ae43b455661c6d6,0ae43b455661c6d6,1,success,117,,checkpoints/rgb_only_rerun/batch/libero_object_task5/act_n80.pt,50,1
libero_object_task5,libero_object,5,80,0,0d63119a3a70c88c,0d63119a3a70c88c,1,success,127,,checkpoints/rgb_only_rerun/batch/libero_object_task5/act_n80.pt,50,1
libero_object_task5,libero_object,5,80,0,17f6937b59d0c1fe,17f6937b59d0c1fe,1,success,112,,checkpoints/rgb_only_rerun/batch/libero_object_task5/act_n80.pt,50,1
libero_object_task5,libero_object,5,80,0,236dcd77dca03de0,236dcd77dca03de0,1,success,126,,checkpoints/rgb_only_rerun/batch/libero_object_task5/act_n80.pt,50,1
libero_object_task5,libero_object,5,80,0,ba399021976d4d3c,ba399021976d4d3c,1,success,109,,checkpoints/rgb_only_rerun/batch/libero_object_task5/act_n80.pt,50,1
libero_object_task5,libero_object,5,80,0,68091866b9d13654,68091866b9d13654,1,success,129,,checkpoints/rgb_only_rerun/batch/libero_object_task5/act_n80.pt,50,1
libero_object_task5,libero_object,5,80,0,5deba3ed8457ecd3,5deba3ed8457ecd3,1,success,117,,checkpoints/rgb_only_rerun/batch/libero_object_task5/act_n80.pt,50,1
libero_object_task5,libero_object,5,80,0,c14659155c4e3d99,c14659155c4e3d99,0,fail,280,,checkpoints/rgb_only_rerun/batch/libero_object_task5/act_n80.pt,50,1
libero_object_task5,libero_object,5,80,0,0c6e7c948bcc7aaf,0c6e7c948bcc7aaf,1,success,111,,checkpoints/rgb_only_rerun/batch/libero_object_task5/act_n80.pt,50,1
libero_object_task5,libero_object,5,80,0,21dbfc857eb20485,21dbfc857eb20485,1,success,117,,checkpoints/rgb_only_rerun/batch/libero_object_task5/act_n80.pt,50,1
libero_object_task5,libero_object,5,80,0,1f5426682b159bea,1f5426682b159bea,1,success,132,,checkpoints/rgb_only_rerun/batch/libero_object_task5/act_n80.pt,50,1
libero_object_task5,libero_object,5,80,0,f310bf57436f1218,f310bf57436f1218,0,fail,280,,checkpoints/rgb_only_rerun/batch/libero_object_task5/act_n80.pt,50,1
libero_object_task5,libero_object,5,80,0,a8884c551dfacfc1,a8884c551dfacfc1,1,success,111,,checkpoints/rgb_only_rerun/batch/libero_object_task5/act_n80.pt,50,0
libero_object_task5,libero_object,5,80,0,a6b1d2ee91f6b637,a6b1d2ee91f6b637,1,success,119,,checkpoints/rgb_only_rerun/batch/libero_object_task5/act_n80.pt,50,0
libero_object_task5,libero_object,5,80,0,b17eebeb78aa0acf,b17eebeb78aa0acf,1,success,118,,checkpoints/rgb_only_rerun/batch/libero_object_task5/act_n80.pt,50,0
libero_object_task5,libero_object,5,80,0,25a192a69dacfbbf,25a192a69dacfbbf,1,success,118,,checkpoints/rgb_only_rerun/batch/libero_object_task5/act_n80.pt,50,0
libero_object_task5,libero_object,5,80,0,959ecfa08726ba4e,959ecfa08726ba4e,1,success,126,,checkpoints/rgb_only_rerun/batch/libero_object_task5/act_n80.pt,50,0
libero_object_task5,libero_object,5,80,0,bd65d43cb3707fef,bd65d43cb3707fef,1,success,178,,checkpoints/rgb_only_rerun/batch/libero_object_task5/act_n80.pt,50,0
libero_object_task5,libero_object,5,80,0,f5ea708f9c3cb78d,f5ea708f9c3cb78d,1,success,121,,checkpoints/rgb_only_rerun/batch/libero_object_task5/act_n80.pt,50,0
libero_object_task5,libero_object,5,80,0,2325c404280a0e2b,2325c404280a0e2b,0,fail,280,,checkpoints/rgb_only_rerun/batch/libero_object_task5/act_n80.pt,50,0
libero_object_task5,libero_object,5,80,0,896de4ffc36b49e7,896de4ffc36b49e7,1,success,130,,checkpoints/rgb_only_rerun/batch/libero_object_task5/act_n80.pt,50,0
libero_object_task5,libero_object,5,80,0,773ddd7357fcbe45,773ddd7357fcbe45,1,success,248,,checkpoints/rgb_only_rerun/batch/libero_object_task5/act_n80.pt,50,0
libero_object_task5,libero_object,5,80,0,58606f3c6946b96e,58606f3c6946b96e,1,success,121,,checkpoints/rgb_only_rerun/batch/libero_object_task5/act_n80.pt,50,0
libero_object_task5,libero_object,5,80,0,5a1e8bd374b8564e,5a1e8bd374b8564e,1,success,125,,checkpoints/rgb_only_rerun/batch/libero_object_task5/act_n80.pt,50,0
libero_object_task5,libero_object,5,80,0,f5dad2d99a429aef,f5dad2d99a429aef,1,success,124,,checkpoints/rgb_only_rerun/batch/libero_object_task5/act_n80.pt,50,0
libero_object_task5,libero_object,5,80,0,0d9d0a14f58a69e4,0d9d0a14f58a69e4,1,success,117,,checkpoints/rgb_only_rerun/batch/libero_object_task5/act_n80.pt,50,0
libero_object_task5,libero_object,5,80,0,acce06b0eb2c1c22,acce06b0eb2c1c22,1,success,115,,checkpoints/rgb_only_rerun/batch/libero_object_task5/act_n80.pt,50,0
libero_object_task5,libero_object,5,80,0,b017abf15049f090,b017abf15049f090,1,success,184,,checkpoints/rgb_only_rerun/batch/libero_object_task5/act_n80.pt,50,0
libero_object_task5,libero_object,5,80,0,6c991d74dfc089e2,6c991d74dfc089e2,1,success,126,,checkpoints/rgb_only_rerun/batch/libero_object_task5/act_n80.pt,50,0
libero_object_task5,libero_object,5,80,0,94469fd51c5c2b52,94469fd51c5c2b52,1,success,196,,checkpoints/rgb_only_rerun/batch/libero_object_task5/act_n80.pt,50,0
libero_object_task5,libero_object,5,80,0,063dc6f6f83b3bc0,063dc6f6f83b3bc0,1,success,185,,checkpoints/rgb_only_rerun/batch/libero_object_task5/act_n80.pt,50,0
libero_object_task5,libero_object,5,80,0,49d7639c8277cefc,49d7639c8277cefc,1,success,111,,checkpoints/rgb_only_rerun/batch/libero_object_task5/act_n80.pt,50,0
libero_object_task5,libero_object,5,80,0,73700021bf3e2c4c,73700021bf3e2c4c,1,success,107,,checkpoints/rgb_only_rerun/batch/libero_object_task5/act_n80.pt,50,0
libero_object_task5,libero_object,5,80,0,a645dd80e83f880a,a645dd80e83f880a,0,fail,280,,checkpoints/rgb_only_rerun/batch/libero_object_task5/act_n80.pt,50,0
libero_object_task5,libero_object,5,80,0,96e9e88174666ef9,96e9e88174666ef9,1,success,122,,checkpoints/rgb_only_rerun/batch/libero_object_task5/act_n80.pt,50,0
libero_object_task5,libero_object,5,80,0,201cd21d31a4a25c,201cd21d31a4a25c,1,success,118,,checkpoints/rgb_only_rerun/batch/libero_object_task5/act_n80.pt,50,0
libero_object_task5,libero_object,5,80,0,148dfd473bb6cf34,148dfd473bb6cf34,1,success,120,,checkpoints/rgb_only_rerun/batch/libero_object_task5/act_n80.pt,50,0
libero_object_task5,libero_object,5,80,0,ab50ff05033f299f,ab50ff05033f299f,0,fail,280,,checkpoints/rgb_only_rerun/batch/libero_object_task5/act_n80.pt,50,0
libero_object_task5,libero_object,5,80,0,88fb8ddc4c1074c8,88fb8ddc4c1074c8,1,success,118,,checkpoints/rgb_only_rerun/batch/libero_object_task5/act_n80.pt,50,0
libero_object_task5,libero_object,5,80,0,e4af604e424a9fca,e4af604e424a9fca,1,success,125,,checkpoints/rgb_only_rerun/batch/libero_object_task5/act_n80.pt,50,0
libero_object_task5,libero_object,5,80,0,caa1e61d9245fd8f,caa1e61d9245fd8f,1,success,128,,checkpoints/rgb_only_rerun/batch/libero_object_task5/act_n80.pt,50,0
libero_object_task5,libero_object,5,80,0,e9a6025a735eda20,e9a6025a735eda20,1,success,128,,checkpoints/rgb_only_rerun/batch/libero_object_task5/act_n80.pt,50,0
libero_object_task6,libero_object,6,10,0,562557aafde57013,562557aafde57013,0,fail,280,,checkpoints/rgb_only_rerun/batch/libero_object_task6/act_n10.pt,20,1
libero_object_task6,libero_object,6,10,0,ce3dade8a0564420,ce3dade8a0564420,0,fail,280,,checkpoints/rgb_only_rerun/batch/libero_object_task6/act_n10.pt,20,1
libero_object_task6,libero_object,6,10,0,f68086b62424f12c,f68086b62424f12c,1,success,184,,checkpoints/rgb_only_rerun/batch/libero_object_task6/act_n10.pt,20,1
libero_object_task6,libero_object,6,10,0,b442269554f6feba,b442269554f6feba,0,fail,280,,checkpoints/rgb_only_rerun/batch/libero_object_task6/act_n10.pt,20,1
libero_object_task6,libero_object,6,10,0,d9c28d96c1f2363b,d9c28d96c1f2363b,1,success,138,,checkpoints/rgb_only_rerun/batch/libero_object_task6/act_n10.pt,20,1
libero_object_task6,libero_object,6,10,0,8652f3093defcd07,8652f3093defcd07,0,fail,280,,checkpoints/rgb_only_rerun/batch/libero_object_task6/act_n10.pt,20,1
libero_object_task6,libero_object,6,10,0,a3e0f49a46dfb921,a3e0f49a46dfb921,0,fail,280,,checkpoints/rgb_only_rerun/batch/libero_object_task6/act_n10.pt,20,1
libero_object_task6,libero_object,6,10,0,b52df860606fe39d,b52df860606fe39d,1,success,194,,checkpoints/rgb_only_rerun/batch/libero_object_task6/act_n10.pt,20,1
libero_object_task6,libero_object,6,10,0,cb4130539aaf8f91,cb4130539aaf8f91,0,fail,280,,checkpoints/rgb_only_rerun/batch/libero_object_task6/act_n10.pt,20,1
libero_object_task6,libero_object,6,10,0,ac2f12f3333800aa,ac2f12f3333800aa,1,success,139,,checkpoints/rgb_only_rerun/batch/libero_object_task6/act_n10.pt,20,1
libero_object_task6,libero_object,6,10,0,9add94b53f99b221,9add94b53f99b221,1,success,192,,checkpoints/rgb_only_rerun/batch/libero_object_task6/act_n10.pt,20,1
libero_object_task6,libero_object,6,10,0,1929c040ee661b22,1929c040ee661b22,0,fail,280,,checkpoints/rgb_only_rerun/batch/libero_object_task6/act_n10.pt,20,1
libero_object_task6,libero_object,6,10,0,5e5fd91912917b25,5e5fd91912917b25,1,success,185,,checkpoints/rgb_only_rerun/batch/libero_object_task6/act_n10.pt,20,1
libero_object_task6,libero_object,6,10,0,b5b425f33f581c42,b5b425f33f581c42,1,success,192,,checkpoints/rgb_only_rerun/batch/libero_object_task6/act_n10.pt,20,1
libero_object_task6,libero_object,6,10,0,431acba05d475d63,431acba05d475d63,1,success,185,,checkpoints/rgb_only_rerun/batch/libero_object_task6/act_n10.pt,20,1
libero_object_task6,libero_object,6,10,0,e49e38332c769026,e49e38332c769026,0,fail,280,,checkpoints/rgb_only_rerun/batch/libero_object_task6/act_n10.pt,20,1
libero_object_task6,libero_object,6,10,0,a7170b40c1e28849,a7170b40c1e28849,0,fail,280,,checkpoints/rgb_only_rerun/batch/libero_object_task6/act_n10.pt,20,1
libero_object_task6,libero_object,6,10,0,40a6b304e42f6c0c,40a6b304e42f6c0c,0,fail,280,,checkpoints/rgb_only_rerun/batch/libero_object_task6/act_n10.pt,20,1
libero_object_task6,libero_object,6,10,0,5e9a6f8139d38b03,5e9a6f8139d38b03,0,fail,280,,checkpoints/rgb_only_rerun/batch/libero_object_task6/act_n10.pt,20,1
libero_object_task6,libero_object,6,10,0,6271da560426574e,6271da560426574e,1,success,169,,checkpoints/rgb_only_rerun/batch/libero_object_task6/act_n10.pt,20,1
libero_object_task6,libero_object,6,20,0,562557aafde57013,562557aafde57013,1,success,135,,checkpoints/rgb_only_rerun/batch/libero_object_task6/act_n20.pt,20,1
libero_object_task6,libero_object,6,20,0,ce3dade8a0564420,ce3dade8a0564420,0,fail,280,,checkpoints/rgb_only_rerun/batch/libero_object_task6/act_n20.pt,20,1
libero_object_task6,libero_object,6,20,0,f68086b62424f12c,f68086b62424f12c,1,success,154,,checkpoints/rgb_only_rerun/batch/libero_object_task6/act_n20.pt,20,1
libero_object_task6,libero_object,6,20,0,b442269554f6feba,b442269554f6feba,0,fail,280,,checkpoints/rgb_only_rerun/batch/libero_object_task6/act_n20.pt,20,1
libero_object_task6,libero_object,6,20,0,d9c28d96c1f2363b,d9c28d96c1f2363b,1,success,146,,checkpoints/rgb_only_rerun/batch/libero_object_task6/act_n20.pt,20,1
libero_object_task6,libero_object,6,20,0,8652f3093defcd07,8652f3093defcd07,1,success,155,,checkpoints/rgb_only_rerun/batch/libero_object_task6/act_n20.pt,20,1
libero_object_task6,libero_object,6,20,0,a3e0f49a46dfb921,a3e0f49a46dfb921,1,success,129,,checkpoints/rgb_only_rerun/batch/libero_object_task6/act_n20.pt,20,1
libero_object_task6,libero_object,6,20,0,b52df860606fe39d,b52df860606fe39d,1,success,259,,checkpoints/rgb_only_rerun/batch/libero_object_task6/act_n20.pt,20,1
libero_object_task6,libero_object,6,20,0,cb4130539aaf8f91,cb4130539aaf8f91,1,success,138,,checkpoints/rgb_only_rerun/batch/libero_object_task6/act_n20.pt,20,1
libero_object_task6,libero_object,6,20,0,ac2f12f3333800aa,ac2f12f3333800aa,1,success,136,,checkpoints/rgb_only_rerun/batch/libero_object_task6/act_n20.pt,20,1
libero_object_task6,libero_object,6,20,0,9add94b53f99b221,9add94b53f99b221,0,fail,280,,checkpoints/rgb_only_rerun/batch/libero_object_task6/act_n20.pt,20,1
libero_object_task6,libero_object,6,20,0,1929c040ee661b22,1929c040ee661b22,1,success,135,,checkpoints/rgb_only_rerun/batch/libero_object_task6/act_n20.pt,20,1
libero_object_task6,libero_object,6,20,0,5e5fd91912917b25,5e5fd91912917b25,1,success,162,,checkpoints/rgb_only_rerun/batch/libero_object_task6/act_n20.pt,20,1
libero_object_task6,libero_object,6,20,0,b5b425f33f581c42,b5b425f33f581c42,0,fail,280,,checkpoints/rgb_only_rerun/batch/libero_object_task6/act_n20.pt,20,1
libero_object_task6,libero_object,6,20,0,431acba05d475d63,431acba05d475d63,1,success,139,,checkpoints/rgb_only_rerun/batch/libero_object_task6/act_n20.pt,20,1
libero_object_task6,libero_object,6,20,0,e49e38332c769026,e49e38332c769026,1,success,129,,checkpoints/rgb_only_rerun/batch/libero_object_task6/act_n20.pt,20,1
libero_object_task6,libero_object,6,20,0,a7170b40c1e28849,a7170b40c1e28849,0,fail,280,,checkpoints/rgb_only_rerun/batch/libero_object_task6/act_n20.pt,20,1
libero_object_task6,libero_object,6,20,0,40a6b304e42f6c0c,40a6b304e42f6c0c,0,fail,280,,checkpoints/rgb_only_rerun/batch/libero_object_task6/act_n20.pt,20,1
libero_object_task6,libero_object,6,20,0,5e9a6f8139d38b03,5e9a6f8139d38b03,1,success,127,,checkpoints/rgb_only_rerun/batch/libero_object_task6/act_n20.pt,20,1
libero_object_task6,libero_object,6,20,0,6271da560426574e,6271da560426574e,1,success,138,,checkpoints/rgb_only_rerun/batch/libero_object_task6/act_n20.pt,20,1
libero_object_task6,libero_object,6,40,0,562557aafde57013,562557aafde57013,0,fail,280,,checkpoints/rgb_only_rerun/batch/libero_object_task6/act_n40.pt,20,1
libero_object_task6,libero_object,6,40,0,ce3dade8a0564420,ce3dade8a0564420,1,success,135,,checkpoints/rgb_only_rerun/batch/libero_object_task6/act_n40.pt,20,1
libero_object_task6,libero_object,6,40,0,f68086b62424f12c,f68086b62424f12c,1,success,136,,checkpoints/rgb_only_rerun/batch/libero_object_task6/act_n40.pt,20,1
libero_object_task6,libero_object,6,40,0,b442269554f6feba,b442269554f6feba,1,success,123,,checkpoints/rgb_only_rerun/batch/libero_object_task6/act_n40.pt,20,1
libero_object_task6,libero_object,6,40,0,d9c28d96c1f2363b,d9c28d96c1f2363b,1,success,152,,checkpoints/rgb_only_rerun/batch/libero_object_task6/act_n40.pt,20,1
libero_object_task6,libero_object,6,40,0,8652f3093defcd07,8652f3093defcd07,1,success,136,,checkpoints/rgb_only_rerun/batch/libero_object_task6/act_n40.pt,20,1
libero_object_task6,libero_object,6,40,0,a3e0f49a46dfb921,a3e0f49a46dfb921,1,success,142,,checkpoints/rgb_only_rerun/batch/libero_object_task6/act_n40.pt,20,1
libero_object_task6,libero_object,6,40,0,b52df860606fe39d,b52df860606fe39d,1,success,142,,checkpoints/rgb_only_rerun/batch/libero_object_task6/act_n40.pt,20,1
libero_object_task6,libero_object,6,40,0,cb4130539aaf8f91,cb4130539aaf8f91,1,success,137,,checkpoints/rgb_only_rerun/batch/libero_object_task6/act_n40.pt,20,1
libero_object_task6,libero_object,6,40,0,ac2f12f3333800aa,ac2f12f3333800aa,1,success,137,,checkpoints/rgb_only_rerun/batch/libero_object_task6/act_n40.pt,20,1
libero_object_task6,libero_object,6,40,0,9add94b53f99b221,9add94b53f99b221,1,success,135,,checkpoints/rgb_only_rerun/batch/libero_object_task6/act_n40.pt,20,1
libero_object_task6,libero_object,6,40,0,1929c040ee661b22,1929c040ee661b22,1,success,144,,checkpoints/rgb_only_rerun/batch/libero_object_task6/act_n40.pt,20,1
libero_object_task6,libero_object,6,40,0,5e5fd91912917b25,5e5fd91912917b25,1,success,130,,checkpoints/rgb_only_rerun/batch/libero_object_task6/act_n40.pt,20,1
libero_object_task6,libero_object,6,40,0,b5b425f33f581c42,b5b425f33f581c42,1,success,196,,checkpoints/rgb_only_rerun/batch/libero_object_task6/act_n40.pt,20,1
libero_object_task6,libero_object,6,40,0,431acba05d475d63,431acba05d475d63,1,success,145,,checkpoints/rgb_only_rerun/batch/libero_object_task6/act_n40.pt,20,1
libero_object_task6,libero_object,6,40,0,e49e38332c769026,e49e38332c769026,1,success,139,,checkpoints/rgb_only_rerun/batch/libero_object_task6/act_n40.pt,20,1
libero_object_task6,libero_object,6,40,0,a7170b40c1e28849,a7170b40c1e28849,1,success,136,,checkpoints/rgb_only_rerun/batch/libero_object_task6/act_n40.pt,20,1
libero_object_task6,libero_object,6,40,0,40a6b304e42f6c0c,40a6b304e42f6c0c,1,success,137,,checkpoints/rgb_only_rerun/batch/libero_object_task6/act_n40.pt,20,1
libero_object_task6,libero_object,6,40,0,5e9a6f8139d38b03,5e9a6f8139d38b03,1,success,143,,checkpoints/rgb_only_rerun/batch/libero_object_task6/act_n40.pt,20,1
libero_object_task6,libero_object,6,40,0,6271da560426574e,6271da560426574e,1,success,136,,checkpoints/rgb_only_rerun/batch/libero_object_task6/act_n40.pt,20,1
libero_object_task6,libero_object,6,80,0,562557aafde57013,562557aafde57013,1,success,233,,checkpoints/rgb_only_rerun/batch/libero_object_task6/act_n80.pt,20,1
libero_object_task6,libero_object,6,80,0,ce3dade8a0564420,ce3dade8a0564420,1,success,160,,checkpoints/rgb_only_rerun/batch/libero_object_task6/act_n80.pt,20,1
libero_object_task6,libero_object,6,80,0,f68086b62424f12c,f68086b62424f12c,0,fail,280,,checkpoints/rgb_only_rerun/batch/libero_object_task6/act_n80.pt,20,1
libero_object_task6,libero_object,6,80,0,b442269554f6feba,b442269554f6feba,1,success,136,,checkpoints/rgb_only_rerun/batch/libero_object_task6/act_n80.pt,20,1
libero_object_task6,libero_object,6,80,0,d9c28d96c1f2363b,d9c28d96c1f2363b,1,success,144,,checkpoints/rgb_only_rerun/batch/libero_object_task6/act_n80.pt,20,1
libero_object_task6,libero_object,6,80,0,8652f3093defcd07,8652f3093defcd07,1,success,209,,checkpoints/rgb_only_rerun/batch/libero_object_task6/act_n80.pt,20,1
libero_object_task6,libero_object,6,80,0,a3e0f49a46dfb921,a3e0f49a46dfb921,1,success,136,,checkpoints/rgb_only_rerun/batch/libero_object_task6/act_n80.pt,20,1
libero_object_task6,libero_object,6,80,0,b52df860606fe39d,b52df860606fe39d,1,success,137,,checkpoints/rgb_only_rerun/batch/libero_object_task6/act_n80.pt,20,1
libero_object_task6,libero_object,6,80,0,cb4130539aaf8f91,cb4130539aaf8f91,1,success,254,,checkpoints/rgb_only_rerun/batch/libero_object_task6/act_n80.pt,20,1
libero_object_task6,libero_object,6,80,0,ac2f12f3333800aa,ac2f12f3333800aa,1,success,139,,checkpoints/rgb_only_rerun/batch/libero_object_task6/act_n80.pt,20,1
libero_object_task6,libero_object,6,80,0,9add94b53f99b221,9add94b53f99b221,1,success,220,,checkpoints/rgb_only_rerun/batch/libero_object_task6/act_n80.pt,20,1
libero_object_task6,libero_object,6,80,0,1929c040ee661b22,1929c040ee661b22,1,success,142,,checkpoints/rgb_only_rerun/batch/libero_object_task6/act_n80.pt,20,1
libero_object_task6,libero_object,6,80,0,5e5fd91912917b25,5e5fd91912917b25,1,success,210,,checkpoints/rgb_only_rerun/batch/libero_object_task6/act_n80.pt,20,1
libero_object_task6,libero_object,6,80,0,b5b425f33f581c42,b5b425f33f581c42,1,success,168,,checkpoints/rgb_only_rerun/batch/libero_object_task6/act_n80.pt,20,1
libero_object_task6,libero_object,6,80,0,431acba05d475d63,431acba05d475d63,1,success,143,,checkpoints/rgb_only_rerun/batch/libero_object_task6/act_n80.pt,20,1
libero_object_task6,libero_object,6,80,0,e49e38332c769026,e49e38332c769026,0,fail,280,,checkpoints/rgb_only_rerun/batch/libero_object_task6/act_n80.pt,20,1
libero_object_task6,libero_object,6,80,0,a7170b40c1e28849,a7170b40c1e28849,1,success,138,,checkpoints/rgb_only_rerun/batch/libero_object_task6/act_n80.pt,20,1
libero_object_task6,libero_object,6,80,0,40a6b304e42f6c0c,40a6b304e42f6c0c,1,success,137,,checkpoints/rgb_only_rerun/batch/libero_object_task6/act_n80.pt,20,1
libero_object_task6,libero_object,6,80,0,5e9a6f8139d38b03,5e9a6f8139d38b03,0,fail,280,,checkpoints/rgb_only_rerun/batch/libero_object_task6/act_n80.pt,20,1
libero_object_task6,libero_object,6,80,0,6271da560426574e,6271da560426574e,0,fail,280,,checkpoints/rgb_only_rerun/batch/libero_object_task6/act_n80.pt,20,1
libero_object_task7,libero_object,7,10,0,ce2cc85ea2a277b4,ce2cc85ea2a277b4,1,success,116,,checkpoints/rgb_only_rerun/batch/libero_object_task7/act_n10.pt,20,1
libero_object_task7,libero_object,7,10,0,1fdf3bae8f98ae32,1fdf3bae8f98ae32,0,fail,280,,checkpoints/rgb_only_rerun/batch/libero_object_task7/act_n10.pt,20,1
libero_object_task7,libero_object,7,10,0,8475e393048cf789,8475e393048cf789,0,fail,280,,checkpoints/rgb_only_rerun/batch/libero_object_task7/act_n10.pt,20,1
libero_object_task7,libero_object,7,10,0,f5a3dc29655aa6be,f5a3dc29655aa6be,0,fail,280,,checkpoints/rgb_only_rerun/batch/libero_object_task7/act_n10.pt,20,1
libero_object_task7,libero_object,7,10,0,201057fb0dfd43dd,201057fb0dfd43dd,1,success,119,,checkpoints/rgb_only_rerun/batch/libero_object_task7/act_n10.pt,20,1
libero_object_task7,libero_object,7,10,0,e03c4bdf04562984,e03c4bdf04562984,0,fail,280,,checkpoints/rgb_only_rerun/batch/libero_object_task7/act_n10.pt,20,1
libero_object_task7,libero_object,7,10,0,8e9111683b1b4037,8e9111683b1b4037,0,fail,280,,checkpoints/rgb_only_rerun/batch/libero_object_task7/act_n10.pt,20,1
libero_object_task7,libero_object,7,10,0,42a6e09653c568a6,42a6e09653c568a6,0,fail,280,,checkpoints/rgb_only_rerun/batch/libero_object_task7/act_n10.pt,20,1
libero_object_task7,libero_object,7,10,0,5c021cf185ffdac6,5c021cf185ffdac6,1,success,113,,checkpoints/rgb_only_rerun/batch/libero_object_task7/act_n10.pt,20,1
libero_object_task7,libero_object,7,10,0,8d5668d182434b4c,8d5668d182434b4c,1,success,118,,checkpoints/rgb_only_rerun/batch/libero_object_task7/act_n10.pt,20,1
libero_object_task7,libero_object,7,10,0,0f6cf2b699076f1e,0f6cf2b699076f1e,0,fail,280,,checkpoints/rgb_only_rerun/batch/libero_object_task7/act_n10.pt,20,1
libero_object_task7,libero_object,7,10,0,206ea4b205bcde03,206ea4b205bcde03,0,fail,280,,checkpoints/rgb_only_rerun/batch/libero_object_task7/act_n10.pt,20,1
libero_object_task7,libero_object,7,10,0,9c6eef7d4f3b6c9a,9c6eef7d4f3b6c9a,0,fail,280,,checkpoints/rgb_only_rerun/batch/libero_object_task7/act_n10.pt,20,1
libero_object_task7,libero_object,7,10,0,4496b94222f141fd,4496b94222f141fd,0,fail,280,,checkpoints/rgb_only_rerun/batch/libero_object_task7/act_n10.pt,20,1
libero_object_task7,libero_object,7,10,0,af6d0452a259e934,af6d0452a259e934,0,fail,280,,checkpoints/rgb_only_rerun/batch/libero_object_task7/act_n10.pt,20,1
libero_object_task7,libero_object,7,10,0,b12e1818f263a635,b12e1818f263a635,0,fail,280,,checkpoints/rgb_only_rerun/batch/libero_object_task7/act_n10.pt,20,1
libero_object_task7,libero_object,7,10,0,134559312db940d9,134559312db940d9,1,success,119,,checkpoints/rgb_only_rerun/batch/libero_object_task7/act_n10.pt,20,1
libero_object_task7,libero_object,7,10,0,17a1a160f4d4f2c6,17a1a160f4d4f2c6,0,fail,280,,checkpoints/rgb_only_rerun/batch/libero_object_task7/act_n10.pt,20,1
libero_object_task7,libero_object,7,10,0,a9ba40a56d0415fd,a9ba40a56d0415fd,0,fail,280,,checkpoints/rgb_only_rerun/batch/libero_object_task7/act_n10.pt,20,1
libero_object_task7,libero_object,7,10,0,7a52aeefd6f01e96,7a52aeefd6f01e96,0,fail,280,,checkpoints/rgb_only_rerun/batch/libero_object_task7/act_n10.pt,20,1
libero_object_task7,libero_object,7,20,0,ce2cc85ea2a277b4,ce2cc85ea2a277b4,1,success,123,,checkpoints/rgb_only_rerun/batch/libero_object_task7/act_n20.pt,20,1
libero_object_task7,libero_object,7,20,0,1fdf3bae8f98ae32,1fdf3bae8f98ae32,0,fail,280,,checkpoints/rgb_only_rerun/batch/libero_object_task7/act_n20.pt,20,1
libero_object_task7,libero_object,7,20,0,8475e393048cf789,8475e393048cf789,0,fail,280,,checkpoints/rgb_only_rerun/batch/libero_object_task7/act_n20.pt,20,1
libero_object_task7,libero_object,7,20,0,f5a3dc29655aa6be,f5a3dc29655aa6be,1,success,209,,checkpoints/rgb_only_rerun/batch/libero_object_task7/act_n20.pt,20,1
libero_object_task7,libero_object,7,20,0,201057fb0dfd43dd,201057fb0dfd43dd,1,success,124,,checkpoints/rgb_only_rerun/batch/libero_object_task7/act_n20.pt,20,1
libero_object_task7,libero_object,7,20,0,e03c4bdf04562984,e03c4bdf04562984,1,success,124,,checkpoints/rgb_only_rerun/batch/libero_object_task7/act_n20.pt,20,1
libero_object_task7,libero_object,7,20,0,8e9111683b1b4037,8e9111683b1b4037,1,success,124,,checkpoints/rgb_only_rerun/batch/libero_object_task7/act_n20.pt,20,1
libero_object_task7,libero_object,7,20,0,42a6e09653c568a6,42a6e09653c568a6,0,fail,280,,checkpoints/rgb_only_rerun/batch/libero_object_task7/act_n20.pt,20,1
libero_object_task7,libero_object,7,20,0,5c021cf185ffdac6,5c021cf185ffdac6,1,success,257,,checkpoints/rgb_only_rerun/batch/libero_object_task7/act_n20.pt,20,1
libero_object_task7,libero_object,7,20,0,8d5668d182434b4c,8d5668d182434b4c,1,success,123,,checkpoints/rgb_only_rerun/batch/libero_object_task7/act_n20.pt,20,1
libero_object_task7,libero_object,7,20,0,0f6cf2b699076f1e,0f6cf2b699076f1e,1,success,124,,checkpoints/rgb_only_rerun/batch/libero_object_task7/act_n20.pt,20,1
libero_object_task7,libero_object,7,20,0,206ea4b205bcde03,206ea4b205bcde03,1,success,207,,checkpoints/rgb_only_rerun/batch/libero_object_task7/act_n20.pt,20,1
libero_object_task7,libero_object,7,20,0,9c6eef7d4f3b6c9a,9c6eef7d4f3b6c9a,1,success,123,,checkpoints/rgb_only_rerun/batch/libero_object_task7/act_n20.pt,20,1
libero_object_task7,libero_object,7,20,0,4496b94222f141fd,4496b94222f141fd,0,fail,280,,checkpoints/rgb_only_rerun/batch/libero_object_task7/act_n20.pt,20,1
libero_object_task7,libero_object,7,20,0,af6d0452a259e934,af6d0452a259e934,0,fail,280,,checkpoints/rgb_only_rerun/batch/libero_object_task7/act_n20.pt,20,1
libero_object_task7,libero_object,7,20,0,b12e1818f263a635,b12e1818f263a635,0,fail,280,,checkpoints/rgb_only_rerun/batch/libero_object_task7/act_n20.pt,20,1
libero_object_task7,libero_object,7,20,0,134559312db940d9,134559312db940d9,0,fail,280,,checkpoints/rgb_only_rerun/batch/libero_object_task7/act_n20.pt,20,1
libero_object_task7,libero_object,7,20,0,17a1a160f4d4f2c6,17a1a160f4d4f2c6,1,success,205,,checkpoints/rgb_only_rerun/batch/libero_object_task7/act_n20.pt,20,1
libero_object_task7,libero_object,7,20,0,a9ba40a56d0415fd,a9ba40a56d0415fd,1,success,122,,checkpoints/rgb_only_rerun/batch/libero_object_task7/act_n20.pt,20,1
libero_object_task7,libero_object,7,20,0,7a52aeefd6f01e96,7a52aeefd6f01e96,1,success,121,,checkpoints/rgb_only_rerun/batch/libero_object_task7/act_n20.pt,20,1
libero_object_task7,libero_object,7,40,0,ce2cc85ea2a277b4,ce2cc85ea2a277b4,1,success,124,,checkpoints/rgb_only_rerun/batch/libero_object_task7/act_n40.pt,20,1
libero_object_task7,libero_object,7,40,0,1fdf3bae8f98ae32,1fdf3bae8f98ae32,0,fail,280,,checkpoints/rgb_only_rerun/batch/libero_object_task7/act_n40.pt,20,1
libero_object_task7,libero_object,7,40,0,8475e393048cf789,8475e393048cf789,1,success,229,,checkpoints/rgb_only_rerun/batch/libero_object_task7/act_n40.pt,20,1
libero_object_task7,libero_object,7,40,0,f5a3dc29655aa6be,f5a3dc29655aa6be,1,success,125,,checkpoints/rgb_only_rerun/batch/libero_object_task7/act_n40.pt,20,1
libero_object_task7,libero_object,7,40,0,201057fb0dfd43dd,201057fb0dfd43dd,1,success,131,,checkpoints/rgb_only_rerun/batch/libero_object_task7/act_n40.pt,20,1
libero_object_task7,libero_object,7,40,0,e03c4bdf04562984,e03c4bdf04562984,1,success,125,,checkpoints/rgb_only_rerun/batch/libero_object_task7/act_n40.pt,20,1
libero_object_task7,libero_object,7,40,0,8e9111683b1b4037,8e9111683b1b4037,0,fail,280,,checkpoints/rgb_only_rerun/batch/libero_object_task7/act_n40.pt,20,1
libero_object_task7,libero_object,7,40,0,42a6e09653c568a6,42a6e09653c568a6,1,success,120,,checkpoints/rgb_only_rerun/batch/libero_object_task7/act_n40.pt,20,1
libero_object_task7,libero_object,7,40,0,5c021cf185ffdac6,5c021cf185ffdac6,1,success,119,,checkpoints/rgb_only_rerun/batch/libero_object_task7/act_n40.pt,20,1
libero_object_task7,libero_object,7,40,0,8d5668d182434b4c,8d5668d182434b4c,1,success,124,,checkpoints/rgb_only_rerun/batch/libero_object_task7/act_n40.pt,20,1
libero_object_task7,libero_object,7,40,0,0f6cf2b699076f1e,0f6cf2b699076f1e,1,success,142,,checkpoints/rgb_only_rerun/batch/libero_object_task7/act_n40.pt,20,1
libero_object_task7,libero_object,7,40,0,206ea4b205bcde03,206ea4b205bcde03,1,success,131,,checkpoints/rgb_only_rerun/batch/libero_object_task7/act_n40.pt,20,1
libero_object_task7,libero_object,7,40,0,9c6eef7d4f3b6c9a,9c6eef7d4f3b6c9a,1,success,144,,checkpoints/rgb_only_rerun/batch/libero_object_task7/act_n40.pt,20,1
libero_object_task7,libero_object,7,40,0,4496b94222f141fd,4496b94222f141fd,1,success,122,,checkpoints/rgb_only_rerun/batch/libero_object_task7/act_n40.pt,20,1
libero_object_task7,libero_object,7,40,0,af6d0452a259e934,af6d0452a259e934,1,success,129,,checkpoints/rgb_only_rerun/batch/libero_object_task7/act_n40.pt,20,1
libero_object_task7,libero_object,7,40,0,b12e1818f263a635,b12e1818f263a635,1,success,125,,checkpoints/rgb_only_rerun/batch/libero_object_task7/act_n40.pt,20,1
libero_object_task7,libero_object,7,40,0,134559312db940d9,134559312db940d9,1,success,133,,checkpoints/rgb_only_rerun/batch/libero_object_task7/act_n40.pt,20,1
libero_object_task7,libero_object,7,40,0,17a1a160f4d4f2c6,17a1a160f4d4f2c6,1,success,121,,checkpoints/rgb_only_rerun/batch/libero_object_task7/act_n40.pt,20,1
libero_object_task7,libero_object,7,40,0,a9ba40a56d0415fd,a9ba40a56d0415fd,1,success,120,,checkpoints/rgb_only_rerun/batch/libero_object_task7/act_n40.pt,20,1
libero_object_task7,libero_object,7,40,0,7a52aeefd6f01e96,7a52aeefd6f01e96,1,success,126,,checkpoints/rgb_only_rerun/batch/libero_object_task7/act_n40.pt,20,1
libero_object_task7,libero_object,7,80,0,ce2cc85ea2a277b4,ce2cc85ea2a277b4,1,success,130,,checkpoints/rgb_only_rerun/batch/libero_object_task7/act_n80.pt,20,1
libero_object_task7,libero_object,7,80,0,1fdf3bae8f98ae32,1fdf3bae8f98ae32,0,fail,280,,checkpoints/rgb_only_rerun/batch/libero_object_task7/act_n80.pt,20,1
libero_object_task7,libero_object,7,80,0,8475e393048cf789,8475e393048cf789,1,success,138,,checkpoints/rgb_only_rerun/batch/libero_object_task7/act_n80.pt,20,1
libero_object_task7,libero_object,7,80,0,f5a3dc29655aa6be,f5a3dc29655aa6be,1,success,143,,checkpoints/rgb_only_rerun/batch/libero_object_task7/act_n80.pt,20,1
libero_object_task7,libero_object,7,80,0,201057fb0dfd43dd,201057fb0dfd43dd,1,success,134,,checkpoints/rgb_only_rerun/batch/libero_object_task7/act_n80.pt,20,1
libero_object_task7,libero_object,7,80,0,e03c4bdf04562984,e03c4bdf04562984,1,success,126,,checkpoints/rgb_only_rerun/batch/libero_object_task7/act_n80.pt,20,1
libero_object_task7,libero_object,7,80,0,8e9111683b1b4037,8e9111683b1b4037,1,success,127,,checkpoints/rgb_only_rerun/batch/libero_object_task7/act_n80.pt,20,1
libero_object_task7,libero_object,7,80,0,42a6e09653c568a6,42a6e09653c568a6,1,success,120,,checkpoints/rgb_only_rerun/batch/libero_object_task7/act_n80.pt,20,1
libero_object_task7,libero_object,7,80,0,5c021cf185ffdac6,5c021cf185ffdac6,1,success,119,,checkpoints/rgb_only_rerun/batch/libero_object_task7/act_n80.pt,20,1
libero_object_task7,libero_object,7,80,0,8d5668d182434b4c,8d5668d182434b4c,1,success,124,,checkpoints/rgb_only_rerun/batch/libero_object_task7/act_n80.pt,20,1
libero_object_task7,libero_object,7,80,0,0f6cf2b699076f1e,0f6cf2b699076f1e,1,success,146,,checkpoints/rgb_only_rerun/batch/libero_object_task7/act_n80.pt,20,1
libero_object_task7,libero_object,7,80,0,206ea4b205bcde03,206ea4b205bcde03,1,success,130,,checkpoints/rgb_only_rerun/batch/libero_object_task7/act_n80.pt,20,1
libero_object_task7,libero_object,7,80,0,9c6eef7d4f3b6c9a,9c6eef7d4f3b6c9a,0,fail,280,,checkpoints/rgb_only_rerun/batch/libero_object_task7/act_n80.pt,20,1
libero_object_task7,libero_object,7,80,0,4496b94222f141fd,4496b94222f141fd,1,success,143,,checkpoints/rgb_only_rerun/batch/libero_object_task7/act_n80.pt,20,1
libero_object_task7,libero_object,7,80,0,af6d0452a259e934,af6d0452a259e934,1,success,133,,checkpoints/rgb_only_rerun/batch/libero_object_task7/act_n80.pt,20,1
libero_object_task7,libero_object,7,80,0,b12e1818f263a635,b12e1818f263a635,1,success,125,,checkpoints/rgb_only_rerun/batch/libero_object_task7/act_n80.pt,20,1
libero_object_task7,libero_object,7,80,0,134559312db940d9,134559312db940d9,1,success,132,,checkpoints/rgb_only_rerun/batch/libero_object_task7/act_n80.pt,20,1
libero_object_task7,libero_object,7,80,0,17a1a160f4d4f2c6,17a1a160f4d4f2c6,0,fail,280,,checkpoints/rgb_only_rerun/batch/libero_object_task7/act_n80.pt,20,1
libero_object_task7,libero_object,7,80,0,a9ba40a56d0415fd,a9ba40a56d0415fd,1,success,121,,checkpoints/rgb_only_rerun/batch/libero_object_task7/act_n80.pt,20,1
libero_object_task7,libero_object,7,80,0,7a52aeefd6f01e96,7a52aeefd6f01e96,1,success,125,,checkpoints/rgb_only_rerun/batch/libero_object_task7/act_n80.pt,20,1
libero_object_task8,libero_object,8,10,0,5f217b5f2d887d0c,5f217b5f2d887d0c,1,success,152,,checkpoints/rgb_only_rerun/batch/libero_object_task8/act_n10.pt,20,1
libero_object_task8,libero_object,8,10,0,66cc2d6013a87609,66cc2d6013a87609,1,success,137,,checkpoints/rgb_only_rerun/batch/libero_object_task8/act_n10.pt,20,1
libero_object_task8,libero_object,8,10,0,67586ccf70a4c4eb,67586ccf70a4c4eb,1,success,138,,checkpoints/rgb_only_rerun/batch/libero_object_task8/act_n10.pt,20,1
libero_object_task8,libero_object,8,10,0,9843545f4368241c,9843545f4368241c,1,success,151,,checkpoints/rgb_only_rerun/batch/libero_object_task8/act_n10.pt,20,1
libero_object_task8,libero_object,8,10,0,972f748dc2d2296d,972f748dc2d2296d,1,success,138,,checkpoints/rgb_only_rerun/batch/libero_object_task8/act_n10.pt,20,1
libero_object_task8,libero_object,8,10,0,fa726e306a70a636,fa726e306a70a636,1,success,128,,checkpoints/rgb_only_rerun/batch/libero_object_task8/act_n10.pt,20,1
libero_object_task8,libero_object,8,10,0,8a9e3a2e85d51051,8a9e3a2e85d51051,1,success,132,,checkpoints/rgb_only_rerun/batch/libero_object_task8/act_n10.pt,20,1
libero_object_task8,libero_object,8,10,0,90c4a568d1f8d8a6,90c4a568d1f8d8a6,1,success,133,,checkpoints/rgb_only_rerun/batch/libero_object_task8/act_n10.pt,20,1
libero_object_task8,libero_object,8,10,0,7d669a5216dc8e88,7d669a5216dc8e88,1,success,137,,checkpoints/rgb_only_rerun/batch/libero_object_task8/act_n10.pt,20,1
libero_object_task8,libero_object,8,10,0,234b6103667d79fd,234b6103667d79fd,1,success,135,,checkpoints/rgb_only_rerun/batch/libero_object_task8/act_n10.pt,20,1
libero_object_task8,libero_object,8,10,0,2f4e6c5a6315f321,2f4e6c5a6315f321,1,success,136,,checkpoints/rgb_only_rerun/batch/libero_object_task8/act_n10.pt,20,1
libero_object_task8,libero_object,8,10,0,9e500f4863e7b459,9e500f4863e7b459,1,success,136,,checkpoints/rgb_only_rerun/batch/libero_object_task8/act_n10.pt,20,1
libero_object_task8,libero_object,8,10,0,1ee2be7d2acedf62,1ee2be7d2acedf62,1,success,135,,checkpoints/rgb_only_rerun/batch/libero_object_task8/act_n10.pt,20,1
libero_object_task8,libero_object,8,10,0,d7035d37aa3946e9,d7035d37aa3946e9,1,success,167,,checkpoints/rgb_only_rerun/batch/libero_object_task8/act_n10.pt,20,1
libero_object_task8,libero_object,8,10,0,ef24fb3fbabd6214,ef24fb3fbabd6214,1,success,135,,checkpoints/rgb_only_rerun/batch/libero_object_task8/act_n10.pt,20,1
libero_object_task8,libero_object,8,10,0,4cafb12ae6ecc27e,4cafb12ae6ecc27e,1,success,128,,checkpoints/rgb_only_rerun/batch/libero_object_task8/act_n10.pt,20,1
libero_object_task8,libero_object,8,10,0,23c12f6e886ed79c,23c12f6e886ed79c,1,success,129,,checkpoints/rgb_only_rerun/batch/libero_object_task8/act_n10.pt,20,1
libero_object_task8,libero_object,8,10,0,3a242112b5667863,3a242112b5667863,1,success,127,,checkpoints/rgb_only_rerun/batch/libero_object_task8/act_n10.pt,20,1
libero_object_task8,libero_object,8,10,0,da1d3d21e47265b2,da1d3d21e47265b2,1,success,136,,checkpoints/rgb_only_rerun/batch/libero_object_task8/act_n10.pt,20,1
libero_object_task8,libero_object,8,10,0,4dd507b9d7918a42,4dd507b9d7918a42,1,success,135,,checkpoints/rgb_only_rerun/batch/libero_object_task8/act_n10.pt,20,1
libero_object_task8,libero_object,8,20,0,5f217b5f2d887d0c,5f217b5f2d887d0c,0,fail,280,,checkpoints/rgb_only_rerun/batch/libero_object_task8/act_n20.pt,20,1
libero_object_task8,libero_object,8,20,0,66cc2d6013a87609,66cc2d6013a87609,1,success,136,,checkpoints/rgb_only_rerun/batch/libero_object_task8/act_n20.pt,20,1
libero_object_task8,libero_object,8,20,0,67586ccf70a4c4eb,67586ccf70a4c4eb,1,success,138,,checkpoints/rgb_only_rerun/batch/libero_object_task8/act_n20.pt,20,1
libero_object_task8,libero_object,8,20,0,9843545f4368241c,9843545f4368241c,1,success,155,,checkpoints/rgb_only_rerun/batch/libero_object_task8/act_n20.pt,20,1
libero_object_task8,libero_object,8,20,0,972f748dc2d2296d,972f748dc2d2296d,1,success,170,,checkpoints/rgb_only_rerun/batch/libero_object_task8/act_n20.pt,20,1
libero_object_task8,libero_object,8,20,0,fa726e306a70a636,fa726e306a70a636,1,success,137,,checkpoints/rgb_only_rerun/batch/libero_object_task8/act_n20.pt,20,1
libero_object_task8,libero_object,8,20,0,8a9e3a2e85d51051,8a9e3a2e85d51051,1,success,145,,checkpoints/rgb_only_rerun/batch/libero_object_task8/act_n20.pt,20,1
libero_object_task8,libero_object,8,20,0,90c4a568d1f8d8a6,90c4a568d1f8d8a6,1,success,138,,checkpoints/rgb_only_rerun/batch/libero_object_task8/act_n20.pt,20,1
libero_object_task8,libero_object,8,20,0,7d669a5216dc8e88,7d669a5216dc8e88,0,fail,280,,checkpoints/rgb_only_rerun/batch/libero_object_task8/act_n20.pt,20,1
libero_object_task8,libero_object,8,20,0,234b6103667d79fd,234b6103667d79fd,1,success,136,,checkpoints/rgb_only_rerun/batch/libero_object_task8/act_n20.pt,20,1
libero_object_task8,libero_object,8,20,0,2f4e6c5a6315f321,2f4e6c5a6315f321,1,success,186,,checkpoints/rgb_only_rerun/batch/libero_object_task8/act_n20.pt,20,1
libero_object_task8,libero_object,8,20,0,9e500f4863e7b459,9e500f4863e7b459,1,success,137,,checkpoints/rgb_only_rerun/batch/libero_object_task8/act_n20.pt,20,1
libero_object_task8,libero_object,8,20,0,1ee2be7d2acedf62,1ee2be7d2acedf62,1,success,177,,checkpoints/rgb_only_rerun/batch/libero_object_task8/act_n20.pt,20,1
libero_object_task8,libero_object,8,20,0,d7035d37aa3946e9,d7035d37aa3946e9,1,success,145,,checkpoints/rgb_only_rerun/batch/libero_object_task8/act_n20.pt,20,1
libero_object_task8,libero_object,8,20,0,ef24fb3fbabd6214,ef24fb3fbabd6214,1,success,160,,checkpoints/rgb_only_rerun/batch/libero_object_task8/act_n20.pt,20,1
libero_object_task8,libero_object,8,20,0,4cafb12ae6ecc27e,4cafb12ae6ecc27e,1,success,136,,checkpoints/rgb_only_rerun/batch/libero_object_task8/act_n20.pt,20,1
libero_object_task8,libero_object,8,20,0,23c12f6e886ed79c,23c12f6e886ed79c,1,success,138,,checkpoints/rgb_only_rerun/batch/libero_object_task8/act_n20.pt,20,1
libero_object_task8,libero_object,8,20,0,3a242112b5667863,3a242112b5667863,0,fail,280,,checkpoints/rgb_only_rerun/batch/libero_object_task8/act_n20.pt,20,1
libero_object_task8,libero_object,8,20,0,da1d3d21e47265b2,da1d3d21e47265b2,1,success,137,,checkpoints/rgb_only_rerun/batch/libero_object_task8/act_n20.pt,20,1
libero_object_task8,libero_object,8,20,0,4dd507b9d7918a42,4dd507b9d7918a42,1,success,186,,checkpoints/rgb_only_rerun/batch/libero_object_task8/act_n20.pt,20,1
libero_object_task8,libero_object,8,40,0,5f217b5f2d887d0c,5f217b5f2d887d0c,1,success,137,,checkpoints/rgb_only_rerun/batch/libero_object_task8/act_n40.pt,20,1
libero_object_task8,libero_object,8,40,0,66cc2d6013a87609,66cc2d6013a87609,1,success,143,,checkpoints/rgb_only_rerun/batch/libero_object_task8/act_n40.pt,20,1
libero_object_task8,libero_object,8,40,0,67586ccf70a4c4eb,67586ccf70a4c4eb,0,fail,280,,checkpoints/rgb_only_rerun/batch/libero_object_task8/act_n40.pt,20,1
libero_object_task8,libero_object,8,40,0,9843545f4368241c,9843545f4368241c,0,fail,280,,checkpoints/rgb_only_rerun/batch/libero_object_task8/act_n40.pt,20,1
libero_object_task8,libero_object,8,40,0,972f748dc2d2296d,972f748dc2d2296d,1,success,153,,checkpoints/rgb_only_rerun/batch/libero_object_task8/act_n40.pt,20,1
libero_object_task8,libero_object,8,40,0,fa726e306a70a636,fa726e306a70a636,0,fail,280,,checkpoints/rgb_only_rerun/batch/libero_object_task8/act_n40.pt,20,1
libero_object_task8,libero_object,8,40,0,8a9e3a2e85d51051,8a9e3a2e85d51051,1,success,194,,checkpoints/rgb_only_rerun/batch/libero_object_task8/act_n40.pt,20,1
libero_object_task8,libero_object,8,40,0,90c4a568d1f8d8a6,90c4a568d1f8d8a6,1,success,196,,checkpoints/rgb_only_rerun/batch/libero_object_task8/act_n40.pt,20,1
libero_object_task8,libero_object,8,40,0,7d669a5216dc8e88,7d669a5216dc8e88,1,success,138,,checkpoints/rgb_only_rerun/batch/libero_object_task8/act_n40.pt,20,1
libero_object_task8,libero_object,8,40,0,234b6103667d79fd,234b6103667d79fd,1,success,136,,checkpoints/rgb_only_rerun/batch/libero_object_task8/act_n40.pt,20,1
libero_object_task8,libero_object,8,40,0,2f4e6c5a6315f321,2f4e6c5a6315f321,0,fail,280,,checkpoints/rgb_only_rerun/batch/libero_object_task8/act_n40.pt,20,1
libero_object_task8,libero_object,8,40,0,9e500f4863e7b459,9e500f4863e7b459,1,success,191,,checkpoints/rgb_only_rerun/batch/libero_object_task8/act_n40.pt,20,1
libero_object_task8,libero_object,8,40,0,1ee2be7d2acedf62,1ee2be7d2acedf62,1,success,202,,checkpoints/rgb_only_rerun/batch/libero_object_task8/act_n40.pt,20,1
libero_object_task8,libero_object,8,40,0,d7035d37aa3946e9,d7035d37aa3946e9,1,success,154,,checkpoints/rgb_only_rerun/batch/libero_object_task8/act_n40.pt,20,1
libero_object_task8,libero_object,8,40,0,ef24fb3fbabd6214,ef24fb3fbabd6214,0,fail,280,,checkpoints/rgb_only_rerun/batch/libero_object_task8/act_n40.pt,20,1
libero_object_task8,libero_object,8,40,0,4cafb12ae6ecc27e,4cafb12ae6ecc27e,0,fail,280,,checkpoints/rgb_only_rerun/batch/libero_object_task8/act_n40.pt,20,1
libero_object_task8,libero_object,8,40,0,23c12f6e886ed79c,23c12f6e886ed79c,1,success,145,,checkpoints/rgb_only_rerun/batch/libero_object_task8/act_n40.pt,20,1
libero_object_task8,libero_object,8,40,0,3a242112b5667863,3a242112b5667863,0,fail,280,,checkpoints/rgb_only_rerun/batch/libero_object_task8/act_n40.pt,20,1
libero_object_task8,libero_object,8,40,0,da1d3d21e47265b2,da1d3d21e47265b2,1,success,136,,checkpoints/rgb_only_rerun/batch/libero_object_task8/act_n40.pt,20,1
libero_object_task8,libero_object,8,40,0,4dd507b9d7918a42,4dd507b9d7918a42,1,success,145,,checkpoints/rgb_only_rerun/batch/libero_object_task8/act_n40.pt,20,1
libero_object_task8,libero_object,8,80,0,5f217b5f2d887d0c,5f217b5f2d887d0c,1,success,137,,checkpoints/rgb_only_rerun/batch/libero_object_task8/act_n80.pt,20,1
libero_object_task8,libero_object,8,80,0,66cc2d6013a87609,66cc2d6013a87609,1,success,137,,checkpoints/rgb_only_rerun/batch/libero_object_task8/act_n80.pt,20,1
libero_object_task8,libero_object,8,80,0,67586ccf70a4c4eb,67586ccf70a4c4eb,1,success,147,,checkpoints/rgb_only_rerun/batch/libero_object_task8/act_n80.pt,20,1
libero_object_task8,libero_object,8,80,0,9843545f4368241c,9843545f4368241c,1,success,153,,checkpoints/rgb_only_rerun/batch/libero_object_task8/act_n80.pt,20,1
libero_object_task8,libero_object,8,80,0,972f748dc2d2296d,972f748dc2d2296d,1,success,146,,checkpoints/rgb_only_rerun/batch/libero_object_task8/act_n80.pt,20,1
libero_object_task8,libero_object,8,80,0,fa726e306a70a636,fa726e306a70a636,1,success,136,,checkpoints/rgb_only_rerun/batch/libero_object_task8/act_n80.pt,20,1
libero_object_task8,libero_object,8,80,0,8a9e3a2e85d51051,8a9e3a2e85d51051,1,success,148,,checkpoints/rgb_only_rerun/batch/libero_object_task8/act_n80.pt,20,1
libero_object_task8,libero_object,8,80,0,90c4a568d1f8d8a6,90c4a568d1f8d8a6,1,success,138,,checkpoints/rgb_only_rerun/batch/libero_object_task8/act_n80.pt,20,1
libero_object_task8,libero_object,8,80,0,7d669a5216dc8e88,7d669a5216dc8e88,1,success,138,,checkpoints/rgb_only_rerun/batch/libero_object_task8/act_n80.pt,20,1
libero_object_task8,libero_object,8,80,0,234b6103667d79fd,234b6103667d79fd,1,success,139,,checkpoints/rgb_only_rerun/batch/libero_object_task8/act_n80.pt,20,1
libero_object_task8,libero_object,8,80,0,2f4e6c5a6315f321,2f4e6c5a6315f321,1,success,137,,checkpoints/rgb_only_rerun/batch/libero_object_task8/act_n80.pt,20,1
libero_object_task8,libero_object,8,80,0,9e500f4863e7b459,9e500f4863e7b459,1,success,140,,checkpoints/rgb_only_rerun/batch/libero_object_task8/act_n80.pt,20,1
libero_object_task8,libero_object,8,80,0,1ee2be7d2acedf62,1ee2be7d2acedf62,1,success,138,,checkpoints/rgb_only_rerun/batch/libero_object_task8/act_n80.pt,20,1
libero_object_task8,libero_object,8,80,0,d7035d37aa3946e9,d7035d37aa3946e9,1,success,153,,checkpoints/rgb_only_rerun/batch/libero_object_task8/act_n80.pt,20,1
libero_object_task8,libero_object,8,80,0,ef24fb3fbabd6214,ef24fb3fbabd6214,1,success,146,,checkpoints/rgb_only_rerun/batch/libero_object_task8/act_n80.pt,20,1
libero_object_task8,libero_object,8,80,0,4cafb12ae6ecc27e,4cafb12ae6ecc27e,1,success,136,,checkpoints/rgb_only_rerun/batch/libero_object_task8/act_n80.pt,20,1
libero_object_task8,libero_object,8,80,0,23c12f6e886ed79c,23c12f6e886ed79c,1,success,137,,checkpoints/rgb_only_rerun/batch/libero_object_task8/act_n80.pt,20,1
libero_object_task8,libero_object,8,80,0,3a242112b5667863,3a242112b5667863,1,success,138,,checkpoints/rgb_only_rerun/batch/libero_object_task8/act_n80.pt,20,1
libero_object_task8,libero_object,8,80,0,da1d3d21e47265b2,da1d3d21e47265b2,1,success,138,,checkpoints/rgb_only_rerun/batch/libero_object_task8/act_n80.pt,20,1
libero_object_task8,libero_object,8,80,0,4dd507b9d7918a42,4dd507b9d7918a42,1,success,146,,checkpoints/rgb_only_rerun/batch/libero_object_task8/act_n80.pt,20,1
libero_object_task9,libero_object,9,10,0,235189872b1b5640,235189872b1b5640,1,success,112,,checkpoints/rgb_only_rerun/batch/libero_object_task9/act_n10.pt,20,1
libero_object_task9,libero_object,9,10,0,087d37652ee1dba4,087d37652ee1dba4,1,success,108,,checkpoints/rgb_only_rerun/batch/libero_object_task9/act_n10.pt,20,1
libero_object_task9,libero_object,9,10,0,f67916dba2b7e4cb,f67916dba2b7e4cb,1,success,115,,checkpoints/rgb_only_rerun/batch/libero_object_task9/act_n10.pt,20,1
libero_object_task9,libero_object,9,10,0,0d0bf0f36840cb1f,0d0bf0f36840cb1f,1,success,113,,checkpoints/rgb_only_rerun/batch/libero_object_task9/act_n10.pt,20,1
libero_object_task9,libero_object,9,10,0,dc4db6e234166f65,dc4db6e234166f65,1,success,112,,checkpoints/rgb_only_rerun/batch/libero_object_task9/act_n10.pt,20,1
libero_object_task9,libero_object,9,10,0,cc964d8688e0542e,cc964d8688e0542e,1,success,110,,checkpoints/rgb_only_rerun/batch/libero_object_task9/act_n10.pt,20,1
libero_object_task9,libero_object,9,10,0,ad6b464c89fbf899,ad6b464c89fbf899,0,fail,280,,checkpoints/rgb_only_rerun/batch/libero_object_task9/act_n10.pt,20,1
libero_object_task9,libero_object,9,10,0,8861e9ec481efc71,8861e9ec481efc71,1,success,110,,checkpoints/rgb_only_rerun/batch/libero_object_task9/act_n10.pt,20,1
libero_object_task9,libero_object,9,10,0,f159f1ad4e1d45a2,f159f1ad4e1d45a2,1,success,114,,checkpoints/rgb_only_rerun/batch/libero_object_task9/act_n10.pt,20,1
libero_object_task9,libero_object,9,10,0,f0cf6e36608c5fae,f0cf6e36608c5fae,1,success,110,,checkpoints/rgb_only_rerun/batch/libero_object_task9/act_n10.pt,20,1
libero_object_task9,libero_object,9,10,0,350210a55ecf0d3c,350210a55ecf0d3c,0,fail,280,,checkpoints/rgb_only_rerun/batch/libero_object_task9/act_n10.pt,20,1
libero_object_task9,libero_object,9,10,0,8cbe1b474b86526b,8cbe1b474b86526b,1,success,103,,checkpoints/rgb_only_rerun/batch/libero_object_task9/act_n10.pt,20,1
libero_object_task9,libero_object,9,10,0,a84289fbdebe49bf,a84289fbdebe49bf,1,success,110,,checkpoints/rgb_only_rerun/batch/libero_object_task9/act_n10.pt,20,1
libero_object_task9,libero_object,9,10,0,193465b44164c5a9,193465b44164c5a9,1,success,108,,checkpoints/rgb_only_rerun/batch/libero_object_task9/act_n10.pt,20,1
libero_object_task9,libero_object,9,10,0,b56599e7cdc3e759,b56599e7cdc3e759,1,success,114,,checkpoints/rgb_only_rerun/batch/libero_object_task9/act_n10.pt,20,1
libero_object_task9,libero_object,9,10,0,588a3f5c09f5e422,588a3f5c09f5e422,0,fail,280,,checkpoints/rgb_only_rerun/batch/libero_object_task9/act_n10.pt,20,1
libero_object_task9,libero_object,9,10,0,28c2f1df823b1354,28c2f1df823b1354,0,fail,280,,checkpoints/rgb_only_rerun/batch/libero_object_task9/act_n10.pt,20,1
libero_object_task9,libero_object,9,10,0,4e78f3e3a792e5c9,4e78f3e3a792e5c9,1,success,104,,checkpoints/rgb_only_rerun/batch/libero_object_task9/act_n10.pt,20,1
libero_object_task9,libero_object,9,10,0,68a2be37e7be5523,68a2be37e7be5523,1,success,113,,checkpoints/rgb_only_rerun/batch/libero_object_task9/act_n10.pt,20,1
libero_object_task9,libero_object,9,10,0,b4653fdfdea41af5,b4653fdfdea41af5,1,success,108,,checkpoints/rgb_only_rerun/batch/libero_object_task9/act_n10.pt,20,1
libero_object_task9,libero_object,9,20,0,235189872b1b5640,235189872b1b5640,1,success,118,,checkpoints/rgb_only_rerun/batch/libero_object_task9/act_n20.pt,20,1
libero_object_task9,libero_object,9,20,0,087d37652ee1dba4,087d37652ee1dba4,1,success,110,,checkpoints/rgb_only_rerun/batch/libero_object_task9/act_n20.pt,20,1
libero_object_task9,libero_object,9,20,0,f67916dba2b7e4cb,f67916dba2b7e4cb,1,success,111,,checkpoints/rgb_only_rerun/batch/libero_object_task9/act_n20.pt,20,1
libero_object_task9,libero_object,9,20,0,0d0bf0f36840cb1f,0d0bf0f36840cb1f,1,success,115,,checkpoints/rgb_only_rerun/batch/libero_object_task9/act_n20.pt,20,1
libero_object_task9,libero_object,9,20,0,dc4db6e234166f65,dc4db6e234166f65,1,success,116,,checkpoints/rgb_only_rerun/batch/libero_object_task9/act_n20.pt,20,1
libero_object_task9,libero_object,9,20,0,cc964d8688e0542e,cc964d8688e0542e,1,success,115,,checkpoints/rgb_only_rerun/batch/libero_object_task9/act_n20.pt,20,1
libero_object_task9,libero_object,9,20,0,ad6b464c89fbf899,ad6b464c89fbf899,1,success,109,,checkpoints/rgb_only_rerun/batch/libero_object_task9/act_n20.pt,20,1
libero_object_task9,libero_object,9,20,0,8861e9ec481efc71,8861e9ec481efc71,1,success,119,,checkpoints/rgb_only_rerun/batch/libero_object_task9/act_n20.pt,20,1
libero_object_task9,libero_object,9,20,0,f159f1ad4e1d45a2,f159f1ad4e1d45a2,1,success,117,,checkpoints/rgb_only_rerun/batch/libero_object_task9/act_n20.pt,20,1
libero_object_task9,libero_object,9,20,0,f0cf6e36608c5fae,f0cf6e36608c5fae,1,success,113,,checkpoints/rgb_only_rerun/batch/libero_object_task9/act_n20.pt,20,1
libero_object_task9,libero_object,9,20,0,350210a55ecf0d3c,350210a55ecf0d3c,1,success,119,,checkpoints/rgb_only_rerun/batch/libero_object_task9/act_n20.pt,20,1
libero_object_task9,libero_object,9,20,0,8cbe1b474b86526b,8cbe1b474b86526b,1,success,115,,checkpoints/rgb_only_rerun/batch/libero_object_task9/act_n20.pt,20,1
libero_object_task9,libero_object,9,20,0,a84289fbdebe49bf,a84289fbdebe49bf,0,fail,280,,checkpoints/rgb_only_rerun/batch/libero_object_task9/act_n20.pt,20,1
libero_object_task9,libero_object,9,20,0,193465b44164c5a9,193465b44164c5a9,1,success,112,,checkpoints/rgb_only_rerun/batch/libero_object_task9/act_n20.pt,20,1
libero_object_task9,libero_object,9,20,0,b56599e7cdc3e759,b56599e7cdc3e759,1,success,120,,checkpoints/rgb_only_rerun/batch/libero_object_task9/act_n20.pt,20,1
libero_object_task9,libero_object,9,20,0,588a3f5c09f5e422,588a3f5c09f5e422,0,fail,280,,checkpoints/rgb_only_rerun/batch/libero_object_task9/act_n20.pt,20,1
libero_object_task9,libero_object,9,20,0,28c2f1df823b1354,28c2f1df823b1354,1,success,113,,checkpoints/rgb_only_rerun/batch/libero_object_task9/act_n20.pt,20,1
libero_object_task9,libero_object,9,20,0,4e78f3e3a792e5c9,4e78f3e3a792e5c9,1,success,113,,checkpoints/rgb_only_rerun/batch/libero_object_task9/act_n20.pt,20,1
libero_object_task9,libero_object,9,20,0,68a2be37e7be5523,68a2be37e7be5523,1,success,118,,checkpoints/rgb_only_rerun/batch/libero_object_task9/act_n20.pt,20,1
libero_object_task9,libero_object,9,20,0,b4653fdfdea41af5,b4653fdfdea41af5,1,success,113,,checkpoints/rgb_only_rerun/batch/libero_object_task9/act_n20.pt,20,1
libero_object_task9,libero_object,9,40,0,235189872b1b5640,235189872b1b5640,1,success,115,,checkpoints/rgb_only_rerun/batch/libero_object_task9/act_n40.pt,20,1
libero_object_task9,libero_object,9,40,0,087d37652ee1dba4,087d37652ee1dba4,1,success,110,,checkpoints/rgb_only_rerun/batch/libero_object_task9/act_n40.pt,20,1
libero_object_task9,libero_object,9,40,0,f67916dba2b7e4cb,f67916dba2b7e4cb,1,success,111,,checkpoints/rgb_only_rerun/batch/libero_object_task9/act_n40.pt,20,1
libero_object_task9,libero_object,9,40,0,0d0bf0f36840cb1f,0d0bf0f36840cb1f,1,success,116,,checkpoints/rgb_only_rerun/batch/libero_object_task9/act_n40.pt,20,1
libero_object_task9,libero_object,9,40,0,dc4db6e234166f65,dc4db6e234166f65,1,success,115,,checkpoints/rgb_only_rerun/batch/libero_object_task9/act_n40.pt,20,1
libero_object_task9,libero_object,9,40,0,cc964d8688e0542e,cc964d8688e0542e,1,success,115,,checkpoints/rgb_only_rerun/batch/libero_object_task9/act_n40.pt,20,1
libero_object_task9,libero_object,9,40,0,ad6b464c89fbf899,ad6b464c89fbf899,0,fail,280,,checkpoints/rgb_only_rerun/batch/libero_object_task9/act_n40.pt,20,1
libero_object_task9,libero_object,9,40,0,8861e9ec481efc71,8861e9ec481efc71,0,fail,280,,checkpoints/rgb_only_rerun/batch/libero_object_task9/act_n40.pt,20,1
libero_object_task9,libero_object,9,40,0,f159f1ad4e1d45a2,f159f1ad4e1d45a2,1,success,117,,checkpoints/rgb_only_rerun/batch/libero_object_task9/act_n40.pt,20,1
libero_object_task9,libero_object,9,40,0,f0cf6e36608c5fae,f0cf6e36608c5fae,1,success,110,,checkpoints/rgb_only_rerun/batch/libero_object_task9/act_n40.pt,20,1
libero_object_task9,libero_object,9,40,0,350210a55ecf0d3c,350210a55ecf0d3c,1,success,116,,checkpoints/rgb_only_rerun/batch/libero_object_task9/act_n40.pt,20,1
libero_object_task9,libero_object,9,40,0,8cbe1b474b86526b,8cbe1b474b86526b,1,success,116,,checkpoints/rgb_only_rerun/batch/libero_object_task9/act_n40.pt,20,1
libero_object_task9,libero_object,9,40,0,a84289fbdebe49bf,a84289fbdebe49bf,1,success,192,,checkpoints/rgb_only_rerun/batch/libero_object_task9/act_n40.pt,20,1
libero_object_task9,libero_object,9,40,0,193465b44164c5a9,193465b44164c5a9,1,success,116,,checkpoints/rgb_only_rerun/batch/libero_object_task9/act_n40.pt,20,1
libero_object_task9,libero_object,9,40,0,b56599e7cdc3e759,b56599e7cdc3e759,1,success,118,,checkpoints/rgb_only_rerun/batch/libero_object_task9/act_n40.pt,20,1
libero_object_task9,libero_object,9,40,0,588a3f5c09f5e422,588a3f5c09f5e422,0,fail,280,,checkpoints/rgb_only_rerun/batch/libero_object_task9/act_n40.pt,20,1
libero_object_task9,libero_object,9,40,0,28c2f1df823b1354,28c2f1df823b1354,0,fail,280,,checkpoints/rgb_only_rerun/batch/libero_object_task9/act_n40.pt,20,1
libero_object_task9,libero_object,9,40,0,4e78f3e3a792e5c9,4e78f3e3a792e5c9,0,fail,280,,checkpoints/rgb_only_rerun/batch/libero_object_task9/act_n40.pt,20,1
libero_object_task9,libero_object,9,40,0,68a2be37e7be5523,68a2be37e7be5523,1,success,123,,checkpoints/rgb_only_rerun/batch/libero_object_task9/act_n40.pt,20,1
libero_object_task9,libero_object,9,40,0,b4653fdfdea41af5,b4653fdfdea41af5,1,success,112,,checkpoints/rgb_only_rerun/batch/libero_object_task9/act_n40.pt,20,1
libero_object_task9,libero_object,9,80,0,235189872b1b5640,235189872b1b5640,1,success,117,,checkpoints/rgb_only_rerun/batch/libero_object_task9/act_n80.pt,20,1
libero_object_task9,libero_object,9,80,0,087d37652ee1dba4,087d37652ee1dba4,1,success,112,,checkpoints/rgb_only_rerun/batch/libero_object_task9/act_n80.pt,20,1
libero_object_task9,libero_object,9,80,0,f67916dba2b7e4cb,f67916dba2b7e4cb,1,success,115,,checkpoints/rgb_only_rerun/batch/libero_object_task9/act_n80.pt,20,1
libero_object_task9,libero_object,9,80,0,0d0bf0f36840cb1f,0d0bf0f36840cb1f,1,success,118,,checkpoints/rgb_only_rerun/batch/libero_object_task9/act_n80.pt,20,1
libero_object_task9,libero_object,9,80,0,dc4db6e234166f65,dc4db6e234166f65,1,success,116,,checkpoints/rgb_only_rerun/batch/libero_object_task9/act_n80.pt,20,1
libero_object_task9,libero_object,9,80,0,cc964d8688e0542e,cc964d8688e0542e,1,success,134,,checkpoints/rgb_only_rerun/batch/libero_object_task9/act_n80.pt,20,1
libero_object_task9,libero_object,9,80,0,ad6b464c89fbf899,ad6b464c89fbf899,0,fail,280,,checkpoints/rgb_only_rerun/batch/libero_object_task9/act_n80.pt,20,1
libero_object_task9,libero_object,9,80,0,8861e9ec481efc71,8861e9ec481efc71,1,success,115,,checkpoints/rgb_only_rerun/batch/libero_object_task9/act_n80.pt,20,1
libero_object_task9,libero_object,9,80,0,f159f1ad4e1d45a2,f159f1ad4e1d45a2,1,success,128,,checkpoints/rgb_only_rerun/batch/libero_object_task9/act_n80.pt,20,1
libero_object_task9,libero_object,9,80,0,f0cf6e36608c5fae,f0cf6e36608c5fae,1,success,123,,checkpoints/rgb_only_rerun/batch/libero_object_task9/act_n80.pt,20,1
libero_object_task9,libero_object,9,80,0,350210a55ecf0d3c,350210a55ecf0d3c,1,success,191,,checkpoints/rgb_only_rerun/batch/libero_object_task9/act_n80.pt,20,1
libero_object_task9,libero_object,9,80,0,8cbe1b474b86526b,8cbe1b474b86526b,1,success,115,,checkpoints/rgb_only_rerun/batch/libero_object_task9/act_n80.pt,20,1
libero_object_task9,libero_object,9,80,0,a84289fbdebe49bf,a84289fbdebe49bf,1,success,115,,checkpoints/rgb_only_rerun/batch/libero_object_task9/act_n80.pt,20,1
libero_object_task9,libero_object,9,80,0,193465b44164c5a9,193465b44164c5a9,1,success,117,,checkpoints/rgb_only_rerun/batch/libero_object_task9/act_n80.pt,20,1
libero_object_task9,libero_object,9,80,0,b56599e7cdc3e759,b56599e7cdc3e759,1,success,122,,checkpoints/rgb_only_rerun/batch/libero_object_task9/act_n80.pt,20,1
libero_object_task9,libero_object,9,80,0,588a3f5c09f5e422,588a3f5c09f5e422,1,success,168,,checkpoints/rgb_only_rerun/batch/libero_object_task9/act_n80.pt,20,1
libero_object_task9,libero_object,9,80,0,28c2f1df823b1354,28c2f1df823b1354,1,success,115,,checkpoints/rgb_only_rerun/batch/libero_object_task9/act_n80.pt,20,1
libero_object_task9,libero_object,9,80,0,4e78f3e3a792e5c9,4e78f3e3a792e5c9,1,success,109,,checkpoints/rgb_only_rerun/batch/libero_object_task9/act_n80.pt,20,1
libero_object_task9,libero_object,9,80,0,68a2be37e7be5523,68a2be37e7be5523,1,success,127,,checkpoints/rgb_only_rerun/batch/libero_object_task9/act_n80.pt,20,1
libero_object_task9,libero_object,9,80,0,b4653fdfdea41af5,b4653fdfdea41af5,1,success,117,,checkpoints/rgb_only_rerun/batch/libero_object_task9/act_n80.pt,20,1
libero_goal_task0,libero_goal,0,10,0,f1b9bd6439acbb4a,f1b9bd6439acbb4a,0,fail,300,,checkpoints/rgb_only_rerun/batch/libero_goal_task0/act_n10.pt,20,1
libero_goal_task0,libero_goal,0,10,0,6059383d5010e870,6059383d5010e870,0,fail,300,,checkpoints/rgb_only_rerun/batch/libero_goal_task0/act_n10.pt,20,1
libero_goal_task0,libero_goal,0,10,0,7ad84fa94e53420c,7ad84fa94e53420c,0,fail,300,,checkpoints/rgb_only_rerun/batch/libero_goal_task0/act_n10.pt,20,1
libero_goal_task0,libero_goal,0,10,0,4a3f26c6c12c76ce,4a3f26c6c12c76ce,0,fail,300,,checkpoints/rgb_only_rerun/batch/libero_goal_task0/act_n10.pt,20,1
libero_goal_task0,libero_goal,0,10,0,d50ecc1b2b17744f,d50ecc1b2b17744f,0,fail,300,,checkpoints/rgb_only_rerun/batch/libero_goal_task0/act_n10.pt,20,1
libero_goal_task0,libero_goal,0,10,0,64c09134c22869e6,64c09134c22869e6,0,fail,300,,checkpoints/rgb_only_rerun/batch/libero_goal_task0/act_n10.pt,20,1
libero_goal_task0,libero_goal,0,10,0,ebe85492a0ad6685,ebe85492a0ad6685,0,fail,300,,checkpoints/rgb_only_rerun/batch/libero_goal_task0/act_n10.pt,20,1
libero_goal_task0,libero_goal,0,10,0,28d942233076eeea,28d942233076eeea,0,fail,300,,checkpoints/rgb_only_rerun/batch/libero_goal_task0/act_n10.pt,20,1
libero_goal_task0,libero_goal,0,10,0,b78beb2f770ed672,b78beb2f770ed672,0,fail,300,,checkpoints/rgb_only_rerun/batch/libero_goal_task0/act_n10.pt,20,1
libero_goal_task0,libero_goal,0,10,0,7bc80264b66c323e,7bc80264b66c323e,0,fail,300,,checkpoints/rgb_only_rerun/batch/libero_goal_task0/act_n10.pt,20,1
libero_goal_task0,libero_goal,0,10,0,706d2bc70dd7d05c,706d2bc70dd7d05c,0,fail,300,,checkpoints/rgb_only_rerun/batch/libero_goal_task0/act_n10.pt,20,1
libero_goal_task0,libero_goal,0,10,0,db1fe438d42215a6,db1fe438d42215a6,0,fail,300,,checkpoints/rgb_only_rerun/batch/libero_goal_task0/act_n10.pt,20,1
libero_goal_task0,libero_goal,0,10,0,51452c8f8d41bb7e,51452c8f8d41bb7e,0,fail,300,,checkpoints/rgb_only_rerun/batch/libero_goal_task0/act_n10.pt,20,1
libero_goal_task0,libero_goal,0,10,0,a8cee29f0cd6a33c,a8cee29f0cd6a33c,0,fail,300,,checkpoints/rgb_only_rerun/batch/libero_goal_task0/act_n10.pt,20,1
libero_goal_task0,libero_goal,0,10,0,80f6f48dadc3ad65,80f6f48dadc3ad65,0,fail,300,,checkpoints/rgb_only_rerun/batch/libero_goal_task0/act_n10.pt,20,1
libero_goal_task0,libero_goal,0,10,0,d233ddca3c2f41c6,d233ddca3c2f41c6,0,fail,300,,checkpoints/rgb_only_rerun/batch/libero_goal_task0/act_n10.pt,20,1
libero_goal_task0,libero_goal,0,10,0,e4b463b5b1bcba09,e4b463b5b1bcba09,0,fail,300,,checkpoints/rgb_only_rerun/batch/libero_goal_task0/act_n10.pt,20,1
libero_goal_task0,libero_goal,0,10,0,3e891f257970d515,3e891f257970d515,0,fail,300,,checkpoints/rgb_only_rerun/batch/libero_goal_task0/act_n10.pt,20,1
libero_goal_task0,libero_goal,0,10,0,7f070e8a0b0654c7,7f070e8a0b0654c7,0,fail,300,,checkpoints/rgb_only_rerun/batch/libero_goal_task0/act_n10.pt,20,1
libero_goal_task0,libero_goal,0,10,0,4d88813cefd0cbb8,4d88813cefd0cbb8,0,fail,300,,checkpoints/rgb_only_rerun/batch/libero_goal_task0/act_n10.pt,20,1
libero_goal_task0,libero_goal,0,20,0,f1b9bd6439acbb4a,f1b9bd6439acbb4a,1,success,161,,checkpoints/rgb_only_rerun/batch/libero_goal_task0/act_n20.pt,20,1
libero_goal_task0,libero_goal,0,20,0,6059383d5010e870,6059383d5010e870,0,fail,300,,checkpoints/rgb_only_rerun/batch/libero_goal_task0/act_n20.pt,20,1
libero_goal_task0,libero_goal,0,20,0,7ad84fa94e53420c,7ad84fa94e53420c,1,success,145,,checkpoints/rgb_only_rerun/batch/libero_goal_task0/act_n20.pt,20,1
libero_goal_task0,libero_goal,0,20,0,4a3f26c6c12c76ce,4a3f26c6c12c76ce,0,fail,300,,checkpoints/rgb_only_rerun/batch/libero_goal_task0/act_n20.pt,20,1
libero_goal_task0,libero_goal,0,20,0,d50ecc1b2b17744f,d50ecc1b2b17744f,0,fail,300,,checkpoints/rgb_only_rerun/batch/libero_goal_task0/act_n20.pt,20,1
libero_goal_task0,libero_goal,0,20,0,64c09134c22869e6,64c09134c22869e6,0,fail,300,,checkpoints/rgb_only_rerun/batch/libero_goal_task0/act_n20.pt,20,1
libero_goal_task0,libero_goal,0,20,0,ebe85492a0ad6685,ebe85492a0ad6685,1,success,169,,checkpoints/rgb_only_rerun/batch/libero_goal_task0/act_n20.pt,20,1
libero_goal_task0,libero_goal,0,20,0,28d942233076eeea,28d942233076eeea,1,success,249,,checkpoints/rgb_only_rerun/batch/libero_goal_task0/act_n20.pt,20,1
libero_goal_task0,libero_goal,0,20,0,b78beb2f770ed672,b78beb2f770ed672,1,success,175,,checkpoints/rgb_only_rerun/batch/libero_goal_task0/act_n20.pt,20,1
libero_goal_task0,libero_goal,0,20,0,7bc80264b66c323e,7bc80264b66c323e,0,fail,300,,checkpoints/rgb_only_rerun/batch/libero_goal_task0/act_n20.pt,20,1
libero_goal_task0,libero_goal,0,20,0,706d2bc70dd7d05c,706d2bc70dd7d05c,1,success,167,,checkpoints/rgb_only_rerun/batch/libero_goal_task0/act_n20.pt,20,1
libero_goal_task0,libero_goal,0,20,0,db1fe438d42215a6,db1fe438d42215a6,0,fail,300,,checkpoints/rgb_only_rerun/batch/libero_goal_task0/act_n20.pt,20,1
libero_goal_task0,libero_goal,0,20,0,51452c8f8d41bb7e,51452c8f8d41bb7e,1,success,157,,checkpoints/rgb_only_rerun/batch/libero_goal_task0/act_n20.pt,20,1
libero_goal_task0,libero_goal,0,20,0,a8cee29f0cd6a33c,a8cee29f0cd6a33c,0,fail,300,,checkpoints/rgb_only_rerun/batch/libero_goal_task0/act_n20.pt,20,1
libero_goal_task0,libero_goal,0,20,0,80f6f48dadc3ad65,80f6f48dadc3ad65,0,fail,300,,checkpoints/rgb_only_rerun/batch/libero_goal_task0/act_n20.pt,20,1
libero_goal_task0,libero_goal,0,20,0,d233ddca3c2f41c6,d233ddca3c2f41c6,0,fail,300,,checkpoints/rgb_only_rerun/batch/libero_goal_task0/act_n20.pt,20,1
libero_goal_task0,libero_goal,0,20,0,e4b463b5b1bcba09,e4b463b5b1bcba09,0,fail,300,,checkpoints/rgb_only_rerun/batch/libero_goal_task0/act_n20.pt,20,1
libero_goal_task0,libero_goal,0,20,0,3e891f257970d515,3e891f257970d515,1,success,137,,checkpoints/rgb_only_rerun/batch/libero_goal_task0/act_n20.pt,20,1
libero_goal_task0,libero_goal,0,20,0,7f070e8a0b0654c7,7f070e8a0b0654c7,0,fail,300,,checkpoints/rgb_only_rerun/batch/libero_goal_task0/act_n20.pt,20,1
libero_goal_task0,libero_goal,0,20,0,4d88813cefd0cbb8,4d88813cefd0cbb8,0,fail,300,,checkpoints/rgb_only_rerun/batch/libero_goal_task0/act_n20.pt,20,1
libero_goal_task0,libero_goal,0,40,0,f1b9bd6439acbb4a,f1b9bd6439acbb4a,1,success,143,,checkpoints/rgb_only_rerun/batch/libero_goal_task0/act_n40.pt,20,1
libero_goal_task0,libero_goal,0,40,0,6059383d5010e870,6059383d5010e870,1,success,158,,checkpoints/rgb_only_rerun/batch/libero_goal_task0/act_n40.pt,20,1
libero_goal_task0,libero_goal,0,40,0,7ad84fa94e53420c,7ad84fa94e53420c,1,success,126,,checkpoints/rgb_only_rerun/batch/libero_goal_task0/act_n40.pt,20,1
libero_goal_task0,libero_goal,0,40,0,4a3f26c6c12c76ce,4a3f26c6c12c76ce,0,fail,300,,checkpoints/rgb_only_rerun/batch/libero_goal_task0/act_n40.pt,20,1
libero_goal_task0,libero_goal,0,40,0,d50ecc1b2b17744f,d50ecc1b2b17744f,1,success,197,,checkpoints/rgb_only_rerun/batch/libero_goal_task0/act_n40.pt,20,1
libero_goal_task0,libero_goal,0,40,0,64c09134c22869e6,64c09134c22869e6,1,success,142,,checkpoints/rgb_only_rerun/batch/libero_goal_task0/act_n40.pt,20,1
libero_goal_task0,libero_goal,0,40,0,ebe85492a0ad6685,ebe85492a0ad6685,1,success,160,,checkpoints/rgb_only_rerun/batch/libero_goal_task0/act_n40.pt,20,1
libero_goal_task0,libero_goal,0,40,0,28d942233076eeea,28d942233076eeea,1,success,151,,checkpoints/rgb_only_rerun/batch/libero_goal_task0/act_n40.pt,20,1
libero_goal_task0,libero_goal,0,40,0,b78beb2f770ed672,b78beb2f770ed672,1,success,142,,checkpoints/rgb_only_rerun/batch/libero_goal_task0/act_n40.pt,20,1
libero_goal_task0,libero_goal,0,40,0,7bc80264b66c323e,7bc80264b66c323e,1,success,228,,checkpoints/rgb_only_rerun/batch/libero_goal_task0/act_n40.pt,20,1
libero_goal_task0,libero_goal,0,40,0,706d2bc70dd7d05c,706d2bc70dd7d05c,1,success,142,,checkpoints/rgb_only_rerun/batch/libero_goal_task0/act_n40.pt,20,1
libero_goal_task0,libero_goal,0,40,0,db1fe438d42215a6,db1fe438d42215a6,1,success,191,,checkpoints/rgb_only_rerun/batch/libero_goal_task0/act_n40.pt,20,1
libero_goal_task0,libero_goal,0,40,0,51452c8f8d41bb7e,51452c8f8d41bb7e,1,success,125,,checkpoints/rgb_only_rerun/batch/libero_goal_task0/act_n40.pt,20,1
libero_goal_task0,libero_goal,0,40,0,a8cee29f0cd6a33c,a8cee29f0cd6a33c,1,success,194,,checkpoints/rgb_only_rerun/batch/libero_goal_task0/act_n40.pt,20,1
libero_goal_task0,libero_goal,0,40,0,80f6f48dadc3ad65,80f6f48dadc3ad65,0,fail,300,,checkpoints/rgb_only_rerun/batch/libero_goal_task0/act_n40.pt,20,1
libero_goal_task0,libero_goal,0,40,0,d233ddca3c2f41c6,d233ddca3c2f41c6,0,fail,300,,checkpoints/rgb_only_rerun/batch/libero_goal_task0/act_n40.pt,20,1
libero_goal_task0,libero_goal,0,40,0,e4b463b5b1bcba09,e4b463b5b1bcba09,1,success,180,,checkpoints/rgb_only_rerun/batch/libero_goal_task0/act_n40.pt,20,1
libero_goal_task0,libero_goal,0,40,0,3e891f257970d515,3e891f257970d515,1,success,117,,checkpoints/rgb_only_rerun/batch/libero_goal_task0/act_n40.pt,20,1
libero_goal_task0,libero_goal,0,40,0,7f070e8a0b0654c7,7f070e8a0b0654c7,0,fail,300,,checkpoints/rgb_only_rerun/batch/libero_goal_task0/act_n40.pt,20,1
libero_goal_task0,libero_goal,0,40,0,4d88813cefd0cbb8,4d88813cefd0cbb8,1,success,237,,checkpoints/rgb_only_rerun/batch/libero_goal_task0/act_n40.pt,20,1
libero_goal_task0,libero_goal,0,80,0,f1b9bd6439acbb4a,f1b9bd6439acbb4a,1,success,129,,checkpoints/rgb_only_rerun/batch/libero_goal_task0/act_n80.pt,20,1
libero_goal_task0,libero_goal,0,80,0,6059383d5010e870,6059383d5010e870,1,success,170,,checkpoints/rgb_only_rerun/batch/libero_goal_task0/act_n80.pt,20,1
libero_goal_task0,libero_goal,0,80,0,7ad84fa94e53420c,7ad84fa94e53420c,1,success,122,,checkpoints/rgb_only_rerun/batch/libero_goal_task0/act_n80.pt,20,1
libero_goal_task0,libero_goal,0,80,0,4a3f26c6c12c76ce,4a3f26c6c12c76ce,0,fail,300,,checkpoints/rgb_only_rerun/batch/libero_goal_task0/act_n80.pt,20,1
libero_goal_task0,libero_goal,0,80,0,d50ecc1b2b17744f,d50ecc1b2b17744f,1,success,298,,checkpoints/rgb_only_rerun/batch/libero_goal_task0/act_n80.pt,20,1
libero_goal_task0,libero_goal,0,80,0,64c09134c22869e6,64c09134c22869e6,1,success,128,,checkpoints/rgb_only_rerun/batch/libero_goal_task0/act_n80.pt,20,1
libero_goal_task0,libero_goal,0,80,0,ebe85492a0ad6685,ebe85492a0ad6685,1,success,137,,checkpoints/rgb_only_rerun/batch/libero_goal_task0/act_n80.pt,20,1
libero_goal_task0,libero_goal,0,80,0,28d942233076eeea,28d942233076eeea,1,success,137,,checkpoints/rgb_only_rerun/batch/libero_goal_task0/act_n80.pt,20,1
libero_goal_task0,libero_goal,0,80,0,b78beb2f770ed672,b78beb2f770ed672,1,success,157,,checkpoints/rgb_only_rerun/batch/libero_goal_task0/act_n80.pt,20,1
libero_goal_task0,libero_goal,0,80,0,7bc80264b66c323e,7bc80264b66c323e,1,success,151,,checkpoints/rgb_only_rerun/batch/libero_goal_task0/act_n80.pt,20,1
libero_goal_task0,libero_goal,0,80,0,706d2bc70dd7d05c,706d2bc70dd7d05c,1,success,137,,checkpoints/rgb_only_rerun/batch/libero_goal_task0/act_n80.pt,20,1
libero_goal_task0,libero_goal,0,80,0,db1fe438d42215a6,db1fe438d42215a6,1,success,200,,checkpoints/rgb_only_rerun/batch/libero_goal_task0/act_n80.pt,20,1
libero_goal_task0,libero_goal,0,80,0,51452c8f8d41bb7e,51452c8f8d41bb7e,1,success,137,,checkpoints/rgb_only_rerun/batch/libero_goal_task0/act_n80.pt,20,1
libero_goal_task0,libero_goal,0,80,0,a8cee29f0cd6a33c,a8cee29f0cd6a33c,0,fail,300,,checkpoints/rgb_only_rerun/batch/libero_goal_task0/act_n80.pt,20,1
libero_goal_task0,libero_goal,0,80,0,80f6f48dadc3ad65,80f6f48dadc3ad65,0,fail,300,,checkpoints/rgb_only_rerun/batch/libero_goal_task0/act_n80.pt,20,1
libero_goal_task0,libero_goal,0,80,0,d233ddca3c2f41c6,d233ddca3c2f41c6,1,success,125,,checkpoints/rgb_only_rerun/batch/libero_goal_task0/act_n80.pt,20,1
libero_goal_task0,libero_goal,0,80,0,e4b463b5b1bcba09,e4b463b5b1bcba09,1,success,145,,checkpoints/rgb_only_rerun/batch/libero_goal_task0/act_n80.pt,20,1
libero_goal_task0,libero_goal,0,80,0,3e891f257970d515,3e891f257970d515,1,success,122,,checkpoints/rgb_only_rerun/batch/libero_goal_task0/act_n80.pt,20,1
libero_goal_task0,libero_goal,0,80,0,7f070e8a0b0654c7,7f070e8a0b0654c7,0,fail,300,,checkpoints/rgb_only_rerun/batch/libero_goal_task0/act_n80.pt,20,1
libero_goal_task0,libero_goal,0,80,0,4d88813cefd0cbb8,4d88813cefd0cbb8,1,success,176,,checkpoints/rgb_only_rerun/batch/libero_goal_task0/act_n80.pt,20,1
libero_goal_task1,libero_goal,1,10,0,acda933fe1623124,acda933fe1623124,1,success,93,,checkpoints/rgb_only_rerun/batch/libero_goal_task1/act_n10.pt,20,1
libero_goal_task1,libero_goal,1,10,0,420762fe0b0a4a6c,420762fe0b0a4a6c,1,success,85,,checkpoints/rgb_only_rerun/batch/libero_goal_task1/act_n10.pt,20,1
libero_goal_task1,libero_goal,1,10,0,dfe3682f728b26c1,dfe3682f728b26c1,1,success,83,,checkpoints/rgb_only_rerun/batch/libero_goal_task1/act_n10.pt,20,1
libero_goal_task1,libero_goal,1,10,0,80171cb1e1a86221,80171cb1e1a86221,1,success,84,,checkpoints/rgb_only_rerun/batch/libero_goal_task1/act_n10.pt,20,1
libero_goal_task1,libero_goal,1,10,0,e4c35124960aee3c,e4c35124960aee3c,1,success,92,,checkpoints/rgb_only_rerun/batch/libero_goal_task1/act_n10.pt,20,1
libero_goal_task1,libero_goal,1,10,0,4a9f060ed7ee4553,4a9f060ed7ee4553,1,success,108,,checkpoints/rgb_only_rerun/batch/libero_goal_task1/act_n10.pt,20,1
libero_goal_task1,libero_goal,1,10,0,f06961aa68928dcf,f06961aa68928dcf,0,fail,300,,checkpoints/rgb_only_rerun/batch/libero_goal_task1/act_n10.pt,20,1
libero_goal_task1,libero_goal,1,10,0,76a66980e1ca0e95,76a66980e1ca0e95,1,success,84,,checkpoints/rgb_only_rerun/batch/libero_goal_task1/act_n10.pt,20,1
libero_goal_task1,libero_goal,1,10,0,1686eb61850d2433,1686eb61850d2433,1,success,92,,checkpoints/rgb_only_rerun/batch/libero_goal_task1/act_n10.pt,20,1
libero_goal_task1,libero_goal,1,10,0,ca918a22697c7cb3,ca918a22697c7cb3,1,success,98,,checkpoints/rgb_only_rerun/batch/libero_goal_task1/act_n10.pt,20,1
libero_goal_task1,libero_goal,1,10,0,b4a0cfc1aba05693,b4a0cfc1aba05693,1,success,90,,checkpoints/rgb_only_rerun/batch/libero_goal_task1/act_n10.pt,20,1
libero_goal_task1,libero_goal,1,10,0,76b19784334e39f2,76b19784334e39f2,1,success,79,,checkpoints/rgb_only_rerun/batch/libero_goal_task1/act_n10.pt,20,1
libero_goal_task1,libero_goal,1,10,0,f5ea5978b97665c1,f5ea5978b97665c1,1,success,82,,checkpoints/rgb_only_rerun/batch/libero_goal_task1/act_n10.pt,20,1
libero_goal_task1,libero_goal,1,10,0,53616dae067295a2,53616dae067295a2,1,success,84,,checkpoints/rgb_only_rerun/batch/libero_goal_task1/act_n10.pt,20,1
libero_goal_task1,libero_goal,1,10,0,d839043c5619e85d,d839043c5619e85d,0,fail,300,,checkpoints/rgb_only_rerun/batch/libero_goal_task1/act_n10.pt,20,1
libero_goal_task1,libero_goal,1,10,0,8c7da201d69f0b57,8c7da201d69f0b57,1,success,97,,checkpoints/rgb_only_rerun/batch/libero_goal_task1/act_n10.pt,20,1
libero_goal_task1,libero_goal,1,10,0,23c3dc07fc5fa8c2,23c3dc07fc5fa8c2,0,fail,300,,checkpoints/rgb_only_rerun/batch/libero_goal_task1/act_n10.pt,20,1
libero_goal_task1,libero_goal,1,10,0,628139fb75fc1105,628139fb75fc1105,1,success,83,,checkpoints/rgb_only_rerun/batch/libero_goal_task1/act_n10.pt,20,1
libero_goal_task1,libero_goal,1,10,0,5608968a4b7de224,5608968a4b7de224,1,success,90,,checkpoints/rgb_only_rerun/batch/libero_goal_task1/act_n10.pt,20,1
libero_goal_task1,libero_goal,1,10,0,1f4f08da073a4cf0,1f4f08da073a4cf0,1,success,92,,checkpoints/rgb_only_rerun/batch/libero_goal_task1/act_n10.pt,20,1
libero_goal_task1,libero_goal,1,20,0,acda933fe1623124,acda933fe1623124,1,success,83,,checkpoints/rgb_only_rerun/batch/libero_goal_task1/act_n20.pt,20,1
libero_goal_task1,libero_goal,1,20,0,420762fe0b0a4a6c,420762fe0b0a4a6c,1,success,80,,checkpoints/rgb_only_rerun/batch/libero_goal_task1/act_n20.pt,20,1
libero_goal_task1,libero_goal,1,20,0,dfe3682f728b26c1,dfe3682f728b26c1,1,success,83,,checkpoints/rgb_only_rerun/batch/libero_goal_task1/act_n20.pt,20,1
libero_goal_task1,libero_goal,1,20,0,80171cb1e1a86221,80171cb1e1a86221,1,success,86,,checkpoints/rgb_only_rerun/batch/libero_goal_task1/act_n20.pt,20,1
libero_goal_task1,libero_goal,1,20,0,e4c35124960aee3c,e4c35124960aee3c,1,success,87,,checkpoints/rgb_only_rerun/batch/libero_goal_task1/act_n20.pt,20,1
libero_goal_task1,libero_goal,1,20,0,4a9f060ed7ee4553,4a9f060ed7ee4553,1,success,88,,checkpoints/rgb_only_rerun/batch/libero_goal_task1/act_n20.pt,20,1
libero_goal_task1,libero_goal,1,20,0,f06961aa68928dcf,f06961aa68928dcf,1,success,102,,checkpoints/rgb_only_rerun/batch/libero_goal_task1/act_n20.pt,20,1
libero_goal_task1,libero_goal,1,20,0,76a66980e1ca0e95,76a66980e1ca0e95,1,success,86,,checkpoints/rgb_only_rerun/batch/libero_goal_task1/act_n20.pt,20,1
libero_goal_task1,libero_goal,1,20,0,1686eb61850d2433,1686eb61850d2433,1,success,84,,checkpoints/rgb_only_rerun/batch/libero_goal_task1/act_n20.pt,20,1
libero_goal_task1,libero_goal,1,20,0,ca918a22697c7cb3,ca918a22697c7cb3,1,success,84,,checkpoints/rgb_only_rerun/batch/libero_goal_task1/act_n20.pt,20,1
libero_goal_task1,libero_goal,1,20,0,b4a0cfc1aba05693,b4a0cfc1aba05693,1,success,91,,checkpoints/rgb_only_rerun/batch/libero_goal_task1/act_n20.pt,20,1
libero_goal_task1,libero_goal,1,20,0,76b19784334e39f2,76b19784334e39f2,1,success,78,,checkpoints/rgb_only_rerun/batch/libero_goal_task1/act_n20.pt,20,1
libero_goal_task1,libero_goal,1,20,0,f5ea5978b97665c1,f5ea5978b97665c1,1,success,86,,checkpoints/rgb_only_rerun/batch/libero_goal_task1/act_n20.pt,20,1
libero_goal_task1,libero_goal,1,20,0,53616dae067295a2,53616dae067295a2,1,success,81,,checkpoints/rgb_only_rerun/batch/libero_goal_task1/act_n20.pt,20,1
libero_goal_task1,libero_goal,1,20,0,d839043c5619e85d,d839043c5619e85d,1,success,94,,checkpoints/rgb_only_rerun/batch/libero_goal_task1/act_n20.pt,20,1
libero_goal_task1,libero_goal,1,20,0,8c7da201d69f0b57,8c7da201d69f0b57,1,success,97,,checkpoints/rgb_only_rerun/batch/libero_goal_task1/act_n20.pt,20,1
libero_goal_task1,libero_goal,1,20,0,23c3dc07fc5fa8c2,23c3dc07fc5fa8c2,0,fail,300,,checkpoints/rgb_only_rerun/batch/libero_goal_task1/act_n20.pt,20,1
libero_goal_task1,libero_goal,1,20,0,628139fb75fc1105,628139fb75fc1105,1,success,82,,checkpoints/rgb_only_rerun/batch/libero_goal_task1/act_n20.pt,20,1
libero_goal_task1,libero_goal,1,20,0,5608968a4b7de224,5608968a4b7de224,1,success,87,,checkpoints/rgb_only_rerun/batch/libero_goal_task1/act_n20.pt,20,1
libero_goal_task1,libero_goal,1,20,0,1f4f08da073a4cf0,1f4f08da073a4cf0,1,success,85,,checkpoints/rgb_only_rerun/batch/libero_goal_task1/act_n20.pt,20,1
libero_goal_task1,libero_goal,1,40,0,acda933fe1623124,acda933fe1623124,1,success,80,,checkpoints/rgb_only_rerun/batch/libero_goal_task1/act_n40.pt,20,1
libero_goal_task1,libero_goal,1,40,0,420762fe0b0a4a6c,420762fe0b0a4a6c,1,success,81,,checkpoints/rgb_only_rerun/batch/libero_goal_task1/act_n40.pt,20,1
libero_goal_task1,libero_goal,1,40,0,dfe3682f728b26c1,dfe3682f728b26c1,1,success,81,,checkpoints/rgb_only_rerun/batch/libero_goal_task1/act_n40.pt,20,1
libero_goal_task1,libero_goal,1,40,0,80171cb1e1a86221,80171cb1e1a86221,1,success,88,,checkpoints/rgb_only_rerun/batch/libero_goal_task1/act_n40.pt,20,1
libero_goal_task1,libero_goal,1,40,0,e4c35124960aee3c,e4c35124960aee3c,1,success,87,,checkpoints/rgb_only_rerun/batch/libero_goal_task1/act_n40.pt,20,1
libero_goal_task1,libero_goal,1,40,0,4a9f060ed7ee4553,4a9f060ed7ee4553,1,success,91,,checkpoints/rgb_only_rerun/batch/libero_goal_task1/act_n40.pt,20,1
libero_goal_task1,libero_goal,1,40,0,f06961aa68928dcf,f06961aa68928dcf,0,fail,300,,checkpoints/rgb_only_rerun/batch/libero_goal_task1/act_n40.pt,20,1
libero_goal_task1,libero_goal,1,40,0,76a66980e1ca0e95,76a66980e1ca0e95,1,success,86,,checkpoints/rgb_only_rerun/batch/libero_goal_task1/act_n40.pt,20,1
libero_goal_task1,libero_goal,1,40,0,1686eb61850d2433,1686eb61850d2433,0,fail,300,,checkpoints/rgb_only_rerun/batch/libero_goal_task1/act_n40.pt,20,1
libero_goal_task1,libero_goal,1,40,0,ca918a22697c7cb3,ca918a22697c7cb3,1,success,84,,checkpoints/rgb_only_rerun/batch/libero_goal_task1/act_n40.pt,20,1
libero_goal_task1,libero_goal,1,40,0,b4a0cfc1aba05693,b4a0cfc1aba05693,1,success,89,,checkpoints/rgb_only_rerun/batch/libero_goal_task1/act_n40.pt,20,1
libero_goal_task1,libero_goal,1,40,0,76b19784334e39f2,76b19784334e39f2,1,success,75,,checkpoints/rgb_only_rerun/batch/libero_goal_task1/act_n40.pt,20,1
libero_goal_task1,libero_goal,1,40,0,f5ea5978b97665c1,f5ea5978b97665c1,1,success,89,,checkpoints/rgb_only_rerun/batch/libero_goal_task1/act_n40.pt,20,1
libero_goal_task1,libero_goal,1,40,0,53616dae067295a2,53616dae067295a2,1,success,88,,checkpoints/rgb_only_rerun/batch/libero_goal_task1/act_n40.pt,20,1
libero_goal_task1,libero_goal,1,40,0,d839043c5619e85d,d839043c5619e85d,1,success,87,,checkpoints/rgb_only_rerun/batch/libero_goal_task1/act_n40.pt,20,1
libero_goal_task1,libero_goal,1,40,0,8c7da201d69f0b57,8c7da201d69f0b57,1,success,89,,checkpoints/rgb_only_rerun/batch/libero_goal_task1/act_n40.pt,20,1
libero_goal_task1,libero_goal,1,40,0,23c3dc07fc5fa8c2,23c3dc07fc5fa8c2,1,success,93,,checkpoints/rgb_only_rerun/batch/libero_goal_task1/act_n40.pt,20,1
libero_goal_task1,libero_goal,1,40,0,628139fb75fc1105,628139fb75fc1105,1,success,81,,checkpoints/rgb_only_rerun/batch/libero_goal_task1/act_n40.pt,20,1
libero_goal_task1,libero_goal,1,40,0,5608968a4b7de224,5608968a4b7de224,1,success,88,,checkpoints/rgb_only_rerun/batch/libero_goal_task1/act_n40.pt,20,1
libero_goal_task1,libero_goal,1,40,0,1f4f08da073a4cf0,1f4f08da073a4cf0,1,success,81,,checkpoints/rgb_only_rerun/batch/libero_goal_task1/act_n40.pt,20,1
libero_goal_task1,libero_goal,1,80,0,acda933fe1623124,acda933fe1623124,1,success,83,,checkpoints/rgb_only_rerun/batch/libero_goal_task1/act_n80.pt,20,1
libero_goal_task1,libero_goal,1,80,0,420762fe0b0a4a6c,420762fe0b0a4a6c,1,success,80,,checkpoints/rgb_only_rerun/batch/libero_goal_task1/act_n80.pt,20,1
libero_goal_task1,libero_goal,1,80,0,dfe3682f728b26c1,dfe3682f728b26c1,1,success,87,,checkpoints/rgb_only_rerun/batch/libero_goal_task1/act_n80.pt,20,1
libero_goal_task1,libero_goal,1,80,0,80171cb1e1a86221,80171cb1e1a86221,1,success,89,,checkpoints/rgb_only_rerun/batch/libero_goal_task1/act_n80.pt,20,1
libero_goal_task1,libero_goal,1,80,0,e4c35124960aee3c,e4c35124960aee3c,1,success,84,,checkpoints/rgb_only_rerun/batch/libero_goal_task1/act_n80.pt,20,1
libero_goal_task1,libero_goal,1,80,0,4a9f060ed7ee4553,4a9f060ed7ee4553,1,success,92,,checkpoints/rgb_only_rerun/batch/libero_goal_task1/act_n80.pt,20,1
libero_goal_task1,libero_goal,1,80,0,f06961aa68928dcf,f06961aa68928dcf,1,success,103,,checkpoints/rgb_only_rerun/batch/libero_goal_task1/act_n80.pt,20,1
libero_goal_task1,libero_goal,1,80,0,76a66980e1ca0e95,76a66980e1ca0e95,1,success,83,,checkpoints/rgb_only_rerun/batch/libero_goal_task1/act_n80.pt,20,1
libero_goal_task1,libero_goal,1,80,0,1686eb61850d2433,1686eb61850d2433,1,success,86,,checkpoints/rgb_only_rerun/batch/libero_goal_task1/act_n80.pt,20,1
libero_goal_task1,libero_goal,1,80,0,ca918a22697c7cb3,ca918a22697c7cb3,1,success,79,,checkpoints/rgb_only_rerun/batch/libero_goal_task1/act_n80.pt,20,1
libero_goal_task1,libero_goal,1,80,0,b4a0cfc1aba05693,b4a0cfc1aba05693,1,success,93,,checkpoints/rgb_only_rerun/batch/libero_goal_task1/act_n80.pt,20,1
libero_goal_task1,libero_goal,1,80,0,76b19784334e39f2,76b19784334e39f2,1,success,78,,checkpoints/rgb_only_rerun/batch/libero_goal_task1/act_n80.pt,20,1
libero_goal_task1,libero_goal,1,80,0,f5ea5978b97665c1,f5ea5978b97665c1,1,success,89,,checkpoints/rgb_only_rerun/batch/libero_goal_task1/act_n80.pt,20,1
libero_goal_task1,libero_goal,1,80,0,53616dae067295a2,53616dae067295a2,1,success,87,,checkpoints/rgb_only_rerun/batch/libero_goal_task1/act_n80.pt,20,1
libero_goal_task1,libero_goal,1,80,0,d839043c5619e85d,d839043c5619e85d,1,success,87,,checkpoints/rgb_only_rerun/batch/libero_goal_task1/act_n80.pt,20,1
libero_goal_task1,libero_goal,1,80,0,8c7da201d69f0b57,8c7da201d69f0b57,1,success,91,,checkpoints/rgb_only_rerun/batch/libero_goal_task1/act_n80.pt,20,1
libero_goal_task1,libero_goal,1,80,0,23c3dc07fc5fa8c2,23c3dc07fc5fa8c2,1,success,99,,checkpoints/rgb_only_rerun/batch/libero_goal_task1/act_n80.pt,20,1
libero_goal_task1,libero_goal,1,80,0,628139fb75fc1105,628139fb75fc1105,1,success,85,,checkpoints/rgb_only_rerun/batch/libero_goal_task1/act_n80.pt,20,1
libero_goal_task1,libero_goal,1,80,0,5608968a4b7de224,5608968a4b7de224,1,success,89,,checkpoints/rgb_only_rerun/batch/libero_goal_task1/act_n80.pt,20,1
libero_goal_task1,libero_goal,1,80,0,1f4f08da073a4cf0,1f4f08da073a4cf0,1,success,80,,checkpoints/rgb_only_rerun/batch/libero_goal_task1/act_n80.pt,20,1
libero_goal_task2,libero_goal,2,10,0,e9f1b64ba923416c,e9f1b64ba923416c,1,success,83,,checkpoints/rgb_only_rerun/batch/libero_goal_task2/act_n10.pt,20,1
libero_goal_task2,libero_goal,2,10,0,6f821aea5d087505,6f821aea5d087505,1,success,88,,checkpoints/rgb_only_rerun/batch/libero_goal_task2/act_n10.pt,20,1
libero_goal_task2,libero_goal,2,10,0,26301770fab00a4d,26301770fab00a4d,1,success,92,,checkpoints/rgb_only_rerun/batch/libero_goal_task2/act_n10.pt,20,1
libero_goal_task2,libero_goal,2,10,0,e9b57a5a9202cd14,e9b57a5a9202cd14,1,success,92,,checkpoints/rgb_only_rerun/batch/libero_goal_task2/act_n10.pt,20,1
libero_goal_task2,libero_goal,2,10,0,867a9eff7e23999a,867a9eff7e23999a,1,success,77,,checkpoints/rgb_only_rerun/batch/libero_goal_task2/act_n10.pt,20,1
libero_goal_task2,libero_goal,2,10,0,8154800546873ba5,8154800546873ba5,1,success,175,,checkpoints/rgb_only_rerun/batch/libero_goal_task2/act_n10.pt,20,1
libero_goal_task2,libero_goal,2,10,0,4b03422522200e8e,4b03422522200e8e,1,success,78,,checkpoints/rgb_only_rerun/batch/libero_goal_task2/act_n10.pt,20,1
libero_goal_task2,libero_goal,2,10,0,f5f245198a8031e3,f5f245198a8031e3,0,fail,300,,checkpoints/rgb_only_rerun/batch/libero_goal_task2/act_n10.pt,20,1
libero_goal_task2,libero_goal,2,10,0,0a270bafe64a0b17,0a270bafe64a0b17,1,success,85,,checkpoints/rgb_only_rerun/batch/libero_goal_task2/act_n10.pt,20,1
libero_goal_task2,libero_goal,2,10,0,8ceb68e0e9388b1f,8ceb68e0e9388b1f,1,success,93,,checkpoints/rgb_only_rerun/batch/libero_goal_task2/act_n10.pt,20,1
libero_goal_task2,libero_goal,2,10,0,aadb3d7de3cfd2e3,aadb3d7de3cfd2e3,1,success,82,,checkpoints/rgb_only_rerun/batch/libero_goal_task2/act_n10.pt,20,1
libero_goal_task2,libero_goal,2,10,0,d34e4e3eac0fe13e,d34e4e3eac0fe13e,1,success,89,,checkpoints/rgb_only_rerun/batch/libero_goal_task2/act_n10.pt,20,1
libero_goal_task2,libero_goal,2,10,0,a44a5bcca0b1f8f2,a44a5bcca0b1f8f2,1,success,87,,checkpoints/rgb_only_rerun/batch/libero_goal_task2/act_n10.pt,20,1
libero_goal_task2,libero_goal,2,10,0,cbdcf80c0b08b98f,cbdcf80c0b08b98f,1,success,90,,checkpoints/rgb_only_rerun/batch/libero_goal_task2/act_n10.pt,20,1
libero_goal_task2,libero_goal,2,10,0,4cc511e5a0212842,4cc511e5a0212842,0,fail,300,,checkpoints/rgb_only_rerun/batch/libero_goal_task2/act_n10.pt,20,1
libero_goal_task2,libero_goal,2,10,0,148b62634bbec89d,148b62634bbec89d,1,success,76,,checkpoints/rgb_only_rerun/batch/libero_goal_task2/act_n10.pt,20,1
libero_goal_task2,libero_goal,2,10,0,9e244ea58b5f57a2,9e244ea58b5f57a2,1,success,79,,checkpoints/rgb_only_rerun/batch/libero_goal_task2/act_n10.pt,20,1
libero_goal_task2,libero_goal,2,10,0,674adfb14e0ff244,674adfb14e0ff244,0,fail,300,,checkpoints/rgb_only_rerun/batch/libero_goal_task2/act_n10.pt,20,1
libero_goal_task2,libero_goal,2,10,0,3f5c772b4741b436,3f5c772b4741b436,1,success,87,,checkpoints/rgb_only_rerun/batch/libero_goal_task2/act_n10.pt,20,1
libero_goal_task2,libero_goal,2,10,0,121258426dad82e1,121258426dad82e1,1,success,94,,checkpoints/rgb_only_rerun/batch/libero_goal_task2/act_n10.pt,20,1
libero_goal_task2,libero_goal,2,20,0,e9f1b64ba923416c,e9f1b64ba923416c,1,success,88,,checkpoints/rgb_only_rerun/batch/libero_goal_task2/act_n20.pt,20,1
libero_goal_task2,libero_goal,2,20,0,6f821aea5d087505,6f821aea5d087505,1,success,93,,checkpoints/rgb_only_rerun/batch/libero_goal_task2/act_n20.pt,20,1
libero_goal_task2,libero_goal,2,20,0,26301770fab00a4d,26301770fab00a4d,1,success,93,,checkpoints/rgb_only_rerun/batch/libero_goal_task2/act_n20.pt,20,1
libero_goal_task2,libero_goal,2,20,0,e9b57a5a9202cd14,e9b57a5a9202cd14,1,success,93,,checkpoints/rgb_only_rerun/batch/libero_goal_task2/act_n20.pt,20,1
libero_goal_task2,libero_goal,2,20,0,867a9eff7e23999a,867a9eff7e23999a,1,success,80,,checkpoints/rgb_only_rerun/batch/libero_goal_task2/act_n20.pt,20,1
libero_goal_task2,libero_goal,2,20,0,8154800546873ba5,8154800546873ba5,1,success,85,,checkpoints/rgb_only_rerun/batch/libero_goal_task2/act_n20.pt,20,1
libero_goal_task2,libero_goal,2,20,0,4b03422522200e8e,4b03422522200e8e,1,success,85,,checkpoints/rgb_only_rerun/batch/libero_goal_task2/act_n20.pt,20,1
libero_goal_task2,libero_goal,2,20,0,f5f245198a8031e3,f5f245198a8031e3,1,success,83,,checkpoints/rgb_only_rerun/batch/libero_goal_task2/act_n20.pt,20,1
libero_goal_task2,libero_goal,2,20,0,0a270bafe64a0b17,0a270bafe64a0b17,1,success,92,,checkpoints/rgb_only_rerun/batch/libero_goal_task2/act_n20.pt,20,1
libero_goal_task2,libero_goal,2,20,0,8ceb68e0e9388b1f,8ceb68e0e9388b1f,1,success,89,,checkpoints/rgb_only_rerun/batch/libero_goal_task2/act_n20.pt,20,1
libero_goal_task2,libero_goal,2,20,0,aadb3d7de3cfd2e3,aadb3d7de3cfd2e3,1,success,86,,checkpoints/rgb_only_rerun/batch/libero_goal_task2/act_n20.pt,20,1
libero_goal_task2,libero_goal,2,20,0,d34e4e3eac0fe13e,d34e4e3eac0fe13e,1,success,95,,checkpoints/rgb_only_rerun/batch/libero_goal_task2/act_n20.pt,20,1
libero_goal_task2,libero_goal,2,20,0,a44a5bcca0b1f8f2,a44a5bcca0b1f8f2,1,success,95,,checkpoints/rgb_only_rerun/batch/libero_goal_task2/act_n20.pt,20,1
libero_goal_task2,libero_goal,2,20,0,cbdcf80c0b08b98f,cbdcf80c0b08b98f,1,success,93,,checkpoints/rgb_only_rerun/batch/libero_goal_task2/act_n20.pt,20,1
libero_goal_task2,libero_goal,2,20,0,4cc511e5a0212842,4cc511e5a0212842,1,success,79,,checkpoints/rgb_only_rerun/batch/libero_goal_task2/act_n20.pt,20,1
libero_goal_task2,libero_goal,2,20,0,148b62634bbec89d,148b62634bbec89d,1,success,84,,checkpoints/rgb_only_rerun/batch/libero_goal_task2/act_n20.pt,20,1
libero_goal_task2,libero_goal,2,20,0,9e244ea58b5f57a2,9e244ea58b5f57a2,1,success,85,,checkpoints/rgb_only_rerun/batch/libero_goal_task2/act_n20.pt,20,1
libero_goal_task2,libero_goal,2,20,0,674adfb14e0ff244,674adfb14e0ff244,1,success,88,,checkpoints/rgb_only_rerun/batch/libero_goal_task2/act_n20.pt,20,1
libero_goal_task2,libero_goal,2,20,0,3f5c772b4741b436,3f5c772b4741b436,1,success,94,,checkpoints/rgb_only_rerun/batch/libero_goal_task2/act_n20.pt,20,1
libero_goal_task2,libero_goal,2,20,0,121258426dad82e1,121258426dad82e1,1,success,92,,checkpoints/rgb_only_rerun/batch/libero_goal_task2/act_n20.pt,20,1
libero_goal_task2,libero_goal,2,40,0,e9f1b64ba923416c,e9f1b64ba923416c,1,success,91,,checkpoints/rgb_only_rerun/batch/libero_goal_task2/act_n40.pt,20,1
libero_goal_task2,libero_goal,2,40,0,6f821aea5d087505,6f821aea5d087505,1,success,100,,checkpoints/rgb_only_rerun/batch/libero_goal_task2/act_n40.pt,20,1
libero_goal_task2,libero_goal,2,40,0,26301770fab00a4d,26301770fab00a4d,1,success,89,,checkpoints/rgb_only_rerun/batch/libero_goal_task2/act_n40.pt,20,1
libero_goal_task2,libero_goal,2,40,0,e9b57a5a9202cd14,e9b57a5a9202cd14,1,success,88,,checkpoints/rgb_only_rerun/batch/libero_goal_task2/act_n40.pt,20,1
libero_goal_task2,libero_goal,2,40,0,867a9eff7e23999a,867a9eff7e23999a,1,success,80,,checkpoints/rgb_only_rerun/batch/libero_goal_task2/act_n40.pt,20,1
libero_goal_task2,libero_goal,2,40,0,8154800546873ba5,8154800546873ba5,1,success,82,,checkpoints/rgb_only_rerun/batch/libero_goal_task2/act_n40.pt,20,1
libero_goal_task2,libero_goal,2,40,0,4b03422522200e8e,4b03422522200e8e,1,success,84,,checkpoints/rgb_only_rerun/batch/libero_goal_task2/act_n40.pt,20,1
libero_goal_task2,libero_goal,2,40,0,f5f245198a8031e3,f5f245198a8031e3,1,success,83,,checkpoints/rgb_only_rerun/batch/libero_goal_task2/act_n40.pt,20,1
libero_goal_task2,libero_goal,2,40,0,0a270bafe64a0b17,0a270bafe64a0b17,1,success,89,,checkpoints/rgb_only_rerun/batch/libero_goal_task2/act_n40.pt,20,1
libero_goal_task2,libero_goal,2,40,0,8ceb68e0e9388b1f,8ceb68e0e9388b1f,1,success,95,,checkpoints/rgb_only_rerun/batch/libero_goal_task2/act_n40.pt,20,1
libero_goal_task2,libero_goal,2,40,0,aadb3d7de3cfd2e3,aadb3d7de3cfd2e3,1,success,86,,checkpoints/rgb_only_rerun/batch/libero_goal_task2/act_n40.pt,20,1
libero_goal_task2,libero_goal,2,40,0,d34e4e3eac0fe13e,d34e4e3eac0fe13e,1,success,99,,checkpoints/rgb_only_rerun/batch/libero_goal_task2/act_n40.pt,20,1
libero_goal_task2,libero_goal,2,40,0,a44a5bcca0b1f8f2,a44a5bcca0b1f8f2,1,success,95,,checkpoints/rgb_only_rerun/batch/libero_goal_task2/act_n40.pt,20,1
libero_goal_task2,libero_goal,2,40,0,cbdcf80c0b08b98f,cbdcf80c0b08b98f,1,success,91,,checkpoints/rgb_only_rerun/batch/libero_goal_task2/act_n40.pt,20,1
libero_goal_task2,libero_goal,2,40,0,4cc511e5a0212842,4cc511e5a0212842,1,success,90,,checkpoints/rgb_only_rerun/batch/libero_goal_task2/act_n40.pt,20,1
libero_goal_task2,libero_goal,2,40,0,148b62634bbec89d,148b62634bbec89d,1,success,81,,checkpoints/rgb_only_rerun/batch/libero_goal_task2/act_n40.pt,20,1
libero_goal_task2,libero_goal,2,40,0,9e244ea58b5f57a2,9e244ea58b5f57a2,1,success,89,,checkpoints/rgb_only_rerun/batch/libero_goal_task2/act_n40.pt,20,1
libero_goal_task2,libero_goal,2,40,0,674adfb14e0ff244,674adfb14e0ff244,1,success,87,,checkpoints/rgb_only_rerun/batch/libero_goal_task2/act_n40.pt,20,1
libero_goal_task2,libero_goal,2,40,0,3f5c772b4741b436,3f5c772b4741b436,1,success,101,,checkpoints/rgb_only_rerun/batch/libero_goal_task2/act_n40.pt,20,1
libero_goal_task2,libero_goal,2,40,0,121258426dad82e1,121258426dad82e1,1,success,95,,checkpoints/rgb_only_rerun/batch/libero_goal_task2/act_n40.pt,20,1
libero_goal_task2,libero_goal,2,80,0,e9f1b64ba923416c,e9f1b64ba923416c,1,success,92,,checkpoints/rgb_only_rerun/batch/libero_goal_task2/act_n80.pt,20,1
libero_goal_task2,libero_goal,2,80,0,6f821aea5d087505,6f821aea5d087505,1,success,98,,checkpoints/rgb_only_rerun/batch/libero_goal_task2/act_n80.pt,20,1
libero_goal_task2,libero_goal,2,80,0,26301770fab00a4d,26301770fab00a4d,1,success,88,,checkpoints/rgb_only_rerun/batch/libero_goal_task2/act_n80.pt,20,1
libero_goal_task2,libero_goal,2,80,0,e9b57a5a9202cd14,e9b57a5a9202cd14,1,success,96,,checkpoints/rgb_only_rerun/batch/libero_goal_task2/act_n80.pt,20,1
libero_goal_task2,libero_goal,2,80,0,867a9eff7e23999a,867a9eff7e23999a,1,success,85,,checkpoints/rgb_only_rerun/batch/libero_goal_task2/act_n80.pt,20,1
libero_goal_task2,libero_goal,2,80,0,8154800546873ba5,8154800546873ba5,1,success,84,,checkpoints/rgb_only_rerun/batch/libero_goal_task2/act_n80.pt,20,1
libero_goal_task2,libero_goal,2,80,0,4b03422522200e8e,4b03422522200e8e,1,success,89,,checkpoints/rgb_only_rerun/batch/libero_goal_task2/act_n80.pt,20,1
libero_goal_task2,libero_goal,2,80,0,f5f245198a8031e3,f5f245198a8031e3,1,success,87,,checkpoints/rgb_only_rerun/batch/libero_goal_task2/act_n80.pt,20,1
libero_goal_task2,libero_goal,2,80,0,0a270bafe64a0b17,0a270bafe64a0b17,1,success,89,,checkpoints/rgb_only_rerun/batch/libero_goal_task2/act_n80.pt,20,1
libero_goal_task2,libero_goal,2,80,0,8ceb68e0e9388b1f,8ceb68e0e9388b1f,1,success,96,,checkpoints/rgb_only_rerun/batch/libero_goal_task2/act_n80.pt,20,1
libero_goal_task2,libero_goal,2,80,0,aadb3d7de3cfd2e3,aadb3d7de3cfd2e3,1,success,87,,checkpoints/rgb_only_rerun/batch/libero_goal_task2/act_n80.pt,20,1
libero_goal_task2,libero_goal,2,80,0,d34e4e3eac0fe13e,d34e4e3eac0fe13e,1,success,96,,checkpoints/rgb_only_rerun/batch/libero_goal_task2/act_n80.pt,20,1
libero_goal_task2,libero_goal,2,80,0,a44a5bcca0b1f8f2,a44a5bcca0b1f8f2,1,success,97,,checkpoints/rgb_only_rerun/batch/libero_goal_task2/act_n80.pt,20,1
libero_goal_task2,libero_goal,2,80,0,cbdcf80c0b08b98f,cbdcf80c0b08b98f,1,success,94,,checkpoints/rgb_only_rerun/batch/libero_goal_task2/act_n80.pt,20,1
libero_goal_task2,libero_goal,2,80,0,4cc511e5a0212842,4cc511e5a0212842,1,success,83,,checkpoints/rgb_only_rerun/batch/libero_goal_task2/act_n80.pt,20,1
libero_goal_task2,libero_goal,2,80,0,148b62634bbec89d,148b62634bbec89d,1,success,78,,checkpoints/rgb_only_rerun/batch/libero_goal_task2/act_n80.pt,20,1
libero_goal_task2,libero_goal,2,80,0,9e244ea58b5f57a2,9e244ea58b5f57a2,1,success,89,,checkpoints/rgb_only_rerun/batch/libero_goal_task2/act_n80.pt,20,1
libero_goal_task2,libero_goal,2,80,0,674adfb14e0ff244,674adfb14e0ff244,1,success,90,,checkpoints/rgb_only_rerun/batch/libero_goal_task2/act_n80.pt,20,1
libero_goal_task2,libero_goal,2,80,0,3f5c772b4741b436,3f5c772b4741b436,1,success,101,,checkpoints/rgb_only_rerun/batch/libero_goal_task2/act_n80.pt,20,1
libero_goal_task2,libero_goal,2,80,0,121258426dad82e1,121258426dad82e1,1,success,99,,checkpoints/rgb_only_rerun/batch/libero_goal_task2/act_n80.pt,20,1
libero_goal_task3,libero_goal,3,10,0,6d8a394e1829cdcd,6d8a394e1829cdcd,1,success,174,,checkpoints/rgb_only_rerun/batch/libero_goal_task3/act_n10.pt,20,1
libero_goal_task3,libero_goal,3,10,0,3404cfc6c2a44562,3404cfc6c2a44562,1,success,170,,checkpoints/rgb_only_rerun/batch/libero_goal_task3/act_n10.pt,20,1
libero_goal_task3,libero_goal,3,10,0,f79829a2853c3dd6,f79829a2853c3dd6,1,success,165,,checkpoints/rgb_only_rerun/batch/libero_goal_task3/act_n10.pt,20,1
libero_goal_task3,libero_goal,3,10,0,badcf8a850940a2b,badcf8a850940a2b,1,success,165,,checkpoints/rgb_only_rerun/batch/libero_goal_task3/act_n10.pt,20,1
libero_goal_task3,libero_goal,3,10,0,04243b6c0dab830f,04243b6c0dab830f,1,success,174,,checkpoints/rgb_only_rerun/batch/libero_goal_task3/act_n10.pt,20,1
libero_goal_task3,libero_goal,3,10,0,c5cacd826fb3c251,c5cacd826fb3c251,1,success,174,,checkpoints/rgb_only_rerun/batch/libero_goal_task3/act_n10.pt,20,1
libero_goal_task3,libero_goal,3,10,0,52e50a061d38851e,52e50a061d38851e,1,success,158,,checkpoints/rgb_only_rerun/batch/libero_goal_task3/act_n10.pt,20,1
libero_goal_task3,libero_goal,3,10,0,ac68fc48437a11f4,ac68fc48437a11f4,1,success,166,,checkpoints/rgb_only_rerun/batch/libero_goal_task3/act_n10.pt,20,1
libero_goal_task3,libero_goal,3,10,0,7f86520856aaef15,7f86520856aaef15,0,fail,300,,checkpoints/rgb_only_rerun/batch/libero_goal_task3/act_n10.pt,20,1
libero_goal_task3,libero_goal,3,10,0,8c117f40b40c58e6,8c117f40b40c58e6,1,success,166,,checkpoints/rgb_only_rerun/batch/libero_goal_task3/act_n10.pt,20,1
libero_goal_task3,libero_goal,3,10,0,19bde8bebbd44185,19bde8bebbd44185,0,fail,300,,checkpoints/rgb_only_rerun/batch/libero_goal_task3/act_n10.pt,20,1
libero_goal_task3,libero_goal,3,10,0,78b0a71c44dcc224,78b0a71c44dcc224,1,success,171,,checkpoints/rgb_only_rerun/batch/libero_goal_task3/act_n10.pt,20,1
libero_goal_task3,libero_goal,3,10,0,a10a2abb4eac6f1e,a10a2abb4eac6f1e,1,success,163,,checkpoints/rgb_only_rerun/batch/libero_goal_task3/act_n10.pt,20,1
libero_goal_task3,libero_goal,3,10,0,4230dd4148cfbadd,4230dd4148cfbadd,1,success,173,,checkpoints/rgb_only_rerun/batch/libero_goal_task3/act_n10.pt,20,1
libero_goal_task3,libero_goal,3,10,0,e62e3465300935bd,e62e3465300935bd,1,success,174,,checkpoints/rgb_only_rerun/batch/libero_goal_task3/act_n10.pt,20,1
libero_goal_task3,libero_goal,3,10,0,6032a6fa90dc0faa,6032a6fa90dc0faa,0,fail,300,,checkpoints/rgb_only_rerun/batch/libero_goal_task3/act_n10.pt,20,1
libero_goal_task3,libero_goal,3,10,0,c69daed05d080203,c69daed05d080203,1,success,175,,checkpoints/rgb_only_rerun/batch/libero_goal_task3/act_n10.pt,20,1
libero_goal_task3,libero_goal,3,10,0,a3ebc42d7a33b840,a3ebc42d7a33b840,1,success,163,,checkpoints/rgb_only_rerun/batch/libero_goal_task3/act_n10.pt,20,1
libero_goal_task3,libero_goal,3,10,0,0f82f962560cc068,0f82f962560cc068,0,fail,300,,checkpoints/rgb_only_rerun/batch/libero_goal_task3/act_n10.pt,20,1
libero_goal_task3,libero_goal,3,10,0,aeeb26bb817b6e28,aeeb26bb817b6e28,1,success,174,,checkpoints/rgb_only_rerun/batch/libero_goal_task3/act_n10.pt,20,1
libero_goal_task3,libero_goal,3,20,0,6d8a394e1829cdcd,6d8a394e1829cdcd,1,success,172,,checkpoints/rgb_only_rerun/batch/libero_goal_task3/act_n20.pt,20,1
libero_goal_task3,libero_goal,3,20,0,3404cfc6c2a44562,3404cfc6c2a44562,1,success,174,,checkpoints/rgb_only_rerun/batch/libero_goal_task3/act_n20.pt,20,1
libero_goal_task3,libero_goal,3,20,0,f79829a2853c3dd6,f79829a2853c3dd6,1,success,166,,checkpoints/rgb_only_rerun/batch/libero_goal_task3/act_n20.pt,20,1
libero_goal_task3,libero_goal,3,20,0,badcf8a850940a2b,badcf8a850940a2b,1,success,174,,checkpoints/rgb_only_rerun/batch/libero_goal_task3/act_n20.pt,20,1
libero_goal_task3,libero_goal,3,20,0,04243b6c0dab830f,04243b6c0dab830f,1,success,174,,checkpoints/rgb_only_rerun/batch/libero_goal_task3/act_n20.pt,20,1
libero_goal_task3,libero_goal,3,20,0,c5cacd826fb3c251,c5cacd826fb3c251,1,success,170,,checkpoints/rgb_only_rerun/batch/libero_goal_task3/act_n20.pt,20,1
libero_goal_task3,libero_goal,3,20,0,52e50a061d38851e,52e50a061d38851e,1,success,162,,checkpoints/rgb_only_rerun/batch/libero_goal_task3/act_n20.pt,20,1
libero_goal_task3,libero_goal,3,20,0,ac68fc48437a11f4,ac68fc48437a11f4,1,success,158,,checkpoints/rgb_only_rerun/batch/libero_goal_task3/act_n20.pt,20,1
libero_goal_task3,libero_goal,3,20,0,7f86520856aaef15,7f86520856aaef15,1,success,173,,checkpoints/rgb_only_rerun/batch/libero_goal_task3/act_n20.pt,20,1
libero_goal_task3,libero_goal,3,20,0,8c117f40b40c58e6,8c117f40b40c58e6,1,success,170,,checkpoints/rgb_only_rerun/batch/libero_goal_task3/act_n20.pt,20,1
libero_goal_task3,libero_goal,3,20,0,19bde8bebbd44185,19bde8bebbd44185,0,fail,300,,checkpoints/rgb_only_rerun/batch/libero_goal_task3/act_n20.pt,20,1
libero_goal_task3,libero_goal,3,20,0,78b0a71c44dcc224,78b0a71c44dcc224,1,success,173,,checkpoints/rgb_only_rerun/batch/libero_goal_task3/act_n20.pt,20,1
libero_goal_task3,libero_goal,3,20,0,a10a2abb4eac6f1e,a10a2abb4eac6f1e,1,success,160,,checkpoints/rgb_only_rerun/batch/libero_goal_task3/act_n20.pt,20,1
libero_goal_task3,libero_goal,3,20,0,4230dd4148cfbadd,4230dd4148cfbadd,1,success,162,,checkpoints/rgb_only_rerun/batch/libero_goal_task3/act_n20.pt,20,1
libero_goal_task3,libero_goal,3,20,0,e62e3465300935bd,e62e3465300935bd,1,success,168,,checkpoints/rgb_only_rerun/batch/libero_goal_task3/act_n20.pt,20,1
libero_goal_task3,libero_goal,3,20,0,6032a6fa90dc0faa,6032a6fa90dc0faa,1,success,174,,checkpoints/rgb_only_rerun/batch/libero_goal_task3/act_n20.pt,20,1
libero_goal_task3,libero_goal,3,20,0,c69daed05d080203,c69daed05d080203,1,success,174,,checkpoints/rgb_only_rerun/batch/libero_goal_task3/act_n20.pt,20,1
libero_goal_task3,libero_goal,3,20,0,a3ebc42d7a33b840,a3ebc42d7a33b840,1,success,167,,checkpoints/rgb_only_rerun/batch/libero_goal_task3/act_n20.pt,20,1
libero_goal_task3,libero_goal,3,20,0,0f82f962560cc068,0f82f962560cc068,0,fail,300,,checkpoints/rgb_only_rerun/batch/libero_goal_task3/act_n20.pt,20,1
libero_goal_task3,libero_goal,3,20,0,aeeb26bb817b6e28,aeeb26bb817b6e28,1,success,170,,checkpoints/rgb_only_rerun/batch/libero_goal_task3/act_n20.pt,20,1
libero_goal_task3,libero_goal,3,40,0,6d8a394e1829cdcd,6d8a394e1829cdcd,1,success,172,,checkpoints/rgb_only_rerun/batch/libero_goal_task3/act_n40.pt,20,1
libero_goal_task3,libero_goal,3,40,0,3404cfc6c2a44562,3404cfc6c2a44562,1,success,171,,checkpoints/rgb_only_rerun/batch/libero_goal_task3/act_n40.pt,20,1
libero_goal_task3,libero_goal,3,40,0,f79829a2853c3dd6,f79829a2853c3dd6,1,success,168,,checkpoints/rgb_only_rerun/batch/libero_goal_task3/act_n40.pt,20,1
libero_goal_task3,libero_goal,3,40,0,badcf8a850940a2b,badcf8a850940a2b,1,success,166,,checkpoints/rgb_only_rerun/batch/libero_goal_task3/act_n40.pt,20,1
libero_goal_task3,libero_goal,3,40,0,04243b6c0dab830f,04243b6c0dab830f,1,success,182,,checkpoints/rgb_only_rerun/batch/libero_goal_task3/act_n40.pt,20,1
libero_goal_task3,libero_goal,3,40,0,c5cacd826fb3c251,c5cacd826fb3c251,1,success,174,,checkpoints/rgb_only_rerun/batch/libero_goal_task3/act_n40.pt,20,1
libero_goal_task3,libero_goal,3,40,0,52e50a061d38851e,52e50a061d38851e,1,success,163,,checkpoints/rgb_only_rerun/batch/libero_goal_task3/act_n40.pt,20,1
libero_goal_task3,libero_goal,3,40,0,ac68fc48437a11f4,ac68fc48437a11f4,1,success,162,,checkpoints/rgb_only_rerun/batch/libero_goal_task3/act_n40.pt,20,1
libero_goal_task3,libero_goal,3,40,0,7f86520856aaef15,7f86520856aaef15,1,success,173,,checkpoints/rgb_only_rerun/batch/libero_goal_task3/act_n40.pt,20,1
libero_goal_task3,libero_goal,3,40,0,8c117f40b40c58e6,8c117f40b40c58e6,1,success,173,,checkpoints/rgb_only_rerun/batch/libero_goal_task3/act_n40.pt,20,1
libero_goal_task3,libero_goal,3,40,0,19bde8bebbd44185,19bde8bebbd44185,1,success,176,,checkpoints/rgb_only_rerun/batch/libero_goal_task3/act_n40.pt,20,1
libero_goal_task3,libero_goal,3,40,0,78b0a71c44dcc224,78b0a71c44dcc224,1,success,169,,checkpoints/rgb_only_rerun/batch/libero_goal_task3/act_n40.pt,20,1
libero_goal_task3,libero_goal,3,40,0,a10a2abb4eac6f1e,a10a2abb4eac6f1e,1,success,168,,checkpoints/rgb_only_rerun/batch/libero_goal_task3/act_n40.pt,20,1
libero_goal_task3,libero_goal,3,40,0,4230dd4148cfbadd,4230dd4148cfbadd,1,success,168,,checkpoints/rgb_only_rerun/batch/libero_goal_task3/act_n40.pt,20,1
libero_goal_task3,libero_goal,3,40,0,e62e3465300935bd,e62e3465300935bd,1,success,170,,checkpoints/rgb_only_rerun/batch/libero_goal_task3/act_n40.pt,20,1
libero_goal_task3,libero_goal,3,40,0,6032a6fa90dc0faa,6032a6fa90dc0faa,0,fail,300,,checkpoints/rgb_only_rerun/batch/libero_goal_task3/act_n40.pt,20,1
libero_goal_task3,libero_goal,3,40,0,c69daed05d080203,c69daed05d080203,1,success,172,,checkpoints/rgb_only_rerun/batch/libero_goal_task3/act_n40.pt,20,1
libero_goal_task3,libero_goal,3,40,0,a3ebc42d7a33b840,a3ebc42d7a33b840,1,success,177,,checkpoints/rgb_only_rerun/batch/libero_goal_task3/act_n40.pt,20,1
libero_goal_task3,libero_goal,3,40,0,0f82f962560cc068,0f82f962560cc068,0,fail,300,,checkpoints/rgb_only_rerun/batch/libero_goal_task3/act_n40.pt,20,1
libero_goal_task3,libero_goal,3,40,0,aeeb26bb817b6e28,aeeb26bb817b6e28,0,fail,300,,checkpoints/rgb_only_rerun/batch/libero_goal_task3/act_n40.pt,20,1
libero_goal_task3,libero_goal,3,80,0,6d8a394e1829cdcd,6d8a394e1829cdcd,1,success,169,,checkpoints/rgb_only_rerun/batch/libero_goal_task3/act_n80.pt,20,1
libero_goal_task3,libero_goal,3,80,0,3404cfc6c2a44562,3404cfc6c2a44562,1,success,171,,checkpoints/rgb_only_rerun/batch/libero_goal_task3/act_n80.pt,20,1
libero_goal_task3,libero_goal,3,80,0,f79829a2853c3dd6,f79829a2853c3dd6,1,success,169,,checkpoints/rgb_only_rerun/batch/libero_goal_task3/act_n80.pt,20,1
libero_goal_task3,libero_goal,3,80,0,badcf8a850940a2b,badcf8a850940a2b,1,success,166,,checkpoints/rgb_only_rerun/batch/libero_goal_task3/act_n80.pt,20,1
libero_goal_task3,libero_goal,3,80,0,04243b6c0dab830f,04243b6c0dab830f,1,success,171,,checkpoints/rgb_only_rerun/batch/libero_goal_task3/act_n80.pt,20,1
libero_goal_task3,libero_goal,3,80,0,c5cacd826fb3c251,c5cacd826fb3c251,1,success,172,,checkpoints/rgb_only_rerun/batch/libero_goal_task3/act_n80.pt,20,1
libero_goal_task3,libero_goal,3,80,0,52e50a061d38851e,52e50a061d38851e,0,fail,300,,checkpoints/rgb_only_rerun/batch/libero_goal_task3/act_n80.pt,20,1
libero_goal_task3,libero_goal,3,80,0,ac68fc48437a11f4,ac68fc48437a11f4,1,success,166,,checkpoints/rgb_only_rerun/batch/libero_goal_task3/act_n80.pt,20,1
libero_goal_task3,libero_goal,3,80,0,7f86520856aaef15,7f86520856aaef15,1,success,172,,checkpoints/rgb_only_rerun/batch/libero_goal_task3/act_n80.pt,20,1
libero_goal_task3,libero_goal,3,80,0,8c117f40b40c58e6,8c117f40b40c58e6,1,success,168,,checkpoints/rgb_only_rerun/batch/libero_goal_task3/act_n80.pt,20,1
libero_goal_task3,libero_goal,3,80,0,19bde8bebbd44185,19bde8bebbd44185,1,success,177,,checkpoints/rgb_only_rerun/batch/libero_goal_task3/act_n80.pt,20,1
libero_goal_task3,libero_goal,3,80,0,78b0a71c44dcc224,78b0a71c44dcc224,1,success,171,,checkpoints/rgb_only_rerun/batch/libero_goal_task3/act_n80.pt,20,1
libero_goal_task3,libero_goal,3,80,0,a10a2abb4eac6f1e,a10a2abb4eac6f1e,1,success,167,,checkpoints/rgb_only_rerun/batch/libero_goal_task3/act_n80.pt,20,1
libero_goal_task3,libero_goal,3,80,0,4230dd4148cfbadd,4230dd4148cfbadd,1,success,164,,checkpoints/rgb_only_rerun/batch/libero_goal_task3/act_n80.pt,20,1
libero_goal_task3,libero_goal,3,80,0,e62e3465300935bd,e62e3465300935bd,1,success,164,,checkpoints/rgb_only_rerun/batch/libero_goal_task3/act_n80.pt,20,1
libero_goal_task3,libero_goal,3,80,0,6032a6fa90dc0faa,6032a6fa90dc0faa,1,success,162,,checkpoints/rgb_only_rerun/batch/libero_goal_task3/act_n80.pt,20,1
libero_goal_task3,libero_goal,3,80,0,c69daed05d080203,c69daed05d080203,1,success,172,,checkpoints/rgb_only_rerun/batch/libero_goal_task3/act_n80.pt,20,1
libero_goal_task3,libero_goal,3,80,0,a3ebc42d7a33b840,a3ebc42d7a33b840,1,success,171,,checkpoints/rgb_only_rerun/batch/libero_goal_task3/act_n80.pt,20,1
libero_goal_task3,libero_goal,3,80,0,0f82f962560cc068,0f82f962560cc068,0,fail,300,,checkpoints/rgb_only_rerun/batch/libero_goal_task3/act_n80.pt,20,1
libero_goal_task3,libero_goal,3,80,0,aeeb26bb817b6e28,aeeb26bb817b6e28,1,success,167,,checkpoints/rgb_only_rerun/batch/libero_goal_task3/act_n80.pt,20,1
libero_goal_task4,libero_goal,4,10,0,364625c60fafd448,364625c60fafd448,1,success,107,,checkpoints/rgb_only_rerun/batch/libero_goal_task4/act_n10.pt,20,1
libero_goal_task4,libero_goal,4,10,0,3cfe33bb11b40c89,3cfe33bb11b40c89,1,success,135,,checkpoints/rgb_only_rerun/batch/libero_goal_task4/act_n10.pt,20,1
libero_goal_task4,libero_goal,4,10,0,f9e788188eac11ed,f9e788188eac11ed,1,success,141,,checkpoints/rgb_only_rerun/batch/libero_goal_task4/act_n10.pt,20,1
libero_goal_task4,libero_goal,4,10,0,5afc27599e51ad71,5afc27599e51ad71,0,fail,300,,checkpoints/rgb_only_rerun/batch/libero_goal_task4/act_n10.pt,20,1
libero_goal_task4,libero_goal,4,10,0,0b9f2959b9736995,0b9f2959b9736995,1,success,109,,checkpoints/rgb_only_rerun/batch/libero_goal_task4/act_n10.pt,20,1
libero_goal_task4,libero_goal,4,10,0,35cbe3a16306c409,35cbe3a16306c409,0,fail,300,,checkpoints/rgb_only_rerun/batch/libero_goal_task4/act_n10.pt,20,1
libero_goal_task4,libero_goal,4,10,0,58a06ac7f3f7e991,58a06ac7f3f7e991,1,success,106,,checkpoints/rgb_only_rerun/batch/libero_goal_task4/act_n10.pt,20,1
libero_goal_task4,libero_goal,4,10,0,95e2e1358c2c3f3f,95e2e1358c2c3f3f,1,success,90,,checkpoints/rgb_only_rerun/batch/libero_goal_task4/act_n10.pt,20,1
libero_goal_task4,libero_goal,4,10,0,5db2ef770d9cd8c5,5db2ef770d9cd8c5,1,success,80,,checkpoints/rgb_only_rerun/batch/libero_goal_task4/act_n10.pt,20,1
libero_goal_task4,libero_goal,4,10,0,1c9d855882c57ec9,1c9d855882c57ec9,1,success,112,,checkpoints/rgb_only_rerun/batch/libero_goal_task4/act_n10.pt,20,1
libero_goal_task4,libero_goal,4,10,0,34c411b4c7dc4684,34c411b4c7dc4684,1,success,84,,checkpoints/rgb_only_rerun/batch/libero_goal_task4/act_n10.pt,20,1
libero_goal_task4,libero_goal,4,10,0,ec82e924ceb7dd66,ec82e924ceb7dd66,1,success,79,,checkpoints/rgb_only_rerun/batch/libero_goal_task4/act_n10.pt,20,1
libero_goal_task4,libero_goal,4,10,0,6b736ab395b9318a,6b736ab395b9318a,0,fail,300,,checkpoints/rgb_only_rerun/batch/libero_goal_task4/act_n10.pt,20,1
libero_goal_task4,libero_goal,4,10,0,e6502a911b79b201,e6502a911b79b201,1,success,221,,checkpoints/rgb_only_rerun/batch/libero_goal_task4/act_n10.pt,20,1
libero_goal_task4,libero_goal,4,10,0,666b95e5d7b51e4a,666b95e5d7b51e4a,1,success,110,,checkpoints/rgb_only_rerun/batch/libero_goal_task4/act_n10.pt,20,1
libero_goal_task4,libero_goal,4,10,0,b8cab79d8beebd5b,b8cab79d8beebd5b,1,success,135,,checkpoints/rgb_only_rerun/batch/libero_goal_task4/act_n10.pt,20,1
libero_goal_task4,libero_goal,4,10,0,4f00e98ff56eab88,4f00e98ff56eab88,1,success,285,,checkpoints/rgb_only_rerun/batch/libero_goal_task4/act_n10.pt,20,1
libero_goal_task4,libero_goal,4,10,0,1e712db1902f56e8,1e712db1902f56e8,1,success,82,,checkpoints/rgb_only_rerun/batch/libero_goal_task4/act_n10.pt,20,1
libero_goal_task4,libero_goal,4,10,0,ce2657f7818041d2,ce2657f7818041d2,1,success,79,,checkpoints/rgb_only_rerun/batch/libero_goal_task4/act_n10.pt,20,1
libero_goal_task4,libero_goal,4,10,0,38194407f42fbe63,38194407f42fbe63,1,success,130,,checkpoints/rgb_only_rerun/batch/libero_goal_task4/act_n10.pt,20,1
libero_goal_task4,libero_goal,4,20,0,364625c60fafd448,364625c60fafd448,1,success,85,,checkpoints/rgb_only_rerun/batch/libero_goal_task4/act_n20.pt,20,1
libero_goal_task4,libero_goal,4,20,0,3cfe33bb11b40c89,3cfe33bb11b40c89,1,success,79,,checkpoints/rgb_only_rerun/batch/libero_goal_task4/act_n20.pt,20,1
libero_goal_task4,libero_goal,4,20,0,f9e788188eac11ed,f9e788188eac11ed,1,success,116,,checkpoints/rgb_only_rerun/batch/libero_goal_task4/act_n20.pt,20,1
libero_goal_task4,libero_goal,4,20,0,5afc27599e51ad71,5afc27599e51ad71,1,success,109,,checkpoints/rgb_only_rerun/batch/libero_goal_task4/act_n20.pt,20,1
libero_goal_task4,libero_goal,4,20,0,0b9f2959b9736995,0b9f2959b9736995,1,success,82,,checkpoints/rgb_only_rerun/batch/libero_goal_task4/act_n20.pt,20,1
libero_goal_task4,libero_goal,4,20,0,35cbe3a16306c409,35cbe3a16306c409,1,success,143,,checkpoints/rgb_only_rerun/batch/libero_goal_task4/act_n20.pt,20,1
libero_goal_task4,libero_goal,4,20,0,58a06ac7f3f7e991,58a06ac7f3f7e991,1,success,83,,checkpoints/rgb_only_rerun/batch/libero_goal_task4/act_n20.pt,20,1
libero_goal_task4,libero_goal,4,20,0,95e2e1358c2c3f3f,95e2e1358c2c3f3f,1,success,91,,checkpoints/rgb_only_rerun/batch/libero_goal_task4/act_n20.pt,20,1
libero_goal_task4,libero_goal,4,20,0,5db2ef770d9cd8c5,5db2ef770d9cd8c5,1,success,90,,checkpoints/rgb_only_rerun/batch/libero_goal_task4/act_n20.pt,20,1
libero_goal_task4,libero_goal,4,20,0,1c9d855882c57ec9,1c9d855882c57ec9,1,success,180,,checkpoints/rgb_only_rerun/batch/libero_goal_task4/act_n20.pt,20,1
libero_goal_task4,libero_goal,4,20,0,34c411b4c7dc4684,34c411b4c7dc4684,1,success,88,,checkpoints/rgb_only_rerun/batch/libero_goal_task4/act_n20.pt,20,1
libero_goal_task4,libero_goal,4,20,0,ec82e924ceb7dd66,ec82e924ceb7dd66,1,success,143,,checkpoints/rgb_only_rerun/batch/libero_goal_task4/act_n20.pt,20,1
libero_goal_task4,libero_goal,4,20,0,6b736ab395b9318a,6b736ab395b9318a,1,success,113,,checkpoints/rgb_only_rerun/batch/libero_goal_task4/act_n20.pt,20,1
libero_goal_task4,libero_goal,4,20,0,e6502a911b79b201,e6502a911b79b201,1,success,109,,checkpoints/rgb_only_rerun/batch/libero_goal_task4/act_n20.pt,20,1
libero_goal_task4,libero_goal,4,20,0,666b95e5d7b51e4a,666b95e5d7b51e4a,1,success,80,,checkpoints/rgb_only_rerun/batch/libero_goal_task4/act_n20.pt,20,1
libero_goal_task4,libero_goal,4,20,0,b8cab79d8beebd5b,b8cab79d8beebd5b,1,success,79,,checkpoints/rgb_only_rerun/batch/libero_goal_task4/act_n20.pt,20,1
libero_goal_task4,libero_goal,4,20,0,4f00e98ff56eab88,4f00e98ff56eab88,1,success,82,,checkpoints/rgb_only_rerun/batch/libero_goal_task4/act_n20.pt,20,1
libero_goal_task4,libero_goal,4,20,0,1e712db1902f56e8,1e712db1902f56e8,1,success,91,,checkpoints/rgb_only_rerun/batch/libero_goal_task4/act_n20.pt,20,1
libero_goal_task4,libero_goal,4,20,0,ce2657f7818041d2,ce2657f7818041d2,1,success,86,,checkpoints/rgb_only_rerun/batch/libero_goal_task4/act_n20.pt,20,1
libero_goal_task4,libero_goal,4,20,0,38194407f42fbe63,38194407f42fbe63,1,success,115,,checkpoints/rgb_only_rerun/batch/libero_goal_task4/act_n20.pt,20,1
libero_goal_task4,libero_goal,4,40,0,364625c60fafd448,364625c60fafd448,1,success,83,,checkpoints/rgb_only_rerun/batch/libero_goal_task4/act_n40.pt,20,1
libero_goal_task4,libero_goal,4,40,0,3cfe33bb11b40c89,3cfe33bb11b40c89,1,success,85,,checkpoints/rgb_only_rerun/batch/libero_goal_task4/act_n40.pt,20,1
libero_goal_task4,libero_goal,4,40,0,f9e788188eac11ed,f9e788188eac11ed,1,success,84,,checkpoints/rgb_only_rerun/batch/libero_goal_task4/act_n40.pt,20,1
libero_goal_task4,libero_goal,4,40,0,5afc27599e51ad71,5afc27599e51ad71,1,success,80,,checkpoints/rgb_only_rerun/batch/libero_goal_task4/act_n40.pt,20,1
libero_goal_task4,libero_goal,4,40,0,0b9f2959b9736995,0b9f2959b9736995,1,success,80,,checkpoints/rgb_only_rerun/batch/libero_goal_task4/act_n40.pt,20,1
libero_goal_task4,libero_goal,4,40,0,35cbe3a16306c409,35cbe3a16306c409,1,success,81,,checkpoints/rgb_only_rerun/batch/libero_goal_task4/act_n40.pt,20,1
libero_goal_task4,libero_goal,4,40,0,58a06ac7f3f7e991,58a06ac7f3f7e991,1,success,82,,checkpoints/rgb_only_rerun/batch/libero_goal_task4/act_n40.pt,20,1
libero_goal_task4,libero_goal,4,40,0,95e2e1358c2c3f3f,95e2e1358c2c3f3f,1,success,88,,checkpoints/rgb_only_rerun/batch/libero_goal_task4/act_n40.pt,20,1
libero_goal_task4,libero_goal,4,40,0,5db2ef770d9cd8c5,5db2ef770d9cd8c5,1,success,86,,checkpoints/rgb_only_rerun/batch/libero_goal_task4/act_n40.pt,20,1
libero_goal_task4,libero_goal,4,40,0,1c9d855882c57ec9,1c9d855882c57ec9,1,success,81,,checkpoints/rgb_only_rerun/batch/libero_goal_task4/act_n40.pt,20,1
libero_goal_task4,libero_goal,4,40,0,34c411b4c7dc4684,34c411b4c7dc4684,1,success,88,,checkpoints/rgb_only_rerun/batch/libero_goal_task4/act_n40.pt,20,1
libero_goal_task4,libero_goal,4,40,0,ec82e924ceb7dd66,ec82e924ceb7dd66,1,success,83,,checkpoints/rgb_only_rerun/batch/libero_goal_task4/act_n40.pt,20,1
libero_goal_task4,libero_goal,4,40,0,6b736ab395b9318a,6b736ab395b9318a,1,success,81,,checkpoints/rgb_only_rerun/batch/libero_goal_task4/act_n40.pt,20,1
libero_goal_task4,libero_goal,4,40,0,e6502a911b79b201,e6502a911b79b201,1,success,78,,checkpoints/rgb_only_rerun/batch/libero_goal_task4/act_n40.pt,20,1
libero_goal_task4,libero_goal,4,40,0,666b95e5d7b51e4a,666b95e5d7b51e4a,1,success,79,,checkpoints/rgb_only_rerun/batch/libero_goal_task4/act_n40.pt,20,1
libero_goal_task4,libero_goal,4,40,0,b8cab79d8beebd5b,b8cab79d8beebd5b,1,success,79,,checkpoints/rgb_only_rerun/batch/libero_goal_task4/act_n40.pt,20,1
libero_goal_task4,libero_goal,4,40,0,4f00e98ff56eab88,4f00e98ff56eab88,1,success,82,,checkpoints/rgb_only_rerun/batch/libero_goal_task4/act_n40.pt,20,1
libero_goal_task4,libero_goal,4,40,0,1e712db1902f56e8,1e712db1902f56e8,1,success,87,,checkpoints/rgb_only_rerun/batch/libero_goal_task4/act_n40.pt,20,1
libero_goal_task4,libero_goal,4,40,0,ce2657f7818041d2,ce2657f7818041d2,1,success,81,,checkpoints/rgb_only_rerun/batch/libero_goal_task4/act_n40.pt,20,1
libero_goal_task4,libero_goal,4,40,0,38194407f42fbe63,38194407f42fbe63,1,success,80,,checkpoints/rgb_only_rerun/batch/libero_goal_task4/act_n40.pt,20,1
libero_goal_task4,libero_goal,4,80,0,364625c60fafd448,364625c60fafd448,1,success,84,,checkpoints/rgb_only_rerun/batch/libero_goal_task4/act_n80.pt,20,1
libero_goal_task4,libero_goal,4,80,0,3cfe33bb11b40c89,3cfe33bb11b40c89,1,success,84,,checkpoints/rgb_only_rerun/batch/libero_goal_task4/act_n80.pt,20,1
libero_goal_task4,libero_goal,4,80,0,f9e788188eac11ed,f9e788188eac11ed,1,success,84,,checkpoints/rgb_only_rerun/batch/libero_goal_task4/act_n80.pt,20,1
libero_goal_task4,libero_goal,4,80,0,5afc27599e51ad71,5afc27599e51ad71,1,success,81,,checkpoints/rgb_only_rerun/batch/libero_goal_task4/act_n80.pt,20,1
libero_goal_task4,libero_goal,4,80,0,0b9f2959b9736995,0b9f2959b9736995,1,success,81,,checkpoints/rgb_only_rerun/batch/libero_goal_task4/act_n80.pt,20,1
libero_goal_task4,libero_goal,4,80,0,35cbe3a16306c409,35cbe3a16306c409,1,success,82,,checkpoints/rgb_only_rerun/batch/libero_goal_task4/act_n80.pt,20,1
libero_goal_task4,libero_goal,4,80,0,58a06ac7f3f7e991,58a06ac7f3f7e991,1,success,84,,checkpoints/rgb_only_rerun/batch/libero_goal_task4/act_n80.pt,20,1
libero_goal_task4,libero_goal,4,80,0,95e2e1358c2c3f3f,95e2e1358c2c3f3f,1,success,87,,checkpoints/rgb_only_rerun/batch/libero_goal_task4/act_n80.pt,20,1
libero_goal_task4,libero_goal,4,80,0,5db2ef770d9cd8c5,5db2ef770d9cd8c5,1,success,85,,checkpoints/rgb_only_rerun/batch/libero_goal_task4/act_n80.pt,20,1
libero_goal_task4,libero_goal,4,80,0,1c9d855882c57ec9,1c9d855882c57ec9,1,success,81,,checkpoints/rgb_only_rerun/batch/libero_goal_task4/act_n80.pt,20,1
libero_goal_task4,libero_goal,4,80,0,34c411b4c7dc4684,34c411b4c7dc4684,1,success,87,,checkpoints/rgb_only_rerun/batch/libero_goal_task4/act_n80.pt,20,1
libero_goal_task4,libero_goal,4,80,0,ec82e924ceb7dd66,ec82e924ceb7dd66,1,success,82,,checkpoints/rgb_only_rerun/batch/libero_goal_task4/act_n80.pt,20,1
libero_goal_task4,libero_goal,4,80,0,6b736ab395b9318a,6b736ab395b9318a,1,success,79,,checkpoints/rgb_only_rerun/batch/libero_goal_task4/act_n80.pt,20,1
libero_goal_task4,libero_goal,4,80,0,e6502a911b79b201,e6502a911b79b201,1,success,77,,checkpoints/rgb_only_rerun/batch/libero_goal_task4/act_n80.pt,20,1
libero_goal_task4,libero_goal,4,80,0,666b95e5d7b51e4a,666b95e5d7b51e4a,1,success,80,,checkpoints/rgb_only_rerun/batch/libero_goal_task4/act_n80.pt,20,1
libero_goal_task4,libero_goal,4,80,0,b8cab79d8beebd5b,b8cab79d8beebd5b,1,success,81,,checkpoints/rgb_only_rerun/batch/libero_goal_task4/act_n80.pt,20,1
libero_goal_task4,libero_goal,4,80,0,4f00e98ff56eab88,4f00e98ff56eab88,1,success,81,,checkpoints/rgb_only_rerun/batch/libero_goal_task4/act_n80.pt,20,1
libero_goal_task4,libero_goal,4,80,0,1e712db1902f56e8,1e712db1902f56e8,1,success,81,,checkpoints/rgb_only_rerun/batch/libero_goal_task4/act_n80.pt,20,1
libero_goal_task4,libero_goal,4,80,0,ce2657f7818041d2,ce2657f7818041d2,1,success,82,,checkpoints/rgb_only_rerun/batch/libero_goal_task4/act_n80.pt,20,1
libero_goal_task4,libero_goal,4,80,0,38194407f42fbe63,38194407f42fbe63,1,success,82,,checkpoints/rgb_only_rerun/batch/libero_goal_task4/act_n80.pt,20,1
libero_goal_task5,libero_goal,5,10,0,2424c470f2824d8c,2424c470f2824d8c,1,success,117,,checkpoints/rgb_only_rerun/batch/libero_goal_task5/act_n10.pt,20,1
libero_goal_task5,libero_goal,5,10,0,59f9e2a74327d35b,59f9e2a74327d35b,1,success,120,,checkpoints/rgb_only_rerun/batch/libero_goal_task5/act_n10.pt,20,1
libero_goal_task5,libero_goal,5,10,0,5b71088f5bd23ee6,5b71088f5bd23ee6,1,success,116,,checkpoints/rgb_only_rerun/batch/libero_goal_task5/act_n10.pt,20,1
libero_goal_task5,libero_goal,5,10,0,0d9eef34ece41ad4,0d9eef34ece41ad4,1,success,116,,checkpoints/rgb_only_rerun/batch/libero_goal_task5/act_n10.pt,20,1
libero_goal_task5,libero_goal,5,10,0,4a5fa2105c937fe3,4a5fa2105c937fe3,1,success,123,,checkpoints/rgb_only_rerun/batch/libero_goal_task5/act_n10.pt,20,1
libero_goal_task5,libero_goal,5,10,0,b6a3d7b3672e6a1b,b6a3d7b3672e6a1b,1,success,128,,checkpoints/rgb_only_rerun/batch/libero_goal_task5/act_n10.pt,20,1
libero_goal_task5,libero_goal,5,10,0,897b813ec4931101,897b813ec4931101,1,success,120,,checkpoints/rgb_only_rerun/batch/libero_goal_task5/act_n10.pt,20,1
libero_goal_task5,libero_goal,5,10,0,290490107cf6aa51,290490107cf6aa51,1,success,110,,checkpoints/rgb_only_rerun/batch/libero_goal_task5/act_n10.pt,20,1
libero_goal_task5,libero_goal,5,10,0,760910e9d9b3c04f,760910e9d9b3c04f,1,success,116,,checkpoints/rgb_only_rerun/batch/libero_goal_task5/act_n10.pt,20,1
libero_goal_task5,libero_goal,5,10,0,9b50ff19a13e6d61,9b50ff19a13e6d61,1,success,102,,checkpoints/rgb_only_rerun/batch/libero_goal_task5/act_n10.pt,20,1
libero_goal_task5,libero_goal,5,10,0,d4d0fc408e42f90a,d4d0fc408e42f90a,1,success,114,,checkpoints/rgb_only_rerun/batch/libero_goal_task5/act_n10.pt,20,1
libero_goal_task5,libero_goal,5,10,0,e7bfd957dda3d53d,e7bfd957dda3d53d,1,success,120,,checkpoints/rgb_only_rerun/batch/libero_goal_task5/act_n10.pt,20,1
libero_goal_task5,libero_goal,5,10,0,68d070058f675972,68d070058f675972,1,success,113,,checkpoints/rgb_only_rerun/batch/libero_goal_task5/act_n10.pt,20,1
libero_goal_task5,libero_goal,5,10,0,dcdffa234746268d,dcdffa234746268d,1,success,118,,checkpoints/rgb_only_rerun/batch/libero_goal_task5/act_n10.pt,20,1
libero_goal_task5,libero_goal,5,10,0,fea63790d5cdb5df,fea63790d5cdb5df,1,success,119,,checkpoints/rgb_only_rerun/batch/libero_goal_task5/act_n10.pt,20,1
libero_goal_task5,libero_goal,5,10,0,b09a50cbfa9bd8f6,b09a50cbfa9bd8f6,1,success,110,,checkpoints/rgb_only_rerun/batch/libero_goal_task5/act_n10.pt,20,1
libero_goal_task5,libero_goal,5,10,0,395bfc566726322e,395bfc566726322e,1,success,124,,checkpoints/rgb_only_rerun/batch/libero_goal_task5/act_n10.pt,20,1
libero_goal_task5,libero_goal,5,10,0,5c410d858a7a859f,5c410d858a7a859f,0,fail,300,,checkpoints/rgb_only_rerun/batch/libero_goal_task5/act_n10.pt,20,1
libero_goal_task5,libero_goal,5,10,0,230df045b171f90c,230df045b171f90c,1,success,115,,checkpoints/rgb_only_rerun/batch/libero_goal_task5/act_n10.pt,20,1
libero_goal_task5,libero_goal,5,10,0,3425b7f1f088c44c,3425b7f1f088c44c,1,success,117,,checkpoints/rgb_only_rerun/batch/libero_goal_task5/act_n10.pt,20,1
libero_goal_task5,libero_goal,5,20,0,2424c470f2824d8c,2424c470f2824d8c,1,success,112,,checkpoints/rgb_only_rerun/batch/libero_goal_task5/act_n20.pt,20,1
libero_goal_task5,libero_goal,5,20,0,59f9e2a74327d35b,59f9e2a74327d35b,1,success,120,,checkpoints/rgb_only_rerun/batch/libero_goal_task5/act_n20.pt,20,1
libero_goal_task5,libero_goal,5,20,0,5b71088f5bd23ee6,5b71088f5bd23ee6,1,success,118,,checkpoints/rgb_only_rerun/batch/libero_goal_task5/act_n20.pt,20,1
libero_goal_task5,libero_goal,5,20,0,0d9eef34ece41ad4,0d9eef34ece41ad4,1,success,112,,checkpoints/rgb_only_rerun/batch/libero_goal_task5/act_n20.pt,20,1
libero_goal_task5,libero_goal,5,20,0,4a5fa2105c937fe3,4a5fa2105c937fe3,1,success,115,,checkpoints/rgb_only_rerun/batch/libero_goal_task5/act_n20.pt,20,1
libero_goal_task5,libero_goal,5,20,0,b6a3d7b3672e6a1b,b6a3d7b3672e6a1b,1,success,119,,checkpoints/rgb_only_rerun/batch/libero_goal_task5/act_n20.pt,20,1
libero_goal_task5,libero_goal,5,20,0,897b813ec4931101,897b813ec4931101,1,success,117,,checkpoints/rgb_only_rerun/batch/libero_goal_task5/act_n20.pt,20,1
libero_goal_task5,libero_goal,5,20,0,290490107cf6aa51,290490107cf6aa51,1,success,114,,checkpoints/rgb_only_rerun/batch/libero_goal_task5/act_n20.pt,20,1
libero_goal_task5,libero_goal,5,20,0,760910e9d9b3c04f,760910e9d9b3c04f,1,success,118,,checkpoints/rgb_only_rerun/batch/libero_goal_task5/act_n20.pt,20,1
libero_goal_task5,libero_goal,5,20,0,9b50ff19a13e6d61,9b50ff19a13e6d61,1,success,107,,checkpoints/rgb_only_rerun/batch/libero_goal_task5/act_n20.pt,20,1
libero_goal_task5,libero_goal,5,20,0,d4d0fc408e42f90a,d4d0fc408e42f90a,1,success,114,,checkpoints/rgb_only_rerun/batch/libero_goal_task5/act_n20.pt,20,1
libero_goal_task5,libero_goal,5,20,0,e7bfd957dda3d53d,e7bfd957dda3d53d,1,success,121,,checkpoints/rgb_only_rerun/batch/libero_goal_task5/act_n20.pt,20,1
libero_goal_task5,libero_goal,5,20,0,68d070058f675972,68d070058f675972,1,success,117,,checkpoints/rgb_only_rerun/batch/libero_goal_task5/act_n20.pt,20,1
libero_goal_task5,libero_goal,5,20,0,dcdffa234746268d,dcdffa234746268d,1,success,121,,checkpoints/rgb_only_rerun/batch/libero_goal_task5/act_n20.pt,20,1
libero_goal_task5,libero_goal,5,20,0,fea63790d5cdb5df,fea63790d5cdb5df,1,success,115,,checkpoints/rgb_only_rerun/batch/libero_goal_task5/act_n20.pt,20,1
libero_goal_task5,libero_goal,5,20,0,b09a50cbfa9bd8f6,b09a50cbfa9bd8f6,1,success,113,,checkpoints/rgb_only_rerun/batch/libero_goal_task5/act_n20.pt,20,1
libero_goal_task5,libero_goal,5,20,0,395bfc566726322e,395bfc566726322e,1,success,122,,checkpoints/rgb_only_rerun/batch/libero_goal_task5/act_n20.pt,20,1
libero_goal_task5,libero_goal,5,20,0,5c410d858a7a859f,5c410d858a7a859f,1,success,113,,checkpoints/rgb_only_rerun/batch/libero_goal_task5/act_n20.pt,20,1
libero_goal_task5,libero_goal,5,20,0,230df045b171f90c,230df045b171f90c,1,success,111,,checkpoints/rgb_only_rerun/batch/libero_goal_task5/act_n20.pt,20,1
libero_goal_task5,libero_goal,5,20,0,3425b7f1f088c44c,3425b7f1f088c44c,1,success,110,,checkpoints/rgb_only_rerun/batch/libero_goal_task5/act_n20.pt,20,1
libero_goal_task5,libero_goal,5,40,0,2424c470f2824d8c,2424c470f2824d8c,1,success,117,,checkpoints/rgb_only_rerun/batch/libero_goal_task5/act_n40.pt,20,1
libero_goal_task5,libero_goal,5,40,0,59f9e2a74327d35b,59f9e2a74327d35b,1,success,112,,checkpoints/rgb_only_rerun/batch/libero_goal_task5/act_n40.pt,20,1
libero_goal_task5,libero_goal,5,40,0,5b71088f5bd23ee6,5b71088f5bd23ee6,1,success,111,,checkpoints/rgb_only_rerun/batch/libero_goal_task5/act_n40.pt,20,1
libero_goal_task5,libero_goal,5,40,0,0d9eef34ece41ad4,0d9eef34ece41ad4,1,success,113,,checkpoints/rgb_only_rerun/batch/libero_goal_task5/act_n40.pt,20,1
libero_goal_task5,libero_goal,5,40,0,4a5fa2105c937fe3,4a5fa2105c937fe3,1,success,108,,checkpoints/rgb_only_rerun/batch/libero_goal_task5/act_n40.pt,20,1
libero_goal_task5,libero_goal,5,40,0,b6a3d7b3672e6a1b,b6a3d7b3672e6a1b,1,success,109,,checkpoints/rgb_only_rerun/batch/libero_goal_task5/act_n40.pt,20,1
libero_goal_task5,libero_goal,5,40,0,897b813ec4931101,897b813ec4931101,1,success,116,,checkpoints/rgb_only_rerun/batch/libero_goal_task5/act_n40.pt,20,1
libero_goal_task5,libero_goal,5,40,0,290490107cf6aa51,290490107cf6aa51,1,success,112,,checkpoints/rgb_only_rerun/batch/libero_goal_task5/act_n40.pt,20,1
libero_goal_task5,libero_goal,5,40,0,760910e9d9b3c04f,760910e9d9b3c04f,1,success,112,,checkpoints/rgb_only_rerun/batch/libero_goal_task5/act_n40.pt,20,1
libero_goal_task5,libero_goal,5,40,0,9b50ff19a13e6d61,9b50ff19a13e6d61,1,success,97,,checkpoints/rgb_only_rerun/batch/libero_goal_task5/act_n40.pt,20,1
libero_goal_task5,libero_goal,5,40,0,d4d0fc408e42f90a,d4d0fc408e42f90a,1,success,118,,checkpoints/rgb_only_rerun/batch/libero_goal_task5/act_n40.pt,20,1
libero_goal_task5,libero_goal,5,40,0,e7bfd957dda3d53d,e7bfd957dda3d53d,1,success,109,,checkpoints/rgb_only_rerun/batch/libero_goal_task5/act_n40.pt,20,1
libero_goal_task5,libero_goal,5,40,0,68d070058f675972,68d070058f675972,0,fail,300,,checkpoints/rgb_only_rerun/batch/libero_goal_task5/act_n40.pt,20,1
libero_goal_task5,libero_goal,5,40,0,dcdffa234746268d,dcdffa234746268d,1,success,116,,checkpoints/rgb_only_rerun/batch/libero_goal_task5/act_n40.pt,20,1
libero_goal_task5,libero_goal,5,40,0,fea63790d5cdb5df,fea63790d5cdb5df,1,success,116,,checkpoints/rgb_only_rerun/batch/libero_goal_task5/act_n40.pt,20,1
libero_goal_task5,libero_goal,5,40,0,b09a50cbfa9bd8f6,b09a50cbfa9bd8f6,1,success,111,,checkpoints/rgb_only_rerun/batch/libero_goal_task5/act_n40.pt,20,1
libero_goal_task5,libero_goal,5,40,0,395bfc566726322e,395bfc566726322e,1,success,121,,checkpoints/rgb_only_rerun/batch/libero_goal_task5/act_n40.pt,20,1
libero_goal_task5,libero_goal,5,40,0,5c410d858a7a859f,5c410d858a7a859f,1,success,114,,checkpoints/rgb_only_rerun/batch/libero_goal_task5/act_n40.pt,20,1
libero_goal_task5,libero_goal,5,40,0,230df045b171f90c,230df045b171f90c,1,success,113,,checkpoints/rgb_only_rerun/batch/libero_goal_task5/act_n40.pt,20,1
libero_goal_task5,libero_goal,5,40,0,3425b7f1f088c44c,3425b7f1f088c44c,1,success,100,,checkpoints/rgb_only_rerun/batch/libero_goal_task5/act_n40.pt,20,1
libero_goal_task5,libero_goal,5,80,0,2424c470f2824d8c,2424c470f2824d8c,1,success,119,,checkpoints/rgb_only_rerun/batch/libero_goal_task5/act_n80.pt,20,1
libero_goal_task5,libero_goal,5,80,0,59f9e2a74327d35b,59f9e2a74327d35b,1,success,119,,checkpoints/rgb_only_rerun/batch/libero_goal_task5/act_n80.pt,20,1
libero_goal_task5,libero_goal,5,80,0,5b71088f5bd23ee6,5b71088f5bd23ee6,1,success,126,,checkpoints/rgb_only_rerun/batch/libero_goal_task5/act_n80.pt,20,1
libero_goal_task5,libero_goal,5,80,0,0d9eef34ece41ad4,0d9eef34ece41ad4,1,success,126,,checkpoints/rgb_only_rerun/batch/libero_goal_task5/act_n80.pt,20,1
libero_goal_task5,libero_goal,5,80,0,4a5fa2105c937fe3,4a5fa2105c937fe3,1,success,121,,checkpoints/rgb_only_rerun/batch/libero_goal_task5/act_n80.pt,20,1
libero_goal_task5,libero_goal,5,80,0,b6a3d7b3672e6a1b,b6a3d7b3672e6a1b,1,success,118,,checkpoints/rgb_only_rerun/batch/libero_goal_task5/act_n80.pt,20,1
libero_goal_task5,libero_goal,5,80,0,897b813ec4931101,897b813ec4931101,1,success,121,,checkpoints/rgb_only_rerun/batch/libero_goal_task5/act_n80.pt,20,1
libero_goal_task5,libero_goal,5,80,0,290490107cf6aa51,290490107cf6aa51,1,success,118,,checkpoints/rgb_only_rerun/batch/libero_goal_task5/act_n80.pt,20,1
libero_goal_task5,libero_goal,5,80,0,760910e9d9b3c04f,760910e9d9b3c04f,1,success,125,,checkpoints/rgb_only_rerun/batch/libero_goal_task5/act_n80.pt,20,1
libero_goal_task5,libero_goal,5,80,0,9b50ff19a13e6d61,9b50ff19a13e6d61,1,success,104,,checkpoints/rgb_only_rerun/batch/libero_goal_task5/act_n80.pt,20,1
libero_goal_task5,libero_goal,5,80,0,d4d0fc408e42f90a,d4d0fc408e42f90a,1,success,120,,checkpoints/rgb_only_rerun/batch/libero_goal_task5/act_n80.pt,20,1
libero_goal_task5,libero_goal,5,80,0,e7bfd957dda3d53d,e7bfd957dda3d53d,1,success,116,,checkpoints/rgb_only_rerun/batch/libero_goal_task5/act_n80.pt,20,1
libero_goal_task5,libero_goal,5,80,0,68d070058f675972,68d070058f675972,1,success,132,,checkpoints/rgb_only_rerun/batch/libero_goal_task5/act_n80.pt,20,1
libero_goal_task5,libero_goal,5,80,0,dcdffa234746268d,dcdffa234746268d,1,success,120,,checkpoints/rgb_only_rerun/batch/libero_goal_task5/act_n80.pt,20,1
libero_goal_task5,libero_goal,5,80,0,fea63790d5cdb5df,fea63790d5cdb5df,1,success,129,,checkpoints/rgb_only_rerun/batch/libero_goal_task5/act_n80.pt,20,1
libero_goal_task5,libero_goal,5,80,0,b09a50cbfa9bd8f6,b09a50cbfa9bd8f6,1,success,122,,checkpoints/rgb_only_rerun/batch/libero_goal_task5/act_n80.pt,20,1
libero_goal_task5,libero_goal,5,80,0,395bfc566726322e,395bfc566726322e,1,success,126,,checkpoints/rgb_only_rerun/batch/libero_goal_task5/act_n80.pt,20,1
libero_goal_task5,libero_goal,5,80,0,5c410d858a7a859f,5c410d858a7a859f,1,success,119,,checkpoints/rgb_only_rerun/batch/libero_goal_task5/act_n80.pt,20,1
libero_goal_task5,libero_goal,5,80,0,230df045b171f90c,230df045b171f90c,1,success,128,,checkpoints/rgb_only_rerun/batch/libero_goal_task5/act_n80.pt,20,1
libero_goal_task5,libero_goal,5,80,0,3425b7f1f088c44c,3425b7f1f088c44c,1,success,103,,checkpoints/rgb_only_rerun/batch/libero_goal_task5/act_n80.pt,20,1
libero_goal_task6,libero_goal,6,10,0,ebc96d9d72f043fc,ebc96d9d72f043fc,1,success,131,,checkpoints/rgb_only_rerun/batch/libero_goal_task6/act_n10.pt,20,1
libero_goal_task6,libero_goal,6,10,0,bda568777f2d1b28,bda568777f2d1b28,0,fail,300,,checkpoints/rgb_only_rerun/batch/libero_goal_task6/act_n10.pt,20,1
libero_goal_task6,libero_goal,6,10,0,d8f00cdd49d69dcf,d8f00cdd49d69dcf,0,fail,300,,checkpoints/rgb_only_rerun/batch/libero_goal_task6/act_n10.pt,20,1
libero_goal_task6,libero_goal,6,10,0,4c848915334785c1,4c848915334785c1,0,fail,300,,checkpoints/rgb_only_rerun/batch/libero_goal_task6/act_n10.pt,20,1
libero_goal_task6,libero_goal,6,10,0,afa3c4c589ab6588,afa3c4c589ab6588,1,success,90,,checkpoints/rgb_only_rerun/batch/libero_goal_task6/act_n10.pt,20,1
libero_goal_task6,libero_goal,6,10,0,d593f84831efb865,d593f84831efb865,1,success,88,,checkpoints/rgb_only_rerun/batch/libero_goal_task6/act_n10.pt,20,1
libero_goal_task6,libero_goal,6,10,0,8b19c2a64cb01559,8b19c2a64cb01559,0,fail,300,,checkpoints/rgb_only_rerun/batch/libero_goal_task6/act_n10.pt,20,1
libero_goal_task6,libero_goal,6,10,0,b0b82523bacb7c06,b0b82523bacb7c06,0,fail,300,,checkpoints/rgb_only_rerun/batch/libero_goal_task6/act_n10.pt,20,1
libero_goal_task6,libero_goal,6,10,0,01be6ae4d65642ee,01be6ae4d65642ee,0,fail,300,,checkpoints/rgb_only_rerun/batch/libero_goal_task6/act_n10.pt,20,1
libero_goal_task6,libero_goal,6,10,0,701b6625b1cfd152,701b6625b1cfd152,1,success,82,,checkpoints/rgb_only_rerun/batch/libero_goal_task6/act_n10.pt,20,1
libero_goal_task6,libero_goal,6,10,0,240a5aaee031918d,240a5aaee031918d,1,success,90,,checkpoints/rgb_only_rerun/batch/libero_goal_task6/act_n10.pt,20,1
libero_goal_task6,libero_goal,6,10,0,62913636dc2d7c2a,62913636dc2d7c2a,1,success,93,,checkpoints/rgb_only_rerun/batch/libero_goal_task6/act_n10.pt,20,1
libero_goal_task6,libero_goal,6,10,0,35513a1d476c53cd,35513a1d476c53cd,0,fail,300,,checkpoints/rgb_only_rerun/batch/libero_goal_task6/act_n10.pt,20,1
libero_goal_task6,libero_goal,6,10,0,4790ec7e8c88d90d,4790ec7e8c88d90d,0,fail,300,,checkpoints/rgb_only_rerun/batch/libero_goal_task6/act_n10.pt,20,1
libero_goal_task6,libero_goal,6,10,0,15967da3784668d6,15967da3784668d6,1,success,90,,checkpoints/rgb_only_rerun/batch/libero_goal_task6/act_n10.pt,20,1
libero_goal_task6,libero_goal,6,10,0,e1e3778c14f694d3,e1e3778c14f694d3,1,success,88,,checkpoints/rgb_only_rerun/batch/libero_goal_task6/act_n10.pt,20,1
libero_goal_task6,libero_goal,6,10,0,7abfef81b0813191,7abfef81b0813191,0,fail,300,,checkpoints/rgb_only_rerun/batch/libero_goal_task6/act_n10.pt,20,1
libero_goal_task6,libero_goal,6,10,0,cfb79d7eab3a5e2b,cfb79d7eab3a5e2b,0,fail,300,,checkpoints/rgb_only_rerun/batch/libero_goal_task6/act_n10.pt,20,1
libero_goal_task6,libero_goal,6,10,0,157934345e016cbc,157934345e016cbc,1,success,88,,checkpoints/rgb_only_rerun/batch/libero_goal_task6/act_n10.pt,20,1
libero_goal_task6,libero_goal,6,10,0,7b42e61e6d945ca7,7b42e61e6d945ca7,1,success,98,,checkpoints/rgb_only_rerun/batch/libero_goal_task6/act_n10.pt,20,1
libero_goal_task6,libero_goal,6,20,0,ebc96d9d72f043fc,ebc96d9d72f043fc,1,success,83,,checkpoints/rgb_only_rerun/batch/libero_goal_task6/act_n20.pt,20,1
libero_goal_task6,libero_goal,6,20,0,bda568777f2d1b28,bda568777f2d1b28,1,success,89,,checkpoints/rgb_only_rerun/batch/libero_goal_task6/act_n20.pt,20,1
libero_goal_task6,libero_goal,6,20,0,d8f00cdd49d69dcf,d8f00cdd49d69dcf,1,success,87,,checkpoints/rgb_only_rerun/batch/libero_goal_task6/act_n20.pt,20,1
libero_goal_task6,libero_goal,6,20,0,4c848915334785c1,4c848915334785c1,1,success,100,,checkpoints/rgb_only_rerun/batch/libero_goal_task6/act_n20.pt,20,1
libero_goal_task6,libero_goal,6,20,0,afa3c4c589ab6588,afa3c4c589ab6588,1,success,89,,checkpoints/rgb_only_rerun/batch/libero_goal_task6/act_n20.pt,20,1
libero_goal_task6,libero_goal,6,20,0,d593f84831efb865,d593f84831efb865,1,success,88,,checkpoints/rgb_only_rerun/batch/libero_goal_task6/act_n20.pt,20,1
libero_goal_task6,libero_goal,6,20,0,8b19c2a64cb01559,8b19c2a64cb01559,1,success,97,,checkpoints/rgb_only_rerun/batch/libero_goal_task6/act_n20.pt,20,1
libero_goal_task6,libero_goal,6,20,0,b0b82523bacb7c06,b0b82523bacb7c06,0,fail,300,,checkpoints/rgb_only_rerun/batch/libero_goal_task6/act_n20.pt,20,1
libero_goal_task6,libero_goal,6,20,0,01be6ae4d65642ee,01be6ae4d65642ee,1,success,82,,checkpoints/rgb_only_rerun/batch/libero_goal_task6/act_n20.pt,20,1
libero_goal_task6,libero_goal,6,20,0,701b6625b1cfd152,701b6625b1cfd152,1,success,91,,checkpoints/rgb_only_rerun/batch/libero_goal_task6/act_n20.pt,20,1
libero_goal_task6,libero_goal,6,20,0,240a5aaee031918d,240a5aaee031918d,1,success,98,,checkpoints/rgb_only_rerun/batch/libero_goal_task6/act_n20.pt,20,1
libero_goal_task6,libero_goal,6,20,0,62913636dc2d7c2a,62913636dc2d7c2a,1,success,87,,checkpoints/rgb_only_rerun/batch/libero_goal_task6/act_n20.pt,20,1
libero_goal_task6,libero_goal,6,20,0,35513a1d476c53cd,35513a1d476c53cd,1,success,89,,checkpoints/rgb_only_rerun/batch/libero_goal_task6/act_n20.pt,20,1
libero_goal_task6,libero_goal,6,20,0,4790ec7e8c88d90d,4790ec7e8c88d90d,1,success,90,,checkpoints/rgb_only_rerun/batch/libero_goal_task6/act_n20.pt,20,1
libero_goal_task6,libero_goal,6,20,0,15967da3784668d6,15967da3784668d6,1,success,89,,checkpoints/rgb_only_rerun/batch/libero_goal_task6/act_n20.pt,20,1
libero_goal_task6,libero_goal,6,20,0,e1e3778c14f694d3,e1e3778c14f694d3,1,success,89,,checkpoints/rgb_only_rerun/batch/libero_goal_task6/act_n20.pt,20,1
libero_goal_task6,libero_goal,6,20,0,7abfef81b0813191,7abfef81b0813191,1,success,97,,checkpoints/rgb_only_rerun/batch/libero_goal_task6/act_n20.pt,20,1
libero_goal_task6,libero_goal,6,20,0,cfb79d7eab3a5e2b,cfb79d7eab3a5e2b,0,fail,300,,checkpoints/rgb_only_rerun/batch/libero_goal_task6/act_n20.pt,20,1
libero_goal_task6,libero_goal,6,20,0,157934345e016cbc,157934345e016cbc,1,success,80,,checkpoints/rgb_only_rerun/batch/libero_goal_task6/act_n20.pt,20,1
libero_goal_task6,libero_goal,6,20,0,7b42e61e6d945ca7,7b42e61e6d945ca7,1,success,86,,checkpoints/rgb_only_rerun/batch/libero_goal_task6/act_n20.pt,20,1
libero_goal_task6,libero_goal,6,40,0,ebc96d9d72f043fc,ebc96d9d72f043fc,1,success,90,,checkpoints/rgb_only_rerun/batch/libero_goal_task6/act_n40.pt,20,1
libero_goal_task6,libero_goal,6,40,0,bda568777f2d1b28,bda568777f2d1b28,0,fail,300,,checkpoints/rgb_only_rerun/batch/libero_goal_task6/act_n40.pt,20,1
libero_goal_task6,libero_goal,6,40,0,d8f00cdd49d69dcf,d8f00cdd49d69dcf,1,success,87,,checkpoints/rgb_only_rerun/batch/libero_goal_task6/act_n40.pt,20,1
libero_goal_task6,libero_goal,6,40,0,4c848915334785c1,4c848915334785c1,1,success,99,,checkpoints/rgb_only_rerun/batch/libero_goal_task6/act_n40.pt,20,1
libero_goal_task6,libero_goal,6,40,0,afa3c4c589ab6588,afa3c4c589ab6588,1,success,93,,checkpoints/rgb_only_rerun/batch/libero_goal_task6/act_n40.pt,20,1
libero_goal_task6,libero_goal,6,40,0,d593f84831efb865,d593f84831efb865,1,success,88,,checkpoints/rgb_only_rerun/batch/libero_goal_task6/act_n40.pt,20,1
libero_goal_task6,libero_goal,6,40,0,8b19c2a64cb01559,8b19c2a64cb01559,1,success,97,,checkpoints/rgb_only_rerun/batch/libero_goal_task6/act_n40.pt,20,1
libero_goal_task6,libero_goal,6,40,0,b0b82523bacb7c06,b0b82523bacb7c06,0,fail,300,,checkpoints/rgb_only_rerun/batch/libero_goal_task6/act_n40.pt,20,1
libero_goal_task6,libero_goal,6,40,0,01be6ae4d65642ee,01be6ae4d65642ee,1,success,89,,checkpoints/rgb_only_rerun/batch/libero_goal_task6/act_n40.pt,20,1
libero_goal_task6,libero_goal,6,40,0,701b6625b1cfd152,701b6625b1cfd152,1,success,102,,checkpoints/rgb_only_rerun/batch/libero_goal_task6/act_n40.pt,20,1
libero_goal_task6,libero_goal,6,40,0,240a5aaee031918d,240a5aaee031918d,1,success,92,,checkpoints/rgb_only_rerun/batch/libero_goal_task6/act_n40.pt,20,1
libero_goal_task6,libero_goal,6,40,0,62913636dc2d7c2a,62913636dc2d7c2a,1,success,89,,checkpoints/rgb_only_rerun/batch/libero_goal_task6/act_n40.pt,20,1
libero_goal_task6,libero_goal,6,40,0,35513a1d476c53cd,35513a1d476c53cd,1,success,100,,checkpoints/rgb_only_rerun/batch/libero_goal_task6/act_n40.pt,20,1
libero_goal_task6,libero_goal,6,40,0,4790ec7e8c88d90d,4790ec7e8c88d90d,1,success,96,,checkpoints/rgb_only_rerun/batch/libero_goal_task6/act_n40.pt,20,1
libero_goal_task6,libero_goal,6,40,0,15967da3784668d6,15967da3784668d6,1,success,88,,checkpoints/rgb_only_rerun/batch/libero_goal_task6/act_n40.pt,20,1
libero_goal_task6,libero_goal,6,40,0,e1e3778c14f694d3,e1e3778c14f694d3,1,success,96,,checkpoints/rgb_only_rerun/batch/libero_goal_task6/act_n40.pt,20,1
libero_goal_task6,libero_goal,6,40,0,7abfef81b0813191,7abfef81b0813191,1,success,97,,checkpoints/rgb_only_rerun/batch/libero_goal_task6/act_n40.pt,20,1
libero_goal_task6,libero_goal,6,40,0,cfb79d7eab3a5e2b,cfb79d7eab3a5e2b,0,fail,300,,checkpoints/rgb_only_rerun/batch/libero_goal_task6/act_n40.pt,20,1
libero_goal_task6,libero_goal,6,40,0,157934345e016cbc,157934345e016cbc,1,success,87,,checkpoints/rgb_only_rerun/batch/libero_goal_task6/act_n40.pt,20,1
libero_goal_task6,libero_goal,6,40,0,7b42e61e6d945ca7,7b42e61e6d945ca7,1,success,96,,checkpoints/rgb_only_rerun/batch/libero_goal_task6/act_n40.pt,20,1
libero_goal_task6,libero_goal,6,80,0,ebc96d9d72f043fc,ebc96d9d72f043fc,1,success,93,,checkpoints/rgb_only_rerun/batch/libero_goal_task6/act_n80.pt,20,1
libero_goal_task6,libero_goal,6,80,0,bda568777f2d1b28,bda568777f2d1b28,1,success,87,,checkpoints/rgb_only_rerun/batch/libero_goal_task6/act_n80.pt,20,1
libero_goal_task6,libero_goal,6,80,0,d8f00cdd49d69dcf,d8f00cdd49d69dcf,1,success,88,,checkpoints/rgb_only_rerun/batch/libero_goal_task6/act_n80.pt,20,1
libero_goal_task6,libero_goal,6,80,0,4c848915334785c1,4c848915334785c1,1,success,86,,checkpoints/rgb_only_rerun/batch/libero_goal_task6/act_n80.pt,20,1
libero_goal_task6,libero_goal,6,80,0,afa3c4c589ab6588,afa3c4c589ab6588,1,success,93,,checkpoints/rgb_only_rerun/batch/libero_goal_task6/act_n80.pt,20,1
libero_goal_task6,libero_goal,6,80,0,d593f84831efb865,d593f84831efb865,1,success,90,,checkpoints/rgb_only_rerun/batch/libero_goal_task6/act_n80.pt,20,1
libero_goal_task6,libero_goal,6,80,0,8b19c2a64cb01559,8b19c2a64cb01559,1,success,89,,checkpoints/rgb_only_rerun/batch/libero_goal_task6/act_n80.pt,20,1
libero_goal_task6,libero_goal,6,80,0,b0b82523bacb7c06,b0b82523bacb7c06,0,fail,300,,checkpoints/rgb_only_rerun/batch/libero_goal_task6/act_n80.pt,20,1
libero_goal_task6,libero_goal,6,80,0,01be6ae4d65642ee,01be6ae4d65642ee,1,success,90,,checkpoints/rgb_only_rerun/batch/libero_goal_task6/act_n80.pt,20,1
libero_goal_task6,libero_goal,6,80,0,701b6625b1cfd152,701b6625b1cfd152,1,success,96,,checkpoints/rgb_only_rerun/batch/libero_goal_task6/act_n80.pt,20,1
libero_goal_task6,libero_goal,6,80,0,240a5aaee031918d,240a5aaee031918d,1,success,99,,checkpoints/rgb_only_rerun/batch/libero_goal_task6/act_n80.pt,20,1
libero_goal_task6,libero_goal,6,80,0,62913636dc2d7c2a,62913636dc2d7c2a,1,success,88,,checkpoints/rgb_only_rerun/batch/libero_goal_task6/act_n80.pt,20,1
libero_goal_task6,libero_goal,6,80,0,35513a1d476c53cd,35513a1d476c53cd,1,success,88,,checkpoints/rgb_only_rerun/batch/libero_goal_task6/act_n80.pt,20,1
libero_goal_task6,libero_goal,6,80,0,4790ec7e8c88d90d,4790ec7e8c88d90d,1,success,84,,checkpoints/rgb_only_rerun/batch/libero_goal_task6/act_n80.pt,20,1
libero_goal_task6,libero_goal,6,80,0,15967da3784668d6,15967da3784668d6,1,success,93,,checkpoints/rgb_only_rerun/batch/libero_goal_task6/act_n80.pt,20,1
libero_goal_task6,libero_goal,6,80,0,e1e3778c14f694d3,e1e3778c14f694d3,1,success,93,,checkpoints/rgb_only_rerun/batch/libero_goal_task6/act_n80.pt,20,1
libero_goal_task6,libero_goal,6,80,0,7abfef81b0813191,7abfef81b0813191,1,success,88,,checkpoints/rgb_only_rerun/batch/libero_goal_task6/act_n80.pt,20,1
libero_goal_task6,libero_goal,6,80,0,cfb79d7eab3a5e2b,cfb79d7eab3a5e2b,1,success,85,,checkpoints/rgb_only_rerun/batch/libero_goal_task6/act_n80.pt,20,1
libero_goal_task6,libero_goal,6,80,0,157934345e016cbc,157934345e016cbc,1,success,89,,checkpoints/rgb_only_rerun/batch/libero_goal_task6/act_n80.pt,20,1
libero_goal_task6,libero_goal,6,80,0,7b42e61e6d945ca7,7b42e61e6d945ca7,1,success,100,,checkpoints/rgb_only_rerun/batch/libero_goal_task6/act_n80.pt,20,1
libero_goal_task7,libero_goal,7,10,0,e69254688708eb14,e69254688708eb14,1,success,71,,checkpoints/rgb_only_rerun/batch/libero_goal_task7/act_n10.pt,20,1
libero_goal_task7,libero_goal,7,10,0,22dd7e6f5217e8bd,22dd7e6f5217e8bd,1,success,72,,checkpoints/rgb_only_rerun/batch/libero_goal_task7/act_n10.pt,20,1
libero_goal_task7,libero_goal,7,10,0,f262c24a70e11785,f262c24a70e11785,1,success,66,,checkpoints/rgb_only_rerun/batch/libero_goal_task7/act_n10.pt,20,1
libero_goal_task7,libero_goal,7,10,0,22e756711eecc67c,22e756711eecc67c,1,success,72,,checkpoints/rgb_only_rerun/batch/libero_goal_task7/act_n10.pt,20,1
libero_goal_task7,libero_goal,7,10,0,a18f1806e9830da1,a18f1806e9830da1,1,success,79,,checkpoints/rgb_only_rerun/batch/libero_goal_task7/act_n10.pt,20,1
libero_goal_task7,libero_goal,7,10,0,2c6660583d228db3,2c6660583d228db3,1,success,71,,checkpoints/rgb_only_rerun/batch/libero_goal_task7/act_n10.pt,20,1
libero_goal_task7,libero_goal,7,10,0,ea390c8fcf55c5cf,ea390c8fcf55c5cf,1,success,73,,checkpoints/rgb_only_rerun/batch/libero_goal_task7/act_n10.pt,20,1
libero_goal_task7,libero_goal,7,10,0,c80d7d829194b098,c80d7d829194b098,1,success,71,,checkpoints/rgb_only_rerun/batch/libero_goal_task7/act_n10.pt,20,1
libero_goal_task7,libero_goal,7,10,0,8b6ee7cd35b24371,8b6ee7cd35b24371,1,success,66,,checkpoints/rgb_only_rerun/batch/libero_goal_task7/act_n10.pt,20,1
libero_goal_task7,libero_goal,7,10,0,ab62afd5f1cc66f0,ab62afd5f1cc66f0,1,success,80,,checkpoints/rgb_only_rerun/batch/libero_goal_task7/act_n10.pt,20,1
libero_goal_task7,libero_goal,7,10,0,8b24312e02fa9edc,8b24312e02fa9edc,1,success,72,,checkpoints/rgb_only_rerun/batch/libero_goal_task7/act_n10.pt,20,1
libero_goal_task7,libero_goal,7,10,0,c7f092693e045383,c7f092693e045383,1,success,72,,checkpoints/rgb_only_rerun/batch/libero_goal_task7/act_n10.pt,20,1
libero_goal_task7,libero_goal,7,10,0,9a61ef9de403ab51,9a61ef9de403ab51,1,success,65,,checkpoints/rgb_only_rerun/batch/libero_goal_task7/act_n10.pt,20,1
libero_goal_task7,libero_goal,7,10,0,2a0a31cbf3c7f2a6,2a0a31cbf3c7f2a6,1,success,81,,checkpoints/rgb_only_rerun/batch/libero_goal_task7/act_n10.pt,20,1
libero_goal_task7,libero_goal,7,10,0,aab7c6208224160e,aab7c6208224160e,1,success,73,,checkpoints/rgb_only_rerun/batch/libero_goal_task7/act_n10.pt,20,1
libero_goal_task7,libero_goal,7,10,0,c329cf5b42bc510a,c329cf5b42bc510a,1,success,77,,checkpoints/rgb_only_rerun/batch/libero_goal_task7/act_n10.pt,20,1
libero_goal_task7,libero_goal,7,10,0,9b9a81fa60580777,9b9a81fa60580777,1,success,73,,checkpoints/rgb_only_rerun/batch/libero_goal_task7/act_n10.pt,20,1
libero_goal_task7,libero_goal,7,10,0,f8a572d7b08d55a4,f8a572d7b08d55a4,1,success,71,,checkpoints/rgb_only_rerun/batch/libero_goal_task7/act_n10.pt,20,1
libero_goal_task7,libero_goal,7,10,0,d1d2b383ca9b7189,d1d2b383ca9b7189,1,success,69,,checkpoints/rgb_only_rerun/batch/libero_goal_task7/act_n10.pt,20,1
libero_goal_task7,libero_goal,7,10,0,f87c3ffbe409ccff,f87c3ffbe409ccff,1,success,74,,checkpoints/rgb_only_rerun/batch/libero_goal_task7/act_n10.pt,20,1
libero_goal_task7,libero_goal,7,20,0,e69254688708eb14,e69254688708eb14,1,success,69,,checkpoints/rgb_only_rerun/batch/libero_goal_task7/act_n20.pt,20,1
libero_goal_task7,libero_goal,7,20,0,22dd7e6f5217e8bd,22dd7e6f5217e8bd,1,success,79,,checkpoints/rgb_only_rerun/batch/libero_goal_task7/act_n20.pt,20,1
libero_goal_task7,libero_goal,7,20,0,f262c24a70e11785,f262c24a70e11785,1,success,73,,checkpoints/rgb_only_rerun/batch/libero_goal_task7/act_n20.pt,20,1
libero_goal_task7,libero_goal,7,20,0,22e756711eecc67c,22e756711eecc67c,1,success,76,,checkpoints/rgb_only_rerun/batch/libero_goal_task7/act_n20.pt,20,1
libero_goal_task7,libero_goal,7,20,0,a18f1806e9830da1,a18f1806e9830da1,1,success,76,,checkpoints/rgb_only_rerun/batch/libero_goal_task7/act_n20.pt,20,1
libero_goal_task7,libero_goal,7,20,0,2c6660583d228db3,2c6660583d228db3,1,success,70,,checkpoints/rgb_only_rerun/batch/libero_goal_task7/act_n20.pt,20,1
libero_goal_task7,libero_goal,7,20,0,ea390c8fcf55c5cf,ea390c8fcf55c5cf,1,success,81,,checkpoints/rgb_only_rerun/batch/libero_goal_task7/act_n20.pt,20,1
libero_goal_task7,libero_goal,7,20,0,c80d7d829194b098,c80d7d829194b098,1,success,71,,checkpoints/rgb_only_rerun/batch/libero_goal_task7/act_n20.pt,20,1
libero_goal_task7,libero_goal,7,20,0,8b6ee7cd35b24371,8b6ee7cd35b24371,1,success,67,,checkpoints/rgb_only_rerun/batch/libero_goal_task7/act_n20.pt,20,1
libero_goal_task7,libero_goal,7,20,0,ab62afd5f1cc66f0,ab62afd5f1cc66f0,1,success,79,,checkpoints/rgb_only_rerun/batch/libero_goal_task7/act_n20.pt,20,1
libero_goal_task7,libero_goal,7,20,0,8b24312e02fa9edc,8b24312e02fa9edc,1,success,70,,checkpoints/rgb_only_rerun/batch/libero_goal_task7/act_n20.pt,20,1
libero_goal_task7,libero_goal,7,20,0,c7f092693e045383,c7f092693e045383,1,success,76,,checkpoints/rgb_only_rerun/batch/libero_goal_task7/act_n20.pt,20,1
libero_goal_task7,libero_goal,7,20,0,9a61ef9de403ab51,9a61ef9de403ab51,1,success,67,,checkpoints/rgb_only_rerun/batch/libero_goal_task7/act_n20.pt,20,1
libero_goal_task7,libero_goal,7,20,0,2a0a31cbf3c7f2a6,2a0a31cbf3c7f2a6,1,success,87,,checkpoints/rgb_only_rerun/batch/libero_goal_task7/act_n20.pt,20,1
libero_goal_task7,libero_goal,7,20,0,aab7c6208224160e,aab7c6208224160e,1,success,79,,checkpoints/rgb_only_rerun/batch/libero_goal_task7/act_n20.pt,20,1
libero_goal_task7,libero_goal,7,20,0,c329cf5b42bc510a,c329cf5b42bc510a,1,success,77,,checkpoints/rgb_only_rerun/batch/libero_goal_task7/act_n20.pt,20,1
libero_goal_task7,libero_goal,7,20,0,9b9a81fa60580777,9b9a81fa60580777,1,success,83,,checkpoints/rgb_only_rerun/batch/libero_goal_task7/act_n20.pt,20,1
libero_goal_task7,libero_goal,7,20,0,f8a572d7b08d55a4,f8a572d7b08d55a4,1,success,69,,checkpoints/rgb_only_rerun/batch/libero_goal_task7/act_n20.pt,20,1
libero_goal_task7,libero_goal,7,20,0,d1d2b383ca9b7189,d1d2b383ca9b7189,1,success,69,,checkpoints/rgb_only_rerun/batch/libero_goal_task7/act_n20.pt,20,1
libero_goal_task7,libero_goal,7,20,0,f87c3ffbe409ccff,f87c3ffbe409ccff,1,success,76,,checkpoints/rgb_only_rerun/batch/libero_goal_task7/act_n20.pt,20,1
libero_goal_task7,libero_goal,7,40,0,e69254688708eb14,e69254688708eb14,1,success,70,,checkpoints/rgb_only_rerun/batch/libero_goal_task7/act_n40.pt,20,1
libero_goal_task7,libero_goal,7,40,0,22dd7e6f5217e8bd,22dd7e6f5217e8bd,1,success,74,,checkpoints/rgb_only_rerun/batch/libero_goal_task7/act_n40.pt,20,1
libero_goal_task7,libero_goal,7,40,0,f262c24a70e11785,f262c24a70e11785,1,success,69,,checkpoints/rgb_only_rerun/batch/libero_goal_task7/act_n40.pt,20,1
libero_goal_task7,libero_goal,7,40,0,22e756711eecc67c,22e756711eecc67c,1,success,80,,checkpoints/rgb_only_rerun/batch/libero_goal_task7/act_n40.pt,20,1
libero_goal_task7,libero_goal,7,40,0,a18f1806e9830da1,a18f1806e9830da1,1,success,74,,checkpoints/rgb_only_rerun/batch/libero_goal_task7/act_n40.pt,20,1
libero_goal_task7,libero_goal,7,40,0,2c6660583d228db3,2c6660583d228db3,1,success,68,,checkpoints/rgb_only_rerun/batch/libero_goal_task7/act_n40.pt,20,1
libero_goal_task7,libero_goal,7,40,0,ea390c8fcf55c5cf,ea390c8fcf55c5cf,1,success,80,,checkpoints/rgb_only_rerun/batch/libero_goal_task7/act_n40.pt,20,1
libero_goal_task7,libero_goal,7,40,0,c80d7d829194b098,c80d7d829194b098,1,success,69,,checkpoints/rgb_only_rerun/batch/libero_goal_task7/act_n40.pt,20,1
libero_goal_task7,libero_goal,7,40,0,8b6ee7cd35b24371,8b6ee7cd35b24371,1,success,66,,checkpoints/rgb_only_rerun/batch/libero_goal_task7/act_n40.pt,20,1
libero_goal_task7,libero_goal,7,40,0,ab62afd5f1cc66f0,ab62afd5f1cc66f0,1,success,83,,checkpoints/rgb_only_rerun/batch/libero_goal_task7/act_n40.pt,20,1
libero_goal_task7,libero_goal,7,40,0,8b24312e02fa9edc,8b24312e02fa9edc,1,success,74,,checkpoints/rgb_only_rerun/batch/libero_goal_task7/act_n40.pt,20,1
libero_goal_task7,libero_goal,7,40,0,c7f092693e045383,c7f092693e045383,1,success,80,,checkpoints/rgb_only_rerun/batch/libero_goal_task7/act_n40.pt,20,1
libero_goal_task7,libero_goal,7,40,0,9a61ef9de403ab51,9a61ef9de403ab51,1,success,67,,checkpoints/rgb_only_rerun/batch/libero_goal_task7/act_n40.pt,20,1
libero_goal_task7,libero_goal,7,40,0,2a0a31cbf3c7f2a6,2a0a31cbf3c7f2a6,1,success,73,,checkpoints/rgb_only_rerun/batch/libero_goal_task7/act_n40.pt,20,1
libero_goal_task7,libero_goal,7,40,0,aab7c6208224160e,aab7c6208224160e,1,success,73,,checkpoints/rgb_only_rerun/batch/libero_goal_task7/act_n40.pt,20,1
libero_goal_task7,libero_goal,7,40,0,c329cf5b42bc510a,c329cf5b42bc510a,1,success,70,,checkpoints/rgb_only_rerun/batch/libero_goal_task7/act_n40.pt,20,1
libero_goal_task7,libero_goal,7,40,0,9b9a81fa60580777,9b9a81fa60580777,1,success,78,,checkpoints/rgb_only_rerun/batch/libero_goal_task7/act_n40.pt,20,1
libero_goal_task7,libero_goal,7,40,0,f8a572d7b08d55a4,f8a572d7b08d55a4,1,success,68,,checkpoints/rgb_only_rerun/batch/libero_goal_task7/act_n40.pt,20,1
libero_goal_task7,libero_goal,7,40,0,d1d2b383ca9b7189,d1d2b383ca9b7189,1,success,71,,checkpoints/rgb_only_rerun/batch/libero_goal_task7/act_n40.pt,20,1
libero_goal_task7,libero_goal,7,40,0,f87c3ffbe409ccff,f87c3ffbe409ccff,1,success,73,,checkpoints/rgb_only_rerun/batch/libero_goal_task7/act_n40.pt,20,1
libero_goal_task7,libero_goal,7,80,0,e69254688708eb14,e69254688708eb14,1,success,70,,checkpoints/rgb_only_rerun/batch/libero_goal_task7/act_n80.pt,20,1
libero_goal_task7,libero_goal,7,80,0,22dd7e6f5217e8bd,22dd7e6f5217e8bd,1,success,77,,checkpoints/rgb_only_rerun/batch/libero_goal_task7/act_n80.pt,20,1
libero_goal_task7,libero_goal,7,80,0,f262c24a70e11785,f262c24a70e11785,1,success,71,,checkpoints/rgb_only_rerun/batch/libero_goal_task7/act_n80.pt,20,1
libero_goal_task7,libero_goal,7,80,0,22e756711eecc67c,22e756711eecc67c,1,success,79,,checkpoints/rgb_only_rerun/batch/libero_goal_task7/act_n80.pt,20,1
libero_goal_task7,libero_goal,7,80,0,a18f1806e9830da1,a18f1806e9830da1,1,success,74,,checkpoints/rgb_only_rerun/batch/libero_goal_task7/act_n80.pt,20,1
libero_goal_task7,libero_goal,7,80,0,2c6660583d228db3,2c6660583d228db3,1,success,68,,checkpoints/rgb_only_rerun/batch/libero_goal_task7/act_n80.pt,20,1
libero_goal_task7,libero_goal,7,80,0,ea390c8fcf55c5cf,ea390c8fcf55c5cf,1,success,79,,checkpoints/rgb_only_rerun/batch/libero_goal_task7/act_n80.pt,20,1
libero_goal_task7,libero_goal,7,80,0,c80d7d829194b098,c80d7d829194b098,1,success,68,,checkpoints/rgb_only_rerun/batch/libero_goal_task7/act_n80.pt,20,1
libero_goal_task7,libero_goal,7,80,0,8b6ee7cd35b24371,8b6ee7cd35b24371,1,success,66,,checkpoints/rgb_only_rerun/batch/libero_goal_task7/act_n80.pt,20,1
libero_goal_task7,libero_goal,7,80,0,ab62afd5f1cc66f0,ab62afd5f1cc66f0,1,success,81,,checkpoints/rgb_only_rerun/batch/libero_goal_task7/act_n80.pt,20,1
libero_goal_task7,libero_goal,7,80,0,8b24312e02fa9edc,8b24312e02fa9edc,1,success,69,,checkpoints/rgb_only_rerun/batch/libero_goal_task7/act_n80.pt,20,1
libero_goal_task7,libero_goal,7,80,0,c7f092693e045383,c7f092693e045383,1,success,77,,checkpoints/rgb_only_rerun/batch/libero_goal_task7/act_n80.pt,20,1
libero_goal_task7,libero_goal,7,80,0,9a61ef9de403ab51,9a61ef9de403ab51,1,success,71,,checkpoints/rgb_only_rerun/batch/libero_goal_task7/act_n80.pt,20,1
libero_goal_task7,libero_goal,7,80,0,2a0a31cbf3c7f2a6,2a0a31cbf3c7f2a6,1,success,75,,checkpoints/rgb_only_rerun/batch/libero_goal_task7/act_n80.pt,20,1
libero_goal_task7,libero_goal,7,80,0,aab7c6208224160e,aab7c6208224160e,1,success,73,,checkpoints/rgb_only_rerun/batch/libero_goal_task7/act_n80.pt,20,1
libero_goal_task7,libero_goal,7,80,0,c329cf5b42bc510a,c329cf5b42bc510a,1,success,70,,checkpoints/rgb_only_rerun/batch/libero_goal_task7/act_n80.pt,20,1
libero_goal_task7,libero_goal,7,80,0,9b9a81fa60580777,9b9a81fa60580777,1,success,78,,checkpoints/rgb_only_rerun/batch/libero_goal_task7/act_n80.pt,20,1
libero_goal_task7,libero_goal,7,80,0,f8a572d7b08d55a4,f8a572d7b08d55a4,1,success,70,,checkpoints/rgb_only_rerun/batch/libero_goal_task7/act_n80.pt,20,1
libero_goal_task7,libero_goal,7,80,0,d1d2b383ca9b7189,d1d2b383ca9b7189,1,success,75,,checkpoints/rgb_only_rerun/batch/libero_goal_task7/act_n80.pt,20,1
libero_goal_task7,libero_goal,7,80,0,f87c3ffbe409ccff,f87c3ffbe409ccff,1,success,74,,checkpoints/rgb_only_rerun/batch/libero_goal_task7/act_n80.pt,20,1
libero_goal_task8,libero_goal,8,10,0,8753fd64acd46a18,8753fd64acd46a18,1,success,74,,checkpoints/rgb_only_rerun/batch/libero_goal_task8/act_n10.pt,20,1
libero_goal_task8,libero_goal,8,10,0,7e21580dfdef50c2,7e21580dfdef50c2,1,success,72,,checkpoints/rgb_only_rerun/batch/libero_goal_task8/act_n10.pt,20,1
libero_goal_task8,libero_goal,8,10,0,7ea19f89d4d47350,7ea19f89d4d47350,1,success,73,,checkpoints/rgb_only_rerun/batch/libero_goal_task8/act_n10.pt,20,1
libero_goal_task8,libero_goal,8,10,0,6886ef9a83ff36bd,6886ef9a83ff36bd,1,success,67,,checkpoints/rgb_only_rerun/batch/libero_goal_task8/act_n10.pt,20,1
libero_goal_task8,libero_goal,8,10,0,87bed57e36faf998,87bed57e36faf998,0,fail,300,,checkpoints/rgb_only_rerun/batch/libero_goal_task8/act_n10.pt,20,1
libero_goal_task8,libero_goal,8,10,0,6d2cbecb80ba9d35,6d2cbecb80ba9d35,1,success,72,,checkpoints/rgb_only_rerun/batch/libero_goal_task8/act_n10.pt,20,1
libero_goal_task8,libero_goal,8,10,0,b8226da344aadca3,b8226da344aadca3,1,success,77,,checkpoints/rgb_only_rerun/batch/libero_goal_task8/act_n10.pt,20,1
libero_goal_task8,libero_goal,8,10,0,13548240998da4f3,13548240998da4f3,1,success,75,,checkpoints/rgb_only_rerun/batch/libero_goal_task8/act_n10.pt,20,1
libero_goal_task8,libero_goal,8,10,0,a28f7663d33b4c4b,a28f7663d33b4c4b,1,success,72,,checkpoints/rgb_only_rerun/batch/libero_goal_task8/act_n10.pt,20,1
libero_goal_task8,libero_goal,8,10,0,705eaf521f05983e,705eaf521f05983e,1,success,69,,checkpoints/rgb_only_rerun/batch/libero_goal_task8/act_n10.pt,20,1
libero_goal_task8,libero_goal,8,10,0,841a4ab2ad76f738,841a4ab2ad76f738,1,success,73,,checkpoints/rgb_only_rerun/batch/libero_goal_task8/act_n10.pt,20,1
libero_goal_task8,libero_goal,8,10,0,c45a64570978c759,c45a64570978c759,1,success,70,,checkpoints/rgb_only_rerun/batch/libero_goal_task8/act_n10.pt,20,1
libero_goal_task8,libero_goal,8,10,0,574d160cd16c2712,574d160cd16c2712,1,success,77,,checkpoints/rgb_only_rerun/batch/libero_goal_task8/act_n10.pt,20,1
libero_goal_task8,libero_goal,8,10,0,86a9bc597541f62e,86a9bc597541f62e,1,success,70,,checkpoints/rgb_only_rerun/batch/libero_goal_task8/act_n10.pt,20,1
libero_goal_task8,libero_goal,8,10,0,276c9e9eeef39757,276c9e9eeef39757,1,success,65,,checkpoints/rgb_only_rerun/batch/libero_goal_task8/act_n10.pt,20,1
libero_goal_task8,libero_goal,8,10,0,170076d3ae7bae49,170076d3ae7bae49,1,success,75,,checkpoints/rgb_only_rerun/batch/libero_goal_task8/act_n10.pt,20,1
libero_goal_task8,libero_goal,8,10,0,3187d4ef4d0af5e4,3187d4ef4d0af5e4,1,success,76,,checkpoints/rgb_only_rerun/batch/libero_goal_task8/act_n10.pt,20,1
libero_goal_task8,libero_goal,8,10,0,ef87a8ade90a4e94,ef87a8ade90a4e94,1,success,75,,checkpoints/rgb_only_rerun/batch/libero_goal_task8/act_n10.pt,20,1
libero_goal_task8,libero_goal,8,10,0,a85a8efd6dfa2f88,a85a8efd6dfa2f88,1,success,62,,checkpoints/rgb_only_rerun/batch/libero_goal_task8/act_n10.pt,20,1
libero_goal_task8,libero_goal,8,10,0,37387d646d5059d2,37387d646d5059d2,0,fail,300,,checkpoints/rgb_only_rerun/batch/libero_goal_task8/act_n10.pt,20,1
libero_goal_task8,libero_goal,8,20,0,8753fd64acd46a18,8753fd64acd46a18,1,success,75,,checkpoints/rgb_only_rerun/batch/libero_goal_task8/act_n20.pt,20,1
libero_goal_task8,libero_goal,8,20,0,7e21580dfdef50c2,7e21580dfdef50c2,1,success,81,,checkpoints/rgb_only_rerun/batch/libero_goal_task8/act_n20.pt,20,1
libero_goal_task8,libero_goal,8,20,0,7ea19f89d4d47350,7ea19f89d4d47350,1,success,77,,checkpoints/rgb_only_rerun/batch/libero_goal_task8/act_n20.pt,20,1
libero_goal_task8,libero_goal,8,20,0,6886ef9a83ff36bd,6886ef9a83ff36bd,1,success,77,,checkpoints/rgb_only_rerun/batch/libero_goal_task8/act_n20.pt,20,1
libero_goal_task8,libero_goal,8,20,0,87bed57e36faf998,87bed57e36faf998,1,success,74,,checkpoints/rgb_only_rerun/batch/libero_goal_task8/act_n20.pt,20,1
libero_goal_task8,libero_goal,8,20,0,6d2cbecb80ba9d35,6d2cbecb80ba9d35,1,success,73,,checkpoints/rgb_only_rerun/batch/libero_goal_task8/act_n20.pt,20,1
libero_goal_task8,libero_goal,8,20,0,b8226da344aadca3,b8226da344aadca3,1,success,77,,checkpoints/rgb_only_rerun/batch/libero_goal_task8/act_n20.pt,20,1
libero_goal_task8,libero_goal,8,20,0,13548240998da4f3,13548240998da4f3,1,success,77,,checkpoints/rgb_only_rerun/batch/libero_goal_task8/act_n20.pt,20,1
libero_goal_task8,libero_goal,8,20,0,a28f7663d33b4c4b,a28f7663d33b4c4b,1,success,74,,checkpoints/rgb_only_rerun/batch/libero_goal_task8/act_n20.pt,20,1
libero_goal_task8,libero_goal,8,20,0,705eaf521f05983e,705eaf521f05983e,1,success,72,,checkpoints/rgb_only_rerun/batch/libero_goal_task8/act_n20.pt,20,1
libero_goal_task8,libero_goal,8,20,0,841a4ab2ad76f738,841a4ab2ad76f738,1,success,74,,checkpoints/rgb_only_rerun/batch/libero_goal_task8/act_n20.pt,20,1
libero_goal_task8,libero_goal,8,20,0,c45a64570978c759,c45a64570978c759,1,success,77,,checkpoints/rgb_only_rerun/batch/libero_goal_task8/act_n20.pt,20,1
libero_goal_task8,libero_goal,8,20,0,574d160cd16c2712,574d160cd16c2712,1,success,74,,checkpoints/rgb_only_rerun/batch/libero_goal_task8/act_n20.pt,20,1
libero_goal_task8,libero_goal,8,20,0,86a9bc597541f62e,86a9bc597541f62e,1,success,75,,checkpoints/rgb_only_rerun/batch/libero_goal_task8/act_n20.pt,20,1
libero_goal_task8,libero_goal,8,20,0,276c9e9eeef39757,276c9e9eeef39757,1,success,73,,checkpoints/rgb_only_rerun/batch/libero_goal_task8/act_n20.pt,20,1
libero_goal_task8,libero_goal,8,20,0,170076d3ae7bae49,170076d3ae7bae49,1,success,72,,checkpoints/rgb_only_rerun/batch/libero_goal_task8/act_n20.pt,20,1
libero_goal_task8,libero_goal,8,20,0,3187d4ef4d0af5e4,3187d4ef4d0af5e4,1,success,74,,checkpoints/rgb_only_rerun/batch/libero_goal_task8/act_n20.pt,20,1
libero_goal_task8,libero_goal,8,20,0,ef87a8ade90a4e94,ef87a8ade90a4e94,1,success,73,,checkpoints/rgb_only_rerun/batch/libero_goal_task8/act_n20.pt,20,1
libero_goal_task8,libero_goal,8,20,0,a85a8efd6dfa2f88,a85a8efd6dfa2f88,1,success,76,,checkpoints/rgb_only_rerun/batch/libero_goal_task8/act_n20.pt,20,1
libero_goal_task8,libero_goal,8,20,0,37387d646d5059d2,37387d646d5059d2,1,success,74,,checkpoints/rgb_only_rerun/batch/libero_goal_task8/act_n20.pt,20,1
libero_goal_task8,libero_goal,8,40,0,8753fd64acd46a18,8753fd64acd46a18,1,success,73,,checkpoints/rgb_only_rerun/batch/libero_goal_task8/act_n40.pt,20,1
libero_goal_task8,libero_goal,8,40,0,7e21580dfdef50c2,7e21580dfdef50c2,1,success,75,,checkpoints/rgb_only_rerun/batch/libero_goal_task8/act_n40.pt,20,1
libero_goal_task8,libero_goal,8,40,0,7ea19f89d4d47350,7ea19f89d4d47350,1,success,71,,checkpoints/rgb_only_rerun/batch/libero_goal_task8/act_n40.pt,20,1
libero_goal_task8,libero_goal,8,40,0,6886ef9a83ff36bd,6886ef9a83ff36bd,1,success,77,,checkpoints/rgb_only_rerun/batch/libero_goal_task8/act_n40.pt,20,1
libero_goal_task8,libero_goal,8,40,0,87bed57e36faf998,87bed57e36faf998,1,success,74,,checkpoints/rgb_only_rerun/batch/libero_goal_task8/act_n40.pt,20,1
libero_goal_task8,libero_goal,8,40,0,6d2cbecb80ba9d35,6d2cbecb80ba9d35,1,success,75,,checkpoints/rgb_only_rerun/batch/libero_goal_task8/act_n40.pt,20,1
libero_goal_task8,libero_goal,8,40,0,b8226da344aadca3,b8226da344aadca3,1,success,73,,checkpoints/rgb_only_rerun/batch/libero_goal_task8/act_n40.pt,20,1
libero_goal_task8,libero_goal,8,40,0,13548240998da4f3,13548240998da4f3,1,success,76,,checkpoints/rgb_only_rerun/batch/libero_goal_task8/act_n40.pt,20,1
libero_goal_task8,libero_goal,8,40,0,a28f7663d33b4c4b,a28f7663d33b4c4b,1,success,76,,checkpoints/rgb_only_rerun/batch/libero_goal_task8/act_n40.pt,20,1
libero_goal_task8,libero_goal,8,40,0,705eaf521f05983e,705eaf521f05983e,1,success,77,,checkpoints/rgb_only_rerun/batch/libero_goal_task8/act_n40.pt,20,1
libero_goal_task8,libero_goal,8,40,0,841a4ab2ad76f738,841a4ab2ad76f738,1,success,72,,checkpoints/rgb_only_rerun/batch/libero_goal_task8/act_n40.pt,20,1
libero_goal_task8,libero_goal,8,40,0,c45a64570978c759,c45a64570978c759,1,success,74,,checkpoints/rgb_only_rerun/batch/libero_goal_task8/act_n40.pt,20,1
libero_goal_task8,libero_goal,8,40,0,574d160cd16c2712,574d160cd16c2712,1,success,76,,checkpoints/rgb_only_rerun/batch/libero_goal_task8/act_n40.pt,20,1
libero_goal_task8,libero_goal,8,40,0,86a9bc597541f62e,86a9bc597541f62e,1,success,78,,checkpoints/rgb_only_rerun/batch/libero_goal_task8/act_n40.pt,20,1
libero_goal_task8,libero_goal,8,40,0,276c9e9eeef39757,276c9e9eeef39757,1,success,72,,checkpoints/rgb_only_rerun/batch/libero_goal_task8/act_n40.pt,20,1
libero_goal_task8,libero_goal,8,40,0,170076d3ae7bae49,170076d3ae7bae49,1,success,74,,checkpoints/rgb_only_rerun/batch/libero_goal_task8/act_n40.pt,20,1
libero_goal_task8,libero_goal,8,40,0,3187d4ef4d0af5e4,3187d4ef4d0af5e4,1,success,68,,checkpoints/rgb_only_rerun/batch/libero_goal_task8/act_n40.pt,20,1
libero_goal_task8,libero_goal,8,40,0,ef87a8ade90a4e94,ef87a8ade90a4e94,1,success,72,,checkpoints/rgb_only_rerun/batch/libero_goal_task8/act_n40.pt,20,1
libero_goal_task8,libero_goal,8,40,0,a85a8efd6dfa2f88,a85a8efd6dfa2f88,1,success,72,,checkpoints/rgb_only_rerun/batch/libero_goal_task8/act_n40.pt,20,1
libero_goal_task8,libero_goal,8,40,0,37387d646d5059d2,37387d646d5059d2,1,success,76,,checkpoints/rgb_only_rerun/batch/libero_goal_task8/act_n40.pt,20,1
libero_goal_task8,libero_goal,8,80,0,8753fd64acd46a18,8753fd64acd46a18,1,success,74,,checkpoints/rgb_only_rerun/batch/libero_goal_task8/act_n80.pt,20,1
libero_goal_task8,libero_goal,8,80,0,7e21580dfdef50c2,7e21580dfdef50c2,1,success,70,,checkpoints/rgb_only_rerun/batch/libero_goal_task8/act_n80.pt,20,1
libero_goal_task8,libero_goal,8,80,0,7ea19f89d4d47350,7ea19f89d4d47350,1,success,75,,checkpoints/rgb_only_rerun/batch/libero_goal_task8/act_n80.pt,20,1
libero_goal_task8,libero_goal,8,80,0,6886ef9a83ff36bd,6886ef9a83ff36bd,1,success,75,,checkpoints/rgb_only_rerun/batch/libero_goal_task8/act_n80.pt,20,1
libero_goal_task8,libero_goal,8,80,0,87bed57e36faf998,87bed57e36faf998,1,success,75,,checkpoints/rgb_only_rerun/batch/libero_goal_task8/act_n80.pt,20,1
libero_goal_task8,libero_goal,8,80,0,6d2cbecb80ba9d35,6d2cbecb80ba9d35,1,success,74,,checkpoints/rgb_only_rerun/batch/libero_goal_task8/act_n80.pt,20,1
libero_goal_task8,libero_goal,8,80,0,b8226da344aadca3,b8226da344aadca3,1,success,80,,checkpoints/rgb_only_rerun/batch/libero_goal_task8/act_n80.pt,20,1
libero_goal_task8,libero_goal,8,80,0,13548240998da4f3,13548240998da4f3,1,success,76,,checkpoints/rgb_only_rerun/batch/libero_goal_task8/act_n80.pt,20,1
libero_goal_task8,libero_goal,8,80,0,a28f7663d33b4c4b,a28f7663d33b4c4b,1,success,79,,checkpoints/rgb_only_rerun/batch/libero_goal_task8/act_n80.pt,20,1
libero_goal_task8,libero_goal,8,80,0,705eaf521f05983e,705eaf521f05983e,1,success,73,,checkpoints/rgb_only_rerun/batch/libero_goal_task8/act_n80.pt,20,1
libero_goal_task8,libero_goal,8,80,0,841a4ab2ad76f738,841a4ab2ad76f738,1,success,105,,checkpoints/rgb_only_rerun/batch/libero_goal_task8/act_n80.pt,20,1
libero_goal_task8,libero_goal,8,80,0,c45a64570978c759,c45a64570978c759,1,success,75,,checkpoints/rgb_only_rerun/batch/libero_goal_task8/act_n80.pt,20,1
libero_goal_task8,libero_goal,8,80,0,574d160cd16c2712,574d160cd16c2712,1,success,78,,checkpoints/rgb_only_rerun/batch/libero_goal_task8/act_n80.pt,20,1
libero_goal_task8,libero_goal,8,80,0,86a9bc597541f62e,86a9bc597541f62e,1,success,80,,checkpoints/rgb_only_rerun/batch/libero_goal_task8/act_n80.pt,20,1
libero_goal_task8,libero_goal,8,80,0,276c9e9eeef39757,276c9e9eeef39757,1,success,70,,checkpoints/rgb_only_rerun/batch/libero_goal_task8/act_n80.pt,20,1
libero_goal_task8,libero_goal,8,80,0,170076d3ae7bae49,170076d3ae7bae49,1,success,77,,checkpoints/rgb_only_rerun/batch/libero_goal_task8/act_n80.pt,20,1
libero_goal_task8,libero_goal,8,80,0,3187d4ef4d0af5e4,3187d4ef4d0af5e4,1,success,74,,checkpoints/rgb_only_rerun/batch/libero_goal_task8/act_n80.pt,20,1
libero_goal_task8,libero_goal,8,80,0,ef87a8ade90a4e94,ef87a8ade90a4e94,1,success,78,,checkpoints/rgb_only_rerun/batch/libero_goal_task8/act_n80.pt,20,1
libero_goal_task8,libero_goal,8,80,0,a85a8efd6dfa2f88,a85a8efd6dfa2f88,1,success,74,,checkpoints/rgb_only_rerun/batch/libero_goal_task8/act_n80.pt,20,1
libero_goal_task8,libero_goal,8,80,0,37387d646d5059d2,37387d646d5059d2,1,success,75,,checkpoints/rgb_only_rerun/batch/libero_goal_task8/act_n80.pt,20,1
libero_goal_task9,libero_goal,9,10,0,5ea0668dfa7f16d3,5ea0668dfa7f16d3,1,success,124,,checkpoints/rgb_only_rerun/batch/libero_goal_task9/act_n10.pt,20,1
libero_goal_task9,libero_goal,9,10,0,18e6d5c578ae7338,18e6d5c578ae7338,1,success,120,,checkpoints/rgb_only_rerun/batch/libero_goal_task9/act_n10.pt,20,1
libero_goal_task9,libero_goal,9,10,0,5d4fd110e92c2880,5d4fd110e92c2880,0,fail,300,,checkpoints/rgb_only_rerun/batch/libero_goal_task9/act_n10.pt,20,1
libero_goal_task9,libero_goal,9,10,0,bfe0c29462f7f96e,bfe0c29462f7f96e,1,success,131,,checkpoints/rgb_only_rerun/batch/libero_goal_task9/act_n10.pt,20,1
libero_goal_task9,libero_goal,9,10,0,6d71381ef9607e43,6d71381ef9607e43,1,success,130,,checkpoints/rgb_only_rerun/batch/libero_goal_task9/act_n10.pt,20,1
libero_goal_task9,libero_goal,9,10,0,73cf8e7fafd3a0c3,73cf8e7fafd3a0c3,1,success,121,,checkpoints/rgb_only_rerun/batch/libero_goal_task9/act_n10.pt,20,1
libero_goal_task9,libero_goal,9,10,0,cae5f3d143b784e5,cae5f3d143b784e5,0,fail,300,,checkpoints/rgb_only_rerun/batch/libero_goal_task9/act_n10.pt,20,1
libero_goal_task9,libero_goal,9,10,0,8c8cbd8639caf53f,8c8cbd8639caf53f,0,fail,300,,checkpoints/rgb_only_rerun/batch/libero_goal_task9/act_n10.pt,20,1
libero_goal_task9,libero_goal,9,10,0,047c98fb2ef1e2df,047c98fb2ef1e2df,1,success,128,,checkpoints/rgb_only_rerun/batch/libero_goal_task9/act_n10.pt,20,1
libero_goal_task9,libero_goal,9,10,0,6e945fd2f44fa4df,6e945fd2f44fa4df,0,fail,300,,checkpoints/rgb_only_rerun/batch/libero_goal_task9/act_n10.pt,20,1
libero_goal_task9,libero_goal,9,10,0,8e0fb88f617a1b71,8e0fb88f617a1b71,1,success,130,,checkpoints/rgb_only_rerun/batch/libero_goal_task9/act_n10.pt,20,1
libero_goal_task9,libero_goal,9,10,0,a4a8541d30a8ba1e,a4a8541d30a8ba1e,1,success,121,,checkpoints/rgb_only_rerun/batch/libero_goal_task9/act_n10.pt,20,1
libero_goal_task9,libero_goal,9,10,0,d7a13e3a775b7e14,d7a13e3a775b7e14,1,success,156,,checkpoints/rgb_only_rerun/batch/libero_goal_task9/act_n10.pt,20,1
libero_goal_task9,libero_goal,9,10,0,38f6bd24aaf50654,38f6bd24aaf50654,1,success,127,,checkpoints/rgb_only_rerun/batch/libero_goal_task9/act_n10.pt,20,1
libero_goal_task9,libero_goal,9,10,0,04dcf87748badf00,04dcf87748badf00,1,success,176,,checkpoints/rgb_only_rerun/batch/libero_goal_task9/act_n10.pt,20,1
libero_goal_task9,libero_goal,9,10,0,c497168337d0a53a,c497168337d0a53a,1,success,134,,checkpoints/rgb_only_rerun/batch/libero_goal_task9/act_n10.pt,20,1
libero_goal_task9,libero_goal,9,10,0,b3bc95ce96bef4ea,b3bc95ce96bef4ea,1,success,111,,checkpoints/rgb_only_rerun/batch/libero_goal_task9/act_n10.pt,20,1
libero_goal_task9,libero_goal,9,10,0,5abc7bdafd00ae75,5abc7bdafd00ae75,0,fail,300,,checkpoints/rgb_only_rerun/batch/libero_goal_task9/act_n10.pt,20,1
libero_goal_task9,libero_goal,9,10,0,09488d721859a8f7,09488d721859a8f7,1,success,140,,checkpoints/rgb_only_rerun/batch/libero_goal_task9/act_n10.pt,20,1
libero_goal_task9,libero_goal,9,10,0,d2353d77222b8486,d2353d77222b8486,1,success,115,,checkpoints/rgb_only_rerun/batch/libero_goal_task9/act_n10.pt,20,1
libero_goal_task9,libero_goal,9,20,0,5ea0668dfa7f16d3,5ea0668dfa7f16d3,1,success,118,,checkpoints/rgb_only_rerun/batch/libero_goal_task9/act_n20.pt,20,1
libero_goal_task9,libero_goal,9,20,0,18e6d5c578ae7338,18e6d5c578ae7338,1,success,127,,checkpoints/rgb_only_rerun/batch/libero_goal_task9/act_n20.pt,20,1
libero_goal_task9,libero_goal,9,20,0,5d4fd110e92c2880,5d4fd110e92c2880,1,success,150,,checkpoints/rgb_only_rerun/batch/libero_goal_task9/act_n20.pt,20,1
libero_goal_task9,libero_goal,9,20,0,bfe0c29462f7f96e,bfe0c29462f7f96e,1,success,126,,checkpoints/rgb_only_rerun/batch/libero_goal_task9/act_n20.pt,20,1
libero_goal_task9,libero_goal,9,20,0,6d71381ef9607e43,6d71381ef9607e43,1,success,171,,checkpoints/rgb_only_rerun/batch/libero_goal_task9/act_n20.pt,20,1
libero_goal_task9,libero_goal,9,20,0,73cf8e7fafd3a0c3,73cf8e7fafd3a0c3,0,fail,300,,checkpoints/rgb_only_rerun/batch/libero_goal_task9/act_n20.pt,20,1
libero_goal_task9,libero_goal,9,20,0,cae5f3d143b784e5,cae5f3d143b784e5,1,success,112,,checkpoints/rgb_only_rerun/batch/libero_goal_task9/act_n20.pt,20,1
libero_goal_task9,libero_goal,9,20,0,8c8cbd8639caf53f,8c8cbd8639caf53f,1,success,108,,checkpoints/rgb_only_rerun/batch/libero_goal_task9/act_n20.pt,20,1
libero_goal_task9,libero_goal,9,20,0,047c98fb2ef1e2df,047c98fb2ef1e2df,1,success,122,,checkpoints/rgb_only_rerun/batch/libero_goal_task9/act_n20.pt,20,1
libero_goal_task9,libero_goal,9,20,0,6e945fd2f44fa4df,6e945fd2f44fa4df,1,success,113,,checkpoints/rgb_only_rerun/batch/libero_goal_task9/act_n20.pt,20,1
libero_goal_task9,libero_goal,9,20,0,8e0fb88f617a1b71,8e0fb88f617a1b71,1,success,146,,checkpoints/rgb_only_rerun/batch/libero_goal_task9/act_n20.pt,20,1
libero_goal_task9,libero_goal,9,20,0,a4a8541d30a8ba1e,a4a8541d30a8ba1e,1,success,123,,checkpoints/rgb_only_rerun/batch/libero_goal_task9/act_n20.pt,20,1
libero_goal_task9,libero_goal,9,20,0,d7a13e3a775b7e14,d7a13e3a775b7e14,1,success,151,,checkpoints/rgb_only_rerun/batch/libero_goal_task9/act_n20.pt,20,1
libero_goal_task9,libero_goal,9,20,0,38f6bd24aaf50654,38f6bd24aaf50654,1,success,127,,checkpoints/rgb_only_rerun/batch/libero_goal_task9/act_n20.pt,20,1
libero_goal_task9,libero_goal,9,20,0,04dcf87748badf00,04dcf87748badf00,1,success,174,,checkpoints/rgb_only_rerun/batch/libero_goal_task9/act_n20.pt,20,1
libero_goal_task9,libero_goal,9,20,0,c497168337d0a53a,c497168337d0a53a,1,success,112,,checkpoints/rgb_only_rerun/batch/libero_goal_task9/act_n20.pt,20,1
libero_goal_task9,libero_goal,9,20,0,b3bc95ce96bef4ea,b3bc95ce96bef4ea,1,success,110,,checkpoints/rgb_only_rerun/batch/libero_goal_task9/act_n20.pt,20,1
libero_goal_task9,libero_goal,9,20,0,5abc7bdafd00ae75,5abc7bdafd00ae75,1,success,111,,checkpoints/rgb_only_rerun/batch/libero_goal_task9/act_n20.pt,20,1
libero_goal_task9,libero_goal,9,20,0,09488d721859a8f7,09488d721859a8f7,0,fail,300,,checkpoints/rgb_only_rerun/batch/libero_goal_task9/act_n20.pt,20,1
libero_goal_task9,libero_goal,9,20,0,d2353d77222b8486,d2353d77222b8486,0,fail,300,,checkpoints/rgb_only_rerun/batch/libero_goal_task9/act_n20.pt,20,1
libero_goal_task9,libero_goal,9,40,0,5ea0668dfa7f16d3,5ea0668dfa7f16d3,1,success,125,,checkpoints/rgb_only_rerun/batch/libero_goal_task9/act_n40.pt,20,1
libero_goal_task9,libero_goal,9,40,0,18e6d5c578ae7338,18e6d5c578ae7338,1,success,131,,checkpoints/rgb_only_rerun/batch/libero_goal_task9/act_n40.pt,20,1
libero_goal_task9,libero_goal,9,40,0,5d4fd110e92c2880,5d4fd110e92c2880,1,success,142,,checkpoints/rgb_only_rerun/batch/libero_goal_task9/act_n40.pt,20,1
libero_goal_task9,libero_goal,9,40,0,bfe0c29462f7f96e,bfe0c29462f7f96e,1,success,124,,checkpoints/rgb_only_rerun/batch/libero_goal_task9/act_n40.pt,20,1
libero_goal_task9,libero_goal,9,40,0,6d71381ef9607e43,6d71381ef9607e43,1,success,210,,checkpoints/rgb_only_rerun/batch/libero_goal_task9/act_n40.pt,20,1
libero_goal_task9,libero_goal,9,40,0,73cf8e7fafd3a0c3,73cf8e7fafd3a0c3,1,success,113,,checkpoints/rgb_only_rerun/batch/libero_goal_task9/act_n40.pt,20,1
libero_goal_task9,libero_goal,9,40,0,cae5f3d143b784e5,cae5f3d143b784e5,1,success,116,,checkpoints/rgb_only_rerun/batch/libero_goal_task9/act_n40.pt,20,1
libero_goal_task9,libero_goal,9,40,0,8c8cbd8639caf53f,8c8cbd8639caf53f,1,success,111,,checkpoints/rgb_only_rerun/batch/libero_goal_task9/act_n40.pt,20,1
libero_goal_task9,libero_goal,9,40,0,047c98fb2ef1e2df,047c98fb2ef1e2df,1,success,125,,checkpoints/rgb_only_rerun/batch/libero_goal_task9/act_n40.pt,20,1
libero_goal_task9,libero_goal,9,40,0,6e945fd2f44fa4df,6e945fd2f44fa4df,0,fail,300,,checkpoints/rgb_only_rerun/batch/libero_goal_task9/act_n40.pt,20,1
libero_goal_task9,libero_goal,9,40,0,8e0fb88f617a1b71,8e0fb88f617a1b71,1,success,125,,checkpoints/rgb_only_rerun/batch/libero_goal_task9/act_n40.pt,20,1
libero_goal_task9,libero_goal,9,40,0,a4a8541d30a8ba1e,a4a8541d30a8ba1e,1,success,127,,checkpoints/rgb_only_rerun/batch/libero_goal_task9/act_n40.pt,20,1
libero_goal_task9,libero_goal,9,40,0,d7a13e3a775b7e14,d7a13e3a775b7e14,1,success,158,,checkpoints/rgb_only_rerun/batch/libero_goal_task9/act_n40.pt,20,1
libero_goal_task9,libero_goal,9,40,0,38f6bd24aaf50654,38f6bd24aaf50654,1,success,126,,checkpoints/rgb_only_rerun/batch/libero_goal_task9/act_n40.pt,20,1
libero_goal_task9,libero_goal,9,40,0,04dcf87748badf00,04dcf87748badf00,1,success,160,,checkpoints/rgb_only_rerun/batch/libero_goal_task9/act_n40.pt,20,1
libero_goal_task9,libero_goal,9,40,0,c497168337d0a53a,c497168337d0a53a,1,success,113,,checkpoints/rgb_only_rerun/batch/libero_goal_task9/act_n40.pt,20,1
libero_goal_task9,libero_goal,9,40,0,b3bc95ce96bef4ea,b3bc95ce96bef4ea,1,success,110,,checkpoints/rgb_only_rerun/batch/libero_goal_task9/act_n40.pt,20,1
libero_goal_task9,libero_goal,9,40,0,5abc7bdafd00ae75,5abc7bdafd00ae75,1,success,118,,checkpoints/rgb_only_rerun/batch/libero_goal_task9/act_n40.pt,20,1
libero_goal_task9,libero_goal,9,40,0,09488d721859a8f7,09488d721859a8f7,1,success,128,,checkpoints/rgb_only_rerun/batch/libero_goal_task9/act_n40.pt,20,1
libero_goal_task9,libero_goal,9,40,0,d2353d77222b8486,d2353d77222b8486,1,success,113,,checkpoints/rgb_only_rerun/batch/libero_goal_task9/act_n40.pt,20,1
libero_goal_task9,libero_goal,9,80,0,5ea0668dfa7f16d3,5ea0668dfa7f16d3,1,success,124,,checkpoints/rgb_only_rerun/batch/libero_goal_task9/act_n80.pt,20,1
libero_goal_task9,libero_goal,9,80,0,18e6d5c578ae7338,18e6d5c578ae7338,1,success,135,,checkpoints/rgb_only_rerun/batch/libero_goal_task9/act_n80.pt,20,1
libero_goal_task9,libero_goal,9,80,0,5d4fd110e92c2880,5d4fd110e92c2880,1,success,146,,checkpoints/rgb_only_rerun/batch/libero_goal_task9/act_n80.pt,20,1
libero_goal_task9,libero_goal,9,80,0,bfe0c29462f7f96e,bfe0c29462f7f96e,1,success,146,,checkpoints/rgb_only_rerun/batch/libero_goal_task9/act_n80.pt,20,1
libero_goal_task9,libero_goal,9,80,0,6d71381ef9607e43,6d71381ef9607e43,1,success,199,,checkpoints/rgb_only_rerun/batch/libero_goal_task9/act_n80.pt,20,1
libero_goal_task9,libero_goal,9,80,0,73cf8e7fafd3a0c3,73cf8e7fafd3a0c3,1,success,117,,checkpoints/rgb_only_rerun/batch/libero_goal_task9/act_n80.pt,20,1
libero_goal_task9,libero_goal,9,80,0,cae5f3d143b784e5,cae5f3d143b784e5,1,success,124,,checkpoints/rgb_only_rerun/batch/libero_goal_task9/act_n80.pt,20,1
libero_goal_task9,libero_goal,9,80,0,8c8cbd8639caf53f,8c8cbd8639caf53f,1,success,119,,checkpoints/rgb_only_rerun/batch/libero_goal_task9/act_n80.pt,20,1
libero_goal_task9,libero_goal,9,80,0,047c98fb2ef1e2df,047c98fb2ef1e2df,1,success,143,,checkpoints/rgb_only_rerun/batch/libero_goal_task9/act_n80.pt,20,1
libero_goal_task9,libero_goal,9,80,0,6e945fd2f44fa4df,6e945fd2f44fa4df,1,success,123,,checkpoints/rgb_only_rerun/batch/libero_goal_task9/act_n80.pt,20,1
libero_goal_task9,libero_goal,9,80,0,8e0fb88f617a1b71,8e0fb88f617a1b71,1,success,135,,checkpoints/rgb_only_rerun/batch/libero_goal_task9/act_n80.pt,20,1
libero_goal_task9,libero_goal,9,80,0,a4a8541d30a8ba1e,a4a8541d30a8ba1e,1,success,135,,checkpoints/rgb_only_rerun/batch/libero_goal_task9/act_n80.pt,20,1
libero_goal_task9,libero_goal,9,80,0,d7a13e3a775b7e14,d7a13e3a775b7e14,1,success,148,,checkpoints/rgb_only_rerun/batch/libero_goal_task9/act_n80.pt,20,1
libero_goal_task9,libero_goal,9,80,0,38f6bd24aaf50654,38f6bd24aaf50654,1,success,131,,checkpoints/rgb_only_rerun/batch/libero_goal_task9/act_n80.pt,20,1
libero_goal_task9,libero_goal,9,80,0,04dcf87748badf00,04dcf87748badf00,1,success,141,,checkpoints/rgb_only_rerun/batch/libero_goal_task9/act_n80.pt,20,1
libero_goal_task9,libero_goal,9,80,0,c497168337d0a53a,c497168337d0a53a,1,success,135,,checkpoints/rgb_only_rerun/batch/libero_goal_task9/act_n80.pt,20,1
libero_goal_task9,libero_goal,9,80,0,b3bc95ce96bef4ea,b3bc95ce96bef4ea,1,success,118,,checkpoints/rgb_only_rerun/batch/libero_goal_task9/act_n80.pt,20,1
libero_goal_task9,libero_goal,9,80,0,5abc7bdafd00ae75,5abc7bdafd00ae75,1,success,122,,checkpoints/rgb_only_rerun/batch/libero_goal_task9/act_n80.pt,20,1
libero_goal_task9,libero_goal,9,80,0,09488d721859a8f7,09488d721859a8f7,1,success,132,,checkpoints/rgb_only_rerun/batch/libero_goal_task9/act_n80.pt,20,1
libero_goal_task9,libero_goal,9,80,0,d2353d77222b8486,d2353d77222b8486,1,success,124,,checkpoints/rgb_only_rerun/batch/libero_goal_task9/act_n80.pt,20,1
libero_spatial_task0,libero_spatial,0,10,0,0eb56ef8abb83386,0eb56ef8abb83386,1,success,76,,checkpoints/rgb_only_rerun/batch/libero_spatial_task0/act_n10.pt,20,1
libero_spatial_task0,libero_spatial,0,10,0,1eeb4a1151a777f0,1eeb4a1151a777f0,1,success,97,,checkpoints/rgb_only_rerun/batch/libero_spatial_task0/act_n10.pt,20,1
libero_spatial_task0,libero_spatial,0,10,0,881b7a75e3583137,881b7a75e3583137,0,fail,220,,checkpoints/rgb_only_rerun/batch/libero_spatial_task0/act_n10.pt,20,1
libero_spatial_task0,libero_spatial,0,10,0,5d357ba308dc421a,5d357ba308dc421a,1,success,74,,checkpoints/rgb_only_rerun/batch/libero_spatial_task0/act_n10.pt,20,1
libero_spatial_task0,libero_spatial,0,10,0,94c51d05933ccbe3,94c51d05933ccbe3,1,success,73,,checkpoints/rgb_only_rerun/batch/libero_spatial_task0/act_n10.pt,20,1
libero_spatial_task0,libero_spatial,0,10,0,ed618112cb0b0d94,ed618112cb0b0d94,1,success,73,,checkpoints/rgb_only_rerun/batch/libero_spatial_task0/act_n10.pt,20,1
libero_spatial_task0,libero_spatial,0,10,0,fa8fc97bdc7a3055,fa8fc97bdc7a3055,1,success,78,,checkpoints/rgb_only_rerun/batch/libero_spatial_task0/act_n10.pt,20,1
libero_spatial_task0,libero_spatial,0,10,0,2433da040494f0a6,2433da040494f0a6,1,success,78,,checkpoints/rgb_only_rerun/batch/libero_spatial_task0/act_n10.pt,20,1
libero_spatial_task0,libero_spatial,0,10,0,c61e0c2e8e45b880,c61e0c2e8e45b880,1,success,77,,checkpoints/rgb_only_rerun/batch/libero_spatial_task0/act_n10.pt,20,1
libero_spatial_task0,libero_spatial,0,10,0,3e9119440cca117a,3e9119440cca117a,1,success,76,,checkpoints/rgb_only_rerun/batch/libero_spatial_task0/act_n10.pt,20,1
libero_spatial_task0,libero_spatial,0,10,0,4758eeefda5944e0,4758eeefda5944e0,1,success,76,,checkpoints/rgb_only_rerun/batch/libero_spatial_task0/act_n10.pt,20,1
libero_spatial_task0,libero_spatial,0,10,0,5a61f75834c73366,5a61f75834c73366,1,success,77,,checkpoints/rgb_only_rerun/batch/libero_spatial_task0/act_n10.pt,20,1
libero_spatial_task0,libero_spatial,0,10,0,232f4ecd7982394c,232f4ecd7982394c,1,success,77,,checkpoints/rgb_only_rerun/batch/libero_spatial_task0/act_n10.pt,20,1
libero_spatial_task0,libero_spatial,0,10,0,9a825efa1d1077ec,9a825efa1d1077ec,1,success,76,,checkpoints/rgb_only_rerun/batch/libero_spatial_task0/act_n10.pt,20,1
libero_spatial_task0,libero_spatial,0,10,0,8c4eaff7defe0084,8c4eaff7defe0084,1,success,74,,checkpoints/rgb_only_rerun/batch/libero_spatial_task0/act_n10.pt,20,1
libero_spatial_task0,libero_spatial,0,10,0,597f04bcec199dbd,597f04bcec199dbd,1,success,73,,checkpoints/rgb_only_rerun/batch/libero_spatial_task0/act_n10.pt,20,1
libero_spatial_task0,libero_spatial,0,10,0,b02471e6eb818def,b02471e6eb818def,1,success,75,,checkpoints/rgb_only_rerun/batch/libero_spatial_task0/act_n10.pt,20,1
libero_spatial_task0,libero_spatial,0,10,0,3bd1f92500be4dae,3bd1f92500be4dae,1,success,75,,checkpoints/rgb_only_rerun/batch/libero_spatial_task0/act_n10.pt,20,1
libero_spatial_task0,libero_spatial,0,10,0,757d82654828238b,757d82654828238b,0,fail,220,,checkpoints/rgb_only_rerun/batch/libero_spatial_task0/act_n10.pt,20,1
libero_spatial_task0,libero_spatial,0,10,0,d2b67889affe913a,d2b67889affe913a,1,success,69,,checkpoints/rgb_only_rerun/batch/libero_spatial_task0/act_n10.pt,20,1
libero_spatial_task0,libero_spatial,0,20,0,0eb56ef8abb83386,0eb56ef8abb83386,1,success,80,,checkpoints/rgb_only_rerun/batch/libero_spatial_task0/act_n20.pt,20,1
libero_spatial_task0,libero_spatial,0,20,0,1eeb4a1151a777f0,1eeb4a1151a777f0,1,success,73,,checkpoints/rgb_only_rerun/batch/libero_spatial_task0/act_n20.pt,20,1
libero_spatial_task0,libero_spatial,0,20,0,881b7a75e3583137,881b7a75e3583137,1,success,77,,checkpoints/rgb_only_rerun/batch/libero_spatial_task0/act_n20.pt,20,1
libero_spatial_task0,libero_spatial,0,20,0,5d357ba308dc421a,5d357ba308dc421a,1,success,79,,checkpoints/rgb_only_rerun/batch/libero_spatial_task0/act_n20.pt,20,1
libero_spatial_task0,libero_spatial,0,20,0,94c51d05933ccbe3,94c51d05933ccbe3,1,success,79,,checkpoints/rgb_only_rerun/batch/libero_spatial_task0/act_n20.pt,20,1
libero_spatial_task0,libero_spatial,0,20,0,ed618112cb0b0d94,ed618112cb0b0d94,1,success,76,,checkpoints/rgb_only_rerun/batch/libero_spatial_task0/act_n20.pt,20,1
libero_spatial_task0,libero_spatial,0,20,0,fa8fc97bdc7a3055,fa8fc97bdc7a3055,0,fail,220,,checkpoints/rgb_only_rerun/batch/libero_spatial_task0/act_n20.pt,20,1
libero_spatial_task0,libero_spatial,0,20,0,2433da040494f0a6,2433da040494f0a6,1,success,82,,checkpoints/rgb_only_rerun/batch/libero_spatial_task0/act_n20.pt,20,1
libero_spatial_task0,libero_spatial,0,20,0,c61e0c2e8e45b880,c61e0c2e8e45b880,1,success,80,,checkpoints/rgb_only_rerun/batch/libero_spatial_task0/act_n20.pt,20,1
libero_spatial_task0,libero_spatial,0,20,0,3e9119440cca117a,3e9119440cca117a,1,success,77,,checkpoints/rgb_only_rerun/batch/libero_spatial_task0/act_n20.pt,20,1
libero_spatial_task0,libero_spatial,0,20,0,4758eeefda5944e0,4758eeefda5944e0,1,success,74,,checkpoints/rgb_only_rerun/batch/libero_spatial_task0/act_n20.pt,20,1
libero_spatial_task0,libero_spatial,0,20,0,5a61f75834c73366,5a61f75834c73366,1,success,78,,checkpoints/rgb_only_rerun/batch/libero_spatial_task0/act_n20.pt,20,1
libero_spatial_task0,libero_spatial,0,20,0,232f4ecd7982394c,232f4ecd7982394c,1,success,83,,checkpoints/rgb_only_rerun/batch/libero_spatial_task0/act_n20.pt,20,1
libero_spatial_task0,libero_spatial,0,20,0,9a825efa1d1077ec,9a825efa1d1077ec,1,success,75,,checkpoints/rgb_only_rerun/batch/libero_spatial_task0/act_n20.pt,20,1
libero_spatial_task0,libero_spatial,0,20,0,8c4eaff7defe0084,8c4eaff7defe0084,1,success,74,,checkpoints/rgb_only_rerun/batch/libero_spatial_task0/act_n20.pt,20,1
libero_spatial_task0,libero_spatial,0,20,0,597f04bcec199dbd,597f04bcec199dbd,1,success,75,,checkpoints/rgb_only_rerun/batch/libero_spatial_task0/act_n20.pt,20,1
libero_spatial_task0,libero_spatial,0,20,0,b02471e6eb818def,b02471e6eb818def,1,success,156,,checkpoints/rgb_only_rerun/batch/libero_spatial_task0/act_n20.pt,20,1
libero_spatial_task0,libero_spatial,0,20,0,3bd1f92500be4dae,3bd1f92500be4dae,1,success,79,,checkpoints/rgb_only_rerun/batch/libero_spatial_task0/act_n20.pt,20,1
libero_spatial_task0,libero_spatial,0,20,0,757d82654828238b,757d82654828238b,1,success,76,,checkpoints/rgb_only_rerun/batch/libero_spatial_task0/act_n20.pt,20,1
libero_spatial_task0,libero_spatial,0,20,0,d2b67889affe913a,d2b67889affe913a,1,success,77,,checkpoints/rgb_only_rerun/batch/libero_spatial_task0/act_n20.pt,20,1
libero_spatial_task0,libero_spatial,0,40,0,0eb56ef8abb83386,0eb56ef8abb83386,1,success,76,,checkpoints/rgb_only_rerun/batch/libero_spatial_task0/act_n40.pt,20,1
libero_spatial_task0,libero_spatial,0,40,0,1eeb4a1151a777f0,1eeb4a1151a777f0,1,success,79,,checkpoints/rgb_only_rerun/batch/libero_spatial_task0/act_n40.pt,20,1
libero_spatial_task0,libero_spatial,0,40,0,881b7a75e3583137,881b7a75e3583137,1,success,81,,checkpoints/rgb_only_rerun/batch/libero_spatial_task0/act_n40.pt,20,1
libero_spatial_task0,libero_spatial,0,40,0,5d357ba308dc421a,5d357ba308dc421a,1,success,78,,checkpoints/rgb_only_rerun/batch/libero_spatial_task0/act_n40.pt,20,1
libero_spatial_task0,libero_spatial,0,40,0,94c51d05933ccbe3,94c51d05933ccbe3,1,success,76,,checkpoints/rgb_only_rerun/batch/libero_spatial_task0/act_n40.pt,20,1
libero_spatial_task0,libero_spatial,0,40,0,ed618112cb0b0d94,ed618112cb0b0d94,1,success,79,,checkpoints/rgb_only_rerun/batch/libero_spatial_task0/act_n40.pt,20,1
libero_spatial_task0,libero_spatial,0,40,0,fa8fc97bdc7a3055,fa8fc97bdc7a3055,1,success,81,,checkpoints/rgb_only_rerun/batch/libero_spatial_task0/act_n40.pt,20,1
libero_spatial_task0,libero_spatial,0,40,0,2433da040494f0a6,2433da040494f0a6,1,success,82,,checkpoints/rgb_only_rerun/batch/libero_spatial_task0/act_n40.pt,20,1
libero_spatial_task0,libero_spatial,0,40,0,c61e0c2e8e45b880,c61e0c2e8e45b880,1,success,77,,checkpoints/rgb_only_rerun/batch/libero_spatial_task0/act_n40.pt,20,1
libero_spatial_task0,libero_spatial,0,40,0,3e9119440cca117a,3e9119440cca117a,1,success,78,,checkpoints/rgb_only_rerun/batch/libero_spatial_task0/act_n40.pt,20,1
libero_spatial_task0,libero_spatial,0,40,0,4758eeefda5944e0,4758eeefda5944e0,1,success,79,,checkpoints/rgb_only_rerun/batch/libero_spatial_task0/act_n40.pt,20,1
libero_spatial_task0,libero_spatial,0,40,0,5a61f75834c73366,5a61f75834c73366,1,success,77,,checkpoints/rgb_only_rerun/batch/libero_spatial_task0/act_n40.pt,20,1
libero_spatial_task0,libero_spatial,0,40,0,232f4ecd7982394c,232f4ecd7982394c,1,success,82,,checkpoints/rgb_only_rerun/batch/libero_spatial_task0/act_n40.pt,20,1
libero_spatial_task0,libero_spatial,0,40,0,9a825efa1d1077ec,9a825efa1d1077ec,1,success,77,,checkpoints/rgb_only_rerun/batch/libero_spatial_task0/act_n40.pt,20,1
libero_spatial_task0,libero_spatial,0,40,0,8c4eaff7defe0084,8c4eaff7defe0084,1,success,76,,checkpoints/rgb_only_rerun/batch/libero_spatial_task0/act_n40.pt,20,1
libero_spatial_task0,libero_spatial,0,40,0,597f04bcec199dbd,597f04bcec199dbd,1,success,77,,checkpoints/rgb_only_rerun/batch/libero_spatial_task0/act_n40.pt,20,1
libero_spatial_task0,libero_spatial,0,40,0,b02471e6eb818def,b02471e6eb818def,0,fail,220,,checkpoints/rgb_only_rerun/batch/libero_spatial_task0/act_n40.pt,20,1
libero_spatial_task0,libero_spatial,0,40,0,3bd1f92500be4dae,3bd1f92500be4dae,1,success,80,,checkpoints/rgb_only_rerun/batch/libero_spatial_task0/act_n40.pt,20,1
libero_spatial_task0,libero_spatial,0,40,0,757d82654828238b,757d82654828238b,1,success,76,,checkpoints/rgb_only_rerun/batch/libero_spatial_task0/act_n40.pt,20,1
libero_spatial_task0,libero_spatial,0,40,0,d2b67889affe913a,d2b67889affe913a,1,success,76,,checkpoints/rgb_only_rerun/batch/libero_spatial_task0/act_n40.pt,20,1
libero_spatial_task0,libero_spatial,0,80,0,0eb56ef8abb83386,0eb56ef8abb83386,1,success,77,,checkpoints/rgb_only_rerun/batch/libero_spatial_task0/act_n80.pt,20,1
libero_spatial_task0,libero_spatial,0,80,0,1eeb4a1151a777f0,1eeb4a1151a777f0,1,success,75,,checkpoints/rgb_only_rerun/batch/libero_spatial_task0/act_n80.pt,20,1
libero_spatial_task0,libero_spatial,0,80,0,881b7a75e3583137,881b7a75e3583137,1,success,75,,checkpoints/rgb_only_rerun/batch/libero_spatial_task0/act_n80.pt,20,1
libero_spatial_task0,libero_spatial,0,80,0,5d357ba308dc421a,5d357ba308dc421a,1,success,77,,checkpoints/rgb_only_rerun/batch/libero_spatial_task0/act_n80.pt,20,1
libero_spatial_task0,libero_spatial,0,80,0,94c51d05933ccbe3,94c51d05933ccbe3,1,success,74,,checkpoints/rgb_only_rerun/batch/libero_spatial_task0/act_n80.pt,20,1
libero_spatial_task0,libero_spatial,0,80,0,ed618112cb0b0d94,ed618112cb0b0d94,1,success,79,,checkpoints/rgb_only_rerun/batch/libero_spatial_task0/act_n80.pt,20,1
libero_spatial_task0,libero_spatial,0,80,0,fa8fc97bdc7a3055,fa8fc97bdc7a3055,1,success,81,,checkpoints/rgb_only_rerun/batch/libero_spatial_task0/act_n80.pt,20,1
libero_spatial_task0,libero_spatial,0,80,0,2433da040494f0a6,2433da040494f0a6,1,success,82,,checkpoints/rgb_only_rerun/batch/libero_spatial_task0/act_n80.pt,20,1
libero_spatial_task0,libero_spatial,0,80,0,c61e0c2e8e45b880,c61e0c2e8e45b880,1,success,76,,checkpoints/rgb_only_rerun/batch/libero_spatial_task0/act_n80.pt,20,1
libero_spatial_task0,libero_spatial,0,80,0,3e9119440cca117a,3e9119440cca117a,1,success,75,,checkpoints/rgb_only_rerun/batch/libero_spatial_task0/act_n80.pt,20,1
libero_spatial_task0,libero_spatial,0,80,0,4758eeefda5944e0,4758eeefda5944e0,1,success,76,,checkpoints/rgb_only_rerun/batch/libero_spatial_task0/act_n80.pt,20,1
libero_spatial_task0,libero_spatial,0,80,0,5a61f75834c73366,5a61f75834c73366,1,success,76,,checkpoints/rgb_only_rerun/batch/libero_spatial_task0/act_n80.pt,20,1
libero_spatial_task0,libero_spatial,0,80,0,232f4ecd7982394c,232f4ecd7982394c,1,success,80,,checkpoints/rgb_only_rerun/batch/libero_spatial_task0/act_n80.pt,20,1
libero_spatial_task0,libero_spatial,0,80,0,9a825efa1d1077ec,9a825efa1d1077ec,1,success,77,,checkpoints/rgb_only_rerun/batch/libero_spatial_task0/act_n80.pt,20,1
libero_spatial_task0,libero_spatial,0,80,0,8c4eaff7defe0084,8c4eaff7defe0084,1,success,76,,checkpoints/rgb_only_rerun/batch/libero_spatial_task0/act_n80.pt,20,1
libero_spatial_task0,libero_spatial,0,80,0,597f04bcec199dbd,597f04bcec199dbd,1,success,78,,checkpoints/rgb_only_rerun/batch/libero_spatial_task0/act_n80.pt,20,1
libero_spatial_task0,libero_spatial,0,80,0,b02471e6eb818def,b02471e6eb818def,1,success,77,,checkpoints/rgb_only_rerun/batch/libero_spatial_task0/act_n80.pt,20,1
libero_spatial_task0,libero_spatial,0,80,0,3bd1f92500be4dae,3bd1f92500be4dae,1,success,78,,checkpoints/rgb_only_rerun/batch/libero_spatial_task0/act_n80.pt,20,1
libero_spatial_task0,libero_spatial,0,80,0,757d82654828238b,757d82654828238b,1,success,75,,checkpoints/rgb_only_rerun/batch/libero_spatial_task0/act_n80.pt,20,1
libero_spatial_task0,libero_spatial,0,80,0,d2b67889affe913a,d2b67889affe913a,1,success,74,,checkpoints/rgb_only_rerun/batch/libero_spatial_task0/act_n80.pt,20,1
libero_spatial_task1,libero_spatial,1,10,0,9fc3330fff37c874,9fc3330fff37c874,1,success,136,,checkpoints/rgb_only_rerun/batch/libero_spatial_task1/act_n10.pt,20,1
libero_spatial_task1,libero_spatial,1,10,0,791fad1c38ddec35,791fad1c38ddec35,1,success,100,,checkpoints/rgb_only_rerun/batch/libero_spatial_task1/act_n10.pt,20,1
libero_spatial_task1,libero_spatial,1,10,0,7c022a9641489284,7c022a9641489284,0,fail,220,,checkpoints/rgb_only_rerun/batch/libero_spatial_task1/act_n10.pt,20,1
libero_spatial_task1,libero_spatial,1,10,0,c41f263c871b1c2b,c41f263c871b1c2b,1,success,102,,checkpoints/rgb_only_rerun/batch/libero_spatial_task1/act_n10.pt,20,1
libero_spatial_task1,libero_spatial,1,10,0,c88116657f3f78c1,c88116657f3f78c1,1,success,107,,checkpoints/rgb_only_rerun/batch/libero_spatial_task1/act_n10.pt,20,1
libero_spatial_task1,libero_spatial,1,10,0,c5be1634168f0aad,c5be1634168f0aad,0,fail,220,,checkpoints/rgb_only_rerun/batch/libero_spatial_task1/act_n10.pt,20,1
libero_spatial_task1,libero_spatial,1,10,0,8019568aeeb6532a,8019568aeeb6532a,1,success,108,,checkpoints/rgb_only_rerun/batch/libero_spatial_task1/act_n10.pt,20,1
libero_spatial_task1,libero_spatial,1,10,0,4c11a44e8b808f86,4c11a44e8b808f86,1,success,107,,checkpoints/rgb_only_rerun/batch/libero_spatial_task1/act_n10.pt,20,1
libero_spatial_task1,libero_spatial,1,10,0,97e1894aace58909,97e1894aace58909,0,fail,220,,checkpoints/rgb_only_rerun/batch/libero_spatial_task1/act_n10.pt,20,1
libero_spatial_task1,libero_spatial,1,10,0,dc33da774a5c448f,dc33da774a5c448f,0,fail,220,,checkpoints/rgb_only_rerun/batch/libero_spatial_task1/act_n10.pt,20,1
libero_spatial_task1,libero_spatial,1,10,0,87df76b949b154c7,87df76b949b154c7,0,fail,220,,checkpoints/rgb_only_rerun/batch/libero_spatial_task1/act_n10.pt,20,1
libero_spatial_task1,libero_spatial,1,10,0,de784a9438feb401,de784a9438feb401,1,success,101,,checkpoints/rgb_only_rerun/batch/libero_spatial_task1/act_n10.pt,20,1
libero_spatial_task1,libero_spatial,1,10,0,57b2b74495f5a780,57b2b74495f5a780,1,success,107,,checkpoints/rgb_only_rerun/batch/libero_spatial_task1/act_n10.pt,20,1
libero_spatial_task1,libero_spatial,1,10,0,caafd97e38ddd4ba,caafd97e38ddd4ba,1,success,113,,checkpoints/rgb_only_rerun/batch/libero_spatial_task1/act_n10.pt,20,1
libero_spatial_task1,libero_spatial,1,10,0,6c0288d637bc5b66,6c0288d637bc5b66,0,fail,220,,checkpoints/rgb_only_rerun/batch/libero_spatial_task1/act_n10.pt,20,1
libero_spatial_task1,libero_spatial,1,10,0,6971194155a9ccf1,6971194155a9ccf1,0,fail,220,,checkpoints/rgb_only_rerun/batch/libero_spatial_task1/act_n10.pt,20,1
libero_spatial_task1,libero_spatial,1,10,0,50a666009a0f40a2,50a666009a0f40a2,1,success,102,,checkpoints/rgb_only_rerun/batch/libero_spatial_task1/act_n10.pt,20,1
libero_spatial_task1,libero_spatial,1,10,0,79a8aa4d3ab96af8,79a8aa4d3ab96af8,1,success,107,,checkpoints/rgb_only_rerun/batch/libero_spatial_task1/act_n10.pt,20,1
libero_spatial_task1,libero_spatial,1,10,0,e9459f3e802cab57,e9459f3e802cab57,1,success,145,,checkpoints/rgb_only_rerun/batch/libero_spatial_task1/act_n10.pt,20,1
libero_spatial_task1,libero_spatial,1,10,0,e9d076f2223b184c,e9d076f2223b184c,1,success,121,,checkpoints/rgb_only_rerun/batch/libero_spatial_task1/act_n10.pt,20,1
libero_spatial_task1,libero_spatial,1,20,0,9fc3330fff37c874,9fc3330fff37c874,1,success,140,,checkpoints/rgb_only_rerun/batch/libero_spatial_task1/act_n20.pt,20,1
libero_spatial_task1,libero_spatial,1,20,0,791fad1c38ddec35,791fad1c38ddec35,1,success,142,,checkpoints/rgb_only_rerun/batch/libero_spatial_task1/act_n20.pt,20,1
libero_spatial_task1,libero_spatial,1,20,0,7c022a9641489284,7c022a9641489284,1,success,106,,checkpoints/rgb_only_rerun/batch/libero_spatial_task1/act_n20.pt,20,1
libero_spatial_task1,libero_spatial,1,20,0,c41f263c871b1c2b,c41f263c871b1c2b,1,success,129,,checkpoints/rgb_only_rerun/batch/libero_spatial_task1/act_n20.pt,20,1
libero_spatial_task1,libero_spatial,1,20,0,c88116657f3f78c1,c88116657f3f78c1,1,success,134,,checkpoints/rgb_only_rerun/batch/libero_spatial_task1/act_n20.pt,20,1
libero_spatial_task1,libero_spatial,1,20,0,c5be1634168f0aad,c5be1634168f0aad,0,fail,220,,checkpoints/rgb_only_rerun/batch/libero_spatial_task1/act_n20.pt,20,1
libero_spatial_task1,libero_spatial,1,20,0,8019568aeeb6532a,8019568aeeb6532a,1,success,109,,checkpoints/rgb_only_rerun/batch/libero_spatial_task1/act_n20.pt,20,1
libero_spatial_task1,libero_spatial,1,20,0,4c11a44e8b808f86,4c11a44e8b808f86,1,success,107,,checkpoints/rgb_only_rerun/batch/libero_spatial_task1/act_n20.pt,20,1
libero_spatial_task1,libero_spatial,1,20,0,97e1894aace58909,97e1894aace58909,1,success,109,,checkpoints/rgb_only_rerun/batch/libero_spatial_task1/act_n20.pt,20,1
libero_spatial_task1,libero_spatial,1,20,0,dc33da774a5c448f,dc33da774a5c448f,1,success,121,,checkpoints/rgb_only_rerun/batch/libero_spatial_task1/act_n20.pt,20,1
libero_spatial_task1,libero_spatial,1,20,0,87df76b949b154c7,87df76b949b154c7,1,success,110,,checkpoints/rgb_only_rerun/batch/libero_spatial_task1/act_n20.pt,20,1
libero_spatial_task1,libero_spatial,1,20,0,de784a9438feb401,de784a9438feb401,1,success,167,,checkpoints/rgb_only_rerun/batch/libero_spatial_task1/act_n20.pt,20,1
libero_spatial_task1,libero_spatial,1,20,0,57b2b74495f5a780,57b2b74495f5a780,1,success,116,,checkpoints/rgb_only_rerun/batch/libero_spatial_task1/act_n20.pt,20,1
libero_spatial_task1,libero_spatial,1,20,0,caafd97e38ddd4ba,caafd97e38ddd4ba,1,success,119,,checkpoints/rgb_only_rerun/batch/libero_spatial_task1/act_n20.pt,20,1
libero_spatial_task1,libero_spatial,1,20,0,6c0288d637bc5b66,6c0288d637bc5b66,0,fail,220,,checkpoints/rgb_only_rerun/batch/libero_spatial_task1/act_n20.pt,20,1
libero_spatial_task1,libero_spatial,1,20,0,6971194155a9ccf1,6971194155a9ccf1,1,success,145,,checkpoints/rgb_only_rerun/batch/libero_spatial_task1/act_n20.pt,20,1
libero_spatial_task1,libero_spatial,1,20,0,50a666009a0f40a2,50a666009a0f40a2,1,success,104,,checkpoints/rgb_only_rerun/batch/libero_spatial_task1/act_n20.pt,20,1
libero_spatial_task1,libero_spatial,1,20,0,79a8aa4d3ab96af8,79a8aa4d3ab96af8,1,success,110,,checkpoints/rgb_only_rerun/batch/libero_spatial_task1/act_n20.pt,20,1
libero_spatial_task1,libero_spatial,1,20,0,e9459f3e802cab57,e9459f3e802cab57,1,success,150,,checkpoints/rgb_only_rerun/batch/libero_spatial_task1/act_n20.pt,20,1
libero_spatial_task1,libero_spatial,1,20,0,e9d076f2223b184c,e9d076f2223b184c,1,success,100,,checkpoints/rgb_only_rerun/batch/libero_spatial_task1/act_n20.pt,20,1
libero_spatial_task1,libero_spatial,1,40,0,9fc3330fff37c874,9fc3330fff37c874,1,success,108,,checkpoints/rgb_only_rerun/batch/libero_spatial_task1/act_n40.pt,20,1
libero_spatial_task1,libero_spatial,1,40,0,791fad1c38ddec35,791fad1c38ddec35,1,success,104,,checkpoints/rgb_only_rerun/batch/libero_spatial_task1/act_n40.pt,20,1
libero_spatial_task1,libero_spatial,1,40,0,7c022a9641489284,7c022a9641489284,1,success,107,,checkpoints/rgb_only_rerun/batch/libero_spatial_task1/act_n40.pt,20,1
libero_spatial_task1,libero_spatial,1,40,0,c41f263c871b1c2b,c41f263c871b1c2b,1,success,106,,checkpoints/rgb_only_rerun/batch/libero_spatial_task1/act_n40.pt,20,1
libero_spatial_task1,libero_spatial,1,40,0,c88116657f3f78c1,c88116657f3f78c1,1,success,128,,checkpoints/rgb_only_rerun/batch/libero_spatial_task1/act_n40.pt,20,1
libero_spatial_task1,libero_spatial,1,40,0,c5be1634168f0aad,c5be1634168f0aad,1,success,111,,checkpoints/rgb_only_rerun/batch/libero_spatial_task1/act_n40.pt,20,1
libero_spatial_task1,libero_spatial,1,40,0,8019568aeeb6532a,8019568aeeb6532a,1,success,110,,checkpoints/rgb_only_rerun/batch/libero_spatial_task1/act_n40.pt,20,1
libero_spatial_task1,libero_spatial,1,40,0,4c11a44e8b808f86,4c11a44e8b808f86,0,fail,220,,checkpoints/rgb_only_rerun/batch/libero_spatial_task1/act_n40.pt,20,1
libero_spatial_task1,libero_spatial,1,40,0,97e1894aace58909,97e1894aace58909,1,success,123,,checkpoints/rgb_only_rerun/batch/libero_spatial_task1/act_n40.pt,20,1
libero_spatial_task1,libero_spatial,1,40,0,dc33da774a5c448f,dc33da774a5c448f,0,fail,220,,checkpoints/rgb_only_rerun/batch/libero_spatial_task1/act_n40.pt,20,1
libero_spatial_task1,libero_spatial,1,40,0,87df76b949b154c7,87df76b949b154c7,1,success,102,,checkpoints/rgb_only_rerun/batch/libero_spatial_task1/act_n40.pt,20,1
libero_spatial_task1,libero_spatial,1,40,0,de784a9438feb401,de784a9438feb401,1,success,105,,checkpoints/rgb_only_rerun/batch/libero_spatial_task1/act_n40.pt,20,1
libero_spatial_task1,libero_spatial,1,40,0,57b2b74495f5a780,57b2b74495f5a780,1,success,142,,checkpoints/rgb_only_rerun/batch/libero_spatial_task1/act_n40.pt,20,1
libero_spatial_task1,libero_spatial,1,40,0,caafd97e38ddd4ba,caafd97e38ddd4ba,0,fail,220,,checkpoints/rgb_only_rerun/batch/libero_spatial_task1/act_n40.pt,20,1
libero_spatial_task1,libero_spatial,1,40,0,6c0288d637bc5b66,6c0288d637bc5b66,1,success,112,,checkpoints/rgb_only_rerun/batch/libero_spatial_task1/act_n40.pt,20,1
libero_spatial_task1,libero_spatial,1,40,0,6971194155a9ccf1,6971194155a9ccf1,1,success,112,,checkpoints/rgb_only_rerun/batch/libero_spatial_task1/act_n40.pt,20,1
libero_spatial_task1,libero_spatial,1,40,0,50a666009a0f40a2,50a666009a0f40a2,1,success,106,,checkpoints/rgb_only_rerun/batch/libero_spatial_task1/act_n40.pt,20,1
libero_spatial_task1,libero_spatial,1,40,0,79a8aa4d3ab96af8,79a8aa4d3ab96af8,1,success,107,,checkpoints/rgb_only_rerun/batch/libero_spatial_task1/act_n40.pt,20,1
libero_spatial_task1,libero_spatial,1,40,0,e9459f3e802cab57,e9459f3e802cab57,1,success,131,,checkpoints/rgb_only_rerun/batch/libero_spatial_task1/act_n40.pt,20,1
libero_spatial_task1,libero_spatial,1,40,0,e9d076f2223b184c,e9d076f2223b184c,1,success,182,,checkpoints/rgb_only_rerun/batch/libero_spatial_task1/act_n40.pt,20,1
libero_spatial_task1,libero_spatial,1,80,0,9fc3330fff37c874,9fc3330fff37c874,1,success,108,,checkpoints/rgb_only_rerun/batch/libero_spatial_task1/act_n80.pt,20,1
libero_spatial_task1,libero_spatial,1,80,0,791fad1c38ddec35,791fad1c38ddec35,1,success,106,,checkpoints/rgb_only_rerun/batch/libero_spatial_task1/act_n80.pt,20,1
libero_spatial_task1,libero_spatial,1,80,0,7c022a9641489284,7c022a9641489284,1,success,113,,checkpoints/rgb_only_rerun/batch/libero_spatial_task1/act_n80.pt,20,1
libero_spatial_task1,libero_spatial,1,80,0,c41f263c871b1c2b,c41f263c871b1c2b,1,success,107,,checkpoints/rgb_only_rerun/batch/libero_spatial_task1/act_n80.pt,20,1
libero_spatial_task1,libero_spatial,1,80,0,c88116657f3f78c1,c88116657f3f78c1,1,success,107,,checkpoints/rgb_only_rerun/batch/libero_spatial_task1/act_n80.pt,20,1
libero_spatial_task1,libero_spatial,1,80,0,c5be1634168f0aad,c5be1634168f0aad,1,success,110,,checkpoints/rgb_only_rerun/batch/libero_spatial_task1/act_n80.pt,20,1
libero_spatial_task1,libero_spatial,1,80,0,8019568aeeb6532a,8019568aeeb6532a,1,success,109,,checkpoints/rgb_only_rerun/batch/libero_spatial_task1/act_n80.pt,20,1
libero_spatial_task1,libero_spatial,1,80,0,4c11a44e8b808f86,4c11a44e8b808f86,1,success,107,,checkpoints/rgb_only_rerun/batch/libero_spatial_task1/act_n80.pt,20,1
libero_spatial_task1,libero_spatial,1,80,0,97e1894aace58909,97e1894aace58909,1,success,106,,checkpoints/rgb_only_rerun/batch/libero_spatial_task1/act_n80.pt,20,1
libero_spatial_task1,libero_spatial,1,80,0,dc33da774a5c448f,dc33da774a5c448f,1,success,102,,checkpoints/rgb_only_rerun/batch/libero_spatial_task1/act_n80.pt,20,1
libero_spatial_task1,libero_spatial,1,80,0,87df76b949b154c7,87df76b949b154c7,1,success,113,,checkpoints/rgb_only_rerun/batch/libero_spatial_task1/act_n80.pt,20,1
libero_spatial_task1,libero_spatial,1,80,0,de784a9438feb401,de784a9438feb401,1,success,108,,checkpoints/rgb_only_rerun/batch/libero_spatial_task1/act_n80.pt,20,1
libero_spatial_task1,libero_spatial,1,80,0,57b2b74495f5a780,57b2b74495f5a780,1,success,107,,checkpoints/rgb_only_rerun/batch/libero_spatial_task1/act_n80.pt,20,1
libero_spatial_task1,libero_spatial,1,80,0,caafd97e38ddd4ba,caafd97e38ddd4ba,1,success,103,,checkpoints/rgb_only_rerun/batch/libero_spatial_task1/act_n80.pt,20,1
libero_spatial_task1,libero_spatial,1,80,0,6c0288d637bc5b66,6c0288d637bc5b66,1,success,108,,checkpoints/rgb_only_rerun/batch/libero_spatial_task1/act_n80.pt,20,1
libero_spatial_task1,libero_spatial,1,80,0,6971194155a9ccf1,6971194155a9ccf1,1,success,110,,checkpoints/rgb_only_rerun/batch/libero_spatial_task1/act_n80.pt,20,1
libero_spatial_task1,libero_spatial,1,80,0,50a666009a0f40a2,50a666009a0f40a2,1,success,108,,checkpoints/rgb_only_rerun/batch/libero_spatial_task1/act_n80.pt,20,1
libero_spatial_task1,libero_spatial,1,80,0,79a8aa4d3ab96af8,79a8aa4d3ab96af8,1,success,108,,checkpoints/rgb_only_rerun/batch/libero_spatial_task1/act_n80.pt,20,1
libero_spatial_task1,libero_spatial,1,80,0,e9459f3e802cab57,e9459f3e802cab57,1,success,115,,checkpoints/rgb_only_rerun/batch/libero_spatial_task1/act_n80.pt,20,1
libero_spatial_task1,libero_spatial,1,80,0,e9d076f2223b184c,e9d076f2223b184c,1,success,113,,checkpoints/rgb_only_rerun/batch/libero_spatial_task1/act_n80.pt,20,1
libero_10_task0,libero_10,0,10,0,8abe98ab359c345b,8abe98ab359c345b,0,fail,520,,checkpoints/rgb_only_rerun/batch/libero_10_task0/act_n10.pt,20,1
libero_10_task0,libero_10,0,10,0,02100e8f6cf6e9e0,02100e8f6cf6e9e0,0,fail,520,,checkpoints/rgb_only_rerun/batch/libero_10_task0/act_n10.pt,20,1
libero_10_task0,libero_10,0,10,0,be24253b2eb9a133,be24253b2eb9a133,0,fail,520,,checkpoints/rgb_only_rerun/batch/libero_10_task0/act_n10.pt,20,1
libero_10_task0,libero_10,0,10,0,ef6f786db1189f09,ef6f786db1189f09,0,fail,520,,checkpoints/rgb_only_rerun/batch/libero_10_task0/act_n10.pt,20,1
libero_10_task0,libero_10,0,10,0,7982e193584a2352,7982e193584a2352,0,fail,520,,checkpoints/rgb_only_rerun/batch/libero_10_task0/act_n10.pt,20,1
libero_10_task0,libero_10,0,10,0,08d3a099938c58af,08d3a099938c58af,0,fail,520,,checkpoints/rgb_only_rerun/batch/libero_10_task0/act_n10.pt,20,1
libero_10_task0,libero_10,0,10,0,686b4e8fb6a6b027,686b4e8fb6a6b027,0,fail,520,,checkpoints/rgb_only_rerun/batch/libero_10_task0/act_n10.pt,20,1
libero_10_task0,libero_10,0,10,0,1067061e16c09f2b,1067061e16c09f2b,1,success,297,,checkpoints/rgb_only_rerun/batch/libero_10_task0/act_n10.pt,20,1
libero_10_task0,libero_10,0,10,0,6416bc2b77680bee,6416bc2b77680bee,0,fail,520,,checkpoints/rgb_only_rerun/batch/libero_10_task0/act_n10.pt,20,1
libero_10_task0,libero_10,0,10,0,3638701bda3898d1,3638701bda3898d1,0,fail,520,,checkpoints/rgb_only_rerun/batch/libero_10_task0/act_n10.pt,20,1
libero_10_task0,libero_10,0,10,0,a1579eb0f1c260fb,a1579eb0f1c260fb,0,fail,520,,checkpoints/rgb_only_rerun/batch/libero_10_task0/act_n10.pt,20,1
libero_10_task0,libero_10,0,10,0,69a9df165ddd8f10,69a9df165ddd8f10,0,fail,520,,checkpoints/rgb_only_rerun/batch/libero_10_task0/act_n10.pt,20,1
libero_10_task0,libero_10,0,10,0,8585906d5ea3bbe4,8585906d5ea3bbe4,0,fail,520,,checkpoints/rgb_only_rerun/batch/libero_10_task0/act_n10.pt,20,1
libero_10_task0,libero_10,0,10,0,52804aecbc77cae4,52804aecbc77cae4,0,fail,520,,checkpoints/rgb_only_rerun/batch/libero_10_task0/act_n10.pt,20,1
libero_10_task0,libero_10,0,10,0,aa11e672718954a5,aa11e672718954a5,1,success,245,,checkpoints/rgb_only_rerun/batch/libero_10_task0/act_n10.pt,20,1
libero_10_task0,libero_10,0,10,0,cc5dabc5badf8ee1,cc5dabc5badf8ee1,0,fail,520,,checkpoints/rgb_only_rerun/batch/libero_10_task0/act_n10.pt,20,1
libero_10_task0,libero_10,0,10,0,49385e61fd7c365d,49385e61fd7c365d,0,fail,520,,checkpoints/rgb_only_rerun/batch/libero_10_task0/act_n10.pt,20,1
libero_10_task0,libero_10,0,10,0,0b96275a1d28535f,0b96275a1d28535f,1,success,237,,checkpoints/rgb_only_rerun/batch/libero_10_task0/act_n10.pt,20,1
libero_10_task0,libero_10,0,10,0,21ce3d60d34b1abc,21ce3d60d34b1abc,0,fail,520,,checkpoints/rgb_only_rerun/batch/libero_10_task0/act_n10.pt,20,1
libero_10_task0,libero_10,0,10,0,89e89799f26f9a45,89e89799f26f9a45,0,fail,520,,checkpoints/rgb_only_rerun/batch/libero_10_task0/act_n10.pt,20,1
libero_10_task0,libero_10,0,20,0,8abe98ab359c345b,8abe98ab359c345b,0,fail,520,,checkpoints/rgb_only_rerun/batch/libero_10_task0/act_n20.pt,20,1
libero_10_task0,libero_10,0,20,0,02100e8f6cf6e9e0,02100e8f6cf6e9e0,0,fail,520,,checkpoints/rgb_only_rerun/batch/libero_10_task0/act_n20.pt,20,1
libero_10_task0,libero_10,0,20,0,be24253b2eb9a133,be24253b2eb9a133,0,fail,520,,checkpoints/rgb_only_rerun/batch/libero_10_task0/act_n20.pt,20,1
libero_10_task0,libero_10,0,20,0,ef6f786db1189f09,ef6f786db1189f09,0,fail,520,,checkpoints/rgb_only_rerun/batch/libero_10_task0/act_n20.pt,20,1
libero_10_task0,libero_10,0,20,0,7982e193584a2352,7982e193584a2352,1,success,290,,checkpoints/rgb_only_rerun/batch/libero_10_task0/act_n20.pt,20,1
libero_10_task0,libero_10,0,20,0,08d3a099938c58af,08d3a099938c58af,0,fail,520,,checkpoints/rgb_only_rerun/batch/libero_10_task0/act_n20.pt,20,1
libero_10_task0,libero_10,0,20,0,686b4e8fb6a6b027,686b4e8fb6a6b027,0,fail,520,,checkpoints/rgb_only_rerun/batch/libero_10_task0/act_n20.pt,20,1
libero_10_task0,libero_10,0,20,0,1067061e16c09f2b,1067061e16c09f2b,0,fail,520,,checkpoints/rgb_only_rerun/batch/libero_10_task0/act_n20.pt,20,1
libero_10_task0,libero_10,0,20,0,6416bc2b77680bee,6416bc2b77680bee,0,fail,520,,checkpoints/rgb_only_rerun/batch/libero_10_task0/act_n20.pt,20,1
libero_10_task0,libero_10,0,20,0,3638701bda3898d1,3638701bda3898d1,0,fail,520,,checkpoints/rgb_only_rerun/batch/libero_10_task0/act_n20.pt,20,1
libero_10_task0,libero_10,0,20,0,a1579eb0f1c260fb,a1579eb0f1c260fb,0,fail,520,,checkpoints/rgb_only_rerun/batch/libero_10_task0/act_n20.pt,20,1
libero_10_task0,libero_10,0,20,0,69a9df165ddd8f10,69a9df165ddd8f10,0,fail,520,,checkpoints/rgb_only_rerun/batch/libero_10_task0/act_n20.pt,20,1
libero_10_task0,libero_10,0,20,0,8585906d5ea3bbe4,8585906d5ea3bbe4,1,success,235,,checkpoints/rgb_only_rerun/batch/libero_10_task0/act_n20.pt,20,1
libero_10_task0,libero_10,0,20,0,52804aecbc77cae4,52804aecbc77cae4,1,success,352,,checkpoints/rgb_only_rerun/batch/libero_10_task0/act_n20.pt,20,1
libero_10_task0,libero_10,0,20,0,aa11e672718954a5,aa11e672718954a5,1,success,248,,checkpoints/rgb_only_rerun/batch/libero_10_task0/act_n20.pt,20,1
libero_10_task0,libero_10,0,20,0,cc5dabc5badf8ee1,cc5dabc5badf8ee1,0,fail,520,,checkpoints/rgb_only_rerun/batch/libero_10_task0/act_n20.pt,20,1
libero_10_task0,libero_10,0,20,0,49385e61fd7c365d,49385e61fd7c365d,0,fail,520,,checkpoints/rgb_only_rerun/batch/libero_10_task0/act_n20.pt,20,1
libero_10_task0,libero_10,0,20,0,0b96275a1d28535f,0b96275a1d28535f,0,fail,520,,checkpoints/rgb_only_rerun/batch/libero_10_task0/act_n20.pt,20,1
libero_10_task0,libero_10,0,20,0,21ce3d60d34b1abc,21ce3d60d34b1abc,0,fail,520,,checkpoints/rgb_only_rerun/batch/libero_10_task0/act_n20.pt,20,1
libero_10_task0,libero_10,0,20,0,89e89799f26f9a45,89e89799f26f9a45,0,fail,520,,checkpoints/rgb_only_rerun/batch/libero_10_task0/act_n20.pt,20,1
libero_10_task0,libero_10,0,40,0,8abe98ab359c345b,8abe98ab359c345b,1,success,267,,checkpoints/rgb_only_rerun/batch/libero_10_task0/act_n40.pt,20,1
libero_10_task0,libero_10,0,40,0,02100e8f6cf6e9e0,02100e8f6cf6e9e0,0,fail,520,,checkpoints/rgb_only_rerun/batch/libero_10_task0/act_n40.pt,20,1
libero_10_task0,libero_10,0,40,0,be24253b2eb9a133,be24253b2eb9a133,1,success,264,,checkpoints/rgb_only_rerun/batch/libero_10_task0/act_n40.pt,20,1
libero_10_task0,libero_10,0,40,0,ef6f786db1189f09,ef6f786db1189f09,1,success,245,,checkpoints/rgb_only_rerun/batch/libero_10_task0/act_n40.pt,20,1
libero_10_task0,libero_10,0,40,0,7982e193584a2352,7982e193584a2352,1,success,283,,checkpoints/rgb_only_rerun/batch/libero_10_task0/act_n40.pt,20,1
libero_10_task0,libero_10,0,40,0,08d3a099938c58af,08d3a099938c58af,0,fail,520,,checkpoints/rgb_only_rerun/batch/libero_10_task0/act_n40.pt,20,1
libero_10_task0,libero_10,0,40,0,686b4e8fb6a6b027,686b4e8fb6a6b027,0,fail,520,,checkpoints/rgb_only_rerun/batch/libero_10_task0/act_n40.pt,20,1
libero_10_task0,libero_10,0,40,0,1067061e16c09f2b,1067061e16c09f2b,1,success,259,,checkpoints/rgb_only_rerun/batch/libero_10_task0/act_n40.pt,20,1
libero_10_task0,libero_10,0,40,0,6416bc2b77680bee,6416bc2b77680bee,1,success,263,,checkpoints/rgb_only_rerun/batch/libero_10_task0/act_n40.pt,20,1
libero_10_task0,libero_10,0,40,0,3638701bda3898d1,3638701bda3898d1,0,fail,520,,checkpoints/rgb_only_rerun/batch/libero_10_task0/act_n40.pt,20,1
libero_10_task0,libero_10,0,40,0,a1579eb0f1c260fb,a1579eb0f1c260fb,0,fail,520,,checkpoints/rgb_only_rerun/batch/libero_10_task0/act_n40.pt,20,1
libero_10_task0,libero_10,0,40,0,69a9df165ddd8f10,69a9df165ddd8f10,1,success,282,,checkpoints/rgb_only_rerun/batch/libero_10_task0/act_n40.pt,20,1
libero_10_task0,libero_10,0,40,0,8585906d5ea3bbe4,8585906d5ea3bbe4,1,success,267,,checkpoints/rgb_only_rerun/batch/libero_10_task0/act_n40.pt,20,1
libero_10_task0,libero_10,0,40,0,52804aecbc77cae4,52804aecbc77cae4,1,success,250,,checkpoints/rgb_only_rerun/batch/libero_10_task0/act_n40.pt,20,1
libero_10_task0,libero_10,0,40,0,aa11e672718954a5,aa11e672718954a5,1,success,255,,checkpoints/rgb_only_rerun/batch/libero_10_task0/act_n40.pt,20,1
libero_10_task0,libero_10,0,40,0,cc5dabc5badf8ee1,cc5dabc5badf8ee1,0,fail,520,,checkpoints/rgb_only_rerun/batch/libero_10_task0/act_n40.pt,20,1
libero_10_task0,libero_10,0,40,0,49385e61fd7c365d,49385e61fd7c365d,0,fail,520,,checkpoints/rgb_only_rerun/batch/libero_10_task0/act_n40.pt,20,1
libero_10_task0,libero_10,0,40,0,0b96275a1d28535f,0b96275a1d28535f,1,success,255,,checkpoints/rgb_only_rerun/batch/libero_10_task0/act_n40.pt,20,1
libero_10_task0,libero_10,0,40,0,21ce3d60d34b1abc,21ce3d60d34b1abc,1,success,267,,checkpoints/rgb_only_rerun/batch/libero_10_task0/act_n40.pt,20,1
libero_10_task0,libero_10,0,40,0,89e89799f26f9a45,89e89799f26f9a45,1,success,263,,checkpoints/rgb_only_rerun/batch/libero_10_task0/act_n40.pt,20,1
libero_10_task0,libero_10,0,80,0,8abe98ab359c345b,8abe98ab359c345b,0,fail,520,,checkpoints/rgb_only_rerun/batch/libero_10_task0/act_n80.pt,20,1
libero_10_task0,libero_10,0,80,0,02100e8f6cf6e9e0,02100e8f6cf6e9e0,0,fail,520,,checkpoints/rgb_only_rerun/batch/libero_10_task0/act_n80.pt,20,1
libero_10_task0,libero_10,0,80,0,be24253b2eb9a133,be24253b2eb9a133,1,success,240,,checkpoints/rgb_only_rerun/batch/libero_10_task0/act_n80.pt,20,1
libero_10_task0,libero_10,0,80,0,ef6f786db1189f09,ef6f786db1189f09,0,fail,520,,checkpoints/rgb_only_rerun/batch/libero_10_task0/act_n80.pt,20,1
libero_10_task0,libero_10,0,80,0,7982e193584a2352,7982e193584a2352,1,success,253,,checkpoints/rgb_only_rerun/batch/libero_10_task0/act_n80.pt,20,1
libero_10_task0,libero_10,0,80,0,08d3a099938c58af,08d3a099938c58af,0,fail,520,,checkpoints/rgb_only_rerun/batch/libero_10_task0/act_n80.pt,20,1
libero_10_task0,libero_10,0,80,0,686b4e8fb6a6b027,686b4e8fb6a6b027,0,fail,520,,checkpoints/rgb_only_rerun/batch/libero_10_task0/act_n80.pt,20,1
libero_10_task0,libero_10,0,80,0,1067061e16c09f2b,1067061e16c09f2b,1,success,296,,checkpoints/rgb_only_rerun/batch/libero_10_task0/act_n80.pt,20,1
libero_10_task0,libero_10,0,80,0,6416bc2b77680bee,6416bc2b77680bee,1,success,244,,checkpoints/rgb_only_rerun/batch/libero_10_task0/act_n80.pt,20,1
libero_10_task0,libero_10,0,80,0,3638701bda3898d1,3638701bda3898d1,0,fail,520,,checkpoints/rgb_only_rerun/batch/libero_10_task0/act_n80.pt,20,1
libero_10_task0,libero_10,0,80,0,a1579eb0f1c260fb,a1579eb0f1c260fb,0,fail,520,,checkpoints/rgb_only_rerun/batch/libero_10_task0/act_n80.pt,20,1
libero_10_task0,libero_10,0,80,0,69a9df165ddd8f10,69a9df165ddd8f10,0,fail,520,,checkpoints/rgb_only_rerun/batch/libero_10_task0/act_n80.pt,20,1
libero_10_task0,libero_10,0,80,0,8585906d5ea3bbe4,8585906d5ea3bbe4,1,success,257,,checkpoints/rgb_only_rerun/batch/libero_10_task0/act_n80.pt,20,1
libero_10_task0,libero_10,0,80,0,52804aecbc77cae4,52804aecbc77cae4,0,fail,520,,checkpoints/rgb_only_rerun/batch/libero_10_task0/act_n80.pt,20,1
libero_10_task0,libero_10,0,80,0,aa11e672718954a5,aa11e672718954a5,1,success,265,,checkpoints/rgb_only_rerun/batch/libero_10_task0/act_n80.pt,20,1
libero_10_task0,libero_10,0,80,0,cc5dabc5badf8ee1,cc5dabc5badf8ee1,1,success,327,,checkpoints/rgb_only_rerun/batch/libero_10_task0/act_n80.pt,20,1
libero_10_task0,libero_10,0,80,0,49385e61fd7c365d,49385e61fd7c365d,0,fail,520,,checkpoints/rgb_only_rerun/batch/libero_10_task0/act_n80.pt,20,1
libero_10_task0,libero_10,0,80,0,0b96275a1d28535f,0b96275a1d28535f,1,success,259,,checkpoints/rgb_only_rerun/batch/libero_10_task0/act_n80.pt,20,1
libero_10_task0,libero_10,0,80,0,21ce3d60d34b1abc,21ce3d60d34b1abc,1,success,263,,checkpoints/rgb_only_rerun/batch/libero_10_task0/act_n80.pt,20,1
libero_10_task0,libero_10,0,80,0,89e89799f26f9a45,89e89799f26f9a45,1,success,347,,checkpoints/rgb_only_rerun/batch/libero_10_task0/act_n80.pt,20,1
libero_10_task2,libero_10,2,10,0,fa77b4799c58d088,fa77b4799c58d088,1,success,240,,checkpoints/rgb_only_rerun/batch/libero_10_task2/act_n10.pt,20,1
libero_10_task2,libero_10,2,10,0,2ee83ab14d71b3ba,2ee83ab14d71b3ba,1,success,253,,checkpoints/rgb_only_rerun/batch/libero_10_task2/act_n10.pt,20,1
libero_10_task2,libero_10,2,10,0,07f7d0a3b2f56a37,07f7d0a3b2f56a37,1,success,244,,checkpoints/rgb_only_rerun/batch/libero_10_task2/act_n10.pt,20,1
libero_10_task2,libero_10,2,10,0,c5ea22372c49ee1d,c5ea22372c49ee1d,1,success,255,,checkpoints/rgb_only_rerun/batch/libero_10_task2/act_n10.pt,20,1
libero_10_task2,libero_10,2,10,0,edcc46e80d601ea9,edcc46e80d601ea9,1,success,253,,checkpoints/rgb_only_rerun/batch/libero_10_task2/act_n10.pt,20,1
libero_10_task2,libero_10,2,10,0,28aa6de195987aa4,28aa6de195987aa4,1,success,221,,checkpoints/rgb_only_rerun/batch/libero_10_task2/act_n10.pt,20,1
libero_10_task2,libero_10,2,10,0,54afd07c1579a498,54afd07c1579a498,1,success,240,,checkpoints/rgb_only_rerun/batch/libero_10_task2/act_n10.pt,20,1
libero_10_task2,libero_10,2,10,0,6ed6d6cb0bd60003,6ed6d6cb0bd60003,1,success,251,,checkpoints/rgb_only_rerun/batch/libero_10_task2/act_n10.pt,20,1
libero_10_task2,libero_10,2,10,0,09a465f9a6148efd,09a465f9a6148efd,1,success,239,,checkpoints/rgb_only_rerun/batch/libero_10_task2/act_n10.pt,20,1
libero_10_task2,libero_10,2,10,0,6edc6e9d7ce9041d,6edc6e9d7ce9041d,1,success,270,,checkpoints/rgb_only_rerun/batch/libero_10_task2/act_n10.pt,20,1
libero_10_task2,libero_10,2,10,0,392d98ff72cb36b1,392d98ff72cb36b1,1,success,229,,checkpoints/rgb_only_rerun/batch/libero_10_task2/act_n10.pt,20,1
libero_10_task2,libero_10,2,10,0,2c15157bec7de70c,2c15157bec7de70c,1,success,249,,checkpoints/rgb_only_rerun/batch/libero_10_task2/act_n10.pt,20,1
libero_10_task2,libero_10,2,10,0,0baefed0282fd7c4,0baefed0282fd7c4,1,success,271,,checkpoints/rgb_only_rerun/batch/libero_10_task2/act_n10.pt,20,1
libero_10_task2,libero_10,2,10,0,759c465154f0f433,759c465154f0f433,1,success,238,,checkpoints/rgb_only_rerun/batch/libero_10_task2/act_n10.pt,20,1
libero_10_task2,libero_10,2,10,0,12a25f5e0cfdc311,12a25f5e0cfdc311,0,fail,520,,checkpoints/rgb_only_rerun/batch/libero_10_task2/act_n10.pt,20,1
libero_10_task2,libero_10,2,10,0,514d2fc70f9f050a,514d2fc70f9f050a,1,success,240,,checkpoints/rgb_only_rerun/batch/libero_10_task2/act_n10.pt,20,1
libero_10_task2,libero_10,2,10,0,e4ddcf54264bcd32,e4ddcf54264bcd32,0,fail,520,,checkpoints/rgb_only_rerun/batch/libero_10_task2/act_n10.pt,20,1
libero_10_task2,libero_10,2,10,0,68c3482270a052b6,68c3482270a052b6,1,success,248,,checkpoints/rgb_only_rerun/batch/libero_10_task2/act_n10.pt,20,1
libero_10_task2,libero_10,2,10,0,a80a4f02c93ec23c,a80a4f02c93ec23c,1,success,230,,checkpoints/rgb_only_rerun/batch/libero_10_task2/act_n10.pt,20,1
libero_10_task2,libero_10,2,10,0,f9c2815435a1ae0f,f9c2815435a1ae0f,1,success,266,,checkpoints/rgb_only_rerun/batch/libero_10_task2/act_n10.pt,20,1
libero_10_task2,libero_10,2,20,0,fa77b4799c58d088,fa77b4799c58d088,1,success,255,,checkpoints/rgb_only_rerun/batch/libero_10_task2/act_n20.pt,20,1
libero_10_task2,libero_10,2,20,0,2ee83ab14d71b3ba,2ee83ab14d71b3ba,1,success,322,,checkpoints/rgb_only_rerun/batch/libero_10_task2/act_n20.pt,20,1
libero_10_task2,libero_10,2,20,0,07f7d0a3b2f56a37,07f7d0a3b2f56a37,1,success,261,,checkpoints/rgb_only_rerun/batch/libero_10_task2/act_n20.pt,20,1
libero_10_task2,libero_10,2,20,0,c5ea22372c49ee1d,c5ea22372c49ee1d,1,success,244,,checkpoints/rgb_only_rerun/batch/libero_10_task2/act_n20.pt,20,1
libero_10_task2,libero_10,2,20,0,edcc46e80d601ea9,edcc46e80d601ea9,1,success,249,,checkpoints/rgb_only_rerun/batch/libero_10_task2/act_n20.pt,20,1
libero_10_task2,libero_10,2,20,0,28aa6de195987aa4,28aa6de195987aa4,1,success,223,,checkpoints/rgb_only_rerun/batch/libero_10_task2/act_n20.pt,20,1
libero_10_task2,libero_10,2,20,0,54afd07c1579a498,54afd07c1579a498,1,success,251,,checkpoints/rgb_only_rerun/batch/libero_10_task2/act_n20.pt,20,1
libero_10_task2,libero_10,2,20,0,6ed6d6cb0bd60003,6ed6d6cb0bd60003,1,success,265,,checkpoints/rgb_only_rerun/batch/libero_10_task2/act_n20.pt,20,1
libero_10_task2,libero_10,2,20,0,09a465f9a6148efd,09a465f9a6148efd,1,success,237,,checkpoints/rgb_only_rerun/batch/libero_10_task2/act_n20.pt,20,1
libero_10_task2,libero_10,2,20,0,6edc6e9d7ce9041d,6edc6e9d7ce9041d,1,success,253,,checkpoints/rgb_only_rerun/batch/libero_10_task2/act_n20.pt,20,1
libero_10_task2,libero_10,2,20,0,392d98ff72cb36b1,392d98ff72cb36b1,1,success,245,,checkpoints/rgb_only_rerun/batch/libero_10_task2/act_n20.pt,20,1
libero_10_task2,libero_10,2,20,0,2c15157bec7de70c,2c15157bec7de70c,1,success,249,,checkpoints/rgb_only_rerun/batch/libero_10_task2/act_n20.pt,20,1
libero_10_task2,libero_10,2,20,0,0baefed0282fd7c4,0baefed0282fd7c4,1,success,248,,checkpoints/rgb_only_rerun/batch/libero_10_task2/act_n20.pt,20,1
libero_10_task2,libero_10,2,20,0,759c465154f0f433,759c465154f0f433,1,success,239,,checkpoints/rgb_only_rerun/batch/libero_10_task2/act_n20.pt,20,1
libero_10_task2,libero_10,2,20,0,12a25f5e0cfdc311,12a25f5e0cfdc311,1,success,238,,checkpoints/rgb_only_rerun/batch/libero_10_task2/act_n20.pt,20,1
libero_10_task2,libero_10,2,20,0,514d2fc70f9f050a,514d2fc70f9f050a,1,success,233,,checkpoints/rgb_only_rerun/batch/libero_10_task2/act_n20.pt,20,1
libero_10_task2,libero_10,2,20,0,e4ddcf54264bcd32,e4ddcf54264bcd32,1,success,253,,checkpoints/rgb_only_rerun/batch/libero_10_task2/act_n20.pt,20,1
libero_10_task2,libero_10,2,20,0,68c3482270a052b6,68c3482270a052b6,0,fail,520,,checkpoints/rgb_only_rerun/batch/libero_10_task2/act_n20.pt,20,1
libero_10_task2,libero_10,2,20,0,a80a4f02c93ec23c,a80a4f02c93ec23c,1,success,239,,checkpoints/rgb_only_rerun/batch/libero_10_task2/act_n20.pt,20,1
libero_10_task2,libero_10,2,20,0,f9c2815435a1ae0f,f9c2815435a1ae0f,1,success,264,,checkpoints/rgb_only_rerun/batch/libero_10_task2/act_n20.pt,20,1
libero_10_task2,libero_10,2,40,0,fa77b4799c58d088,fa77b4799c58d088,1,success,239,,checkpoints/rgb_only_rerun/batch/libero_10_task2/act_n40.pt,20,1
libero_10_task2,libero_10,2,40,0,2ee83ab14d71b3ba,2ee83ab14d71b3ba,1,success,262,,checkpoints/rgb_only_rerun/batch/libero_10_task2/act_n40.pt,20,1
libero_10_task2,libero_10,2,40,0,07f7d0a3b2f56a37,07f7d0a3b2f56a37,1,success,280,,checkpoints/rgb_only_rerun/batch/libero_10_task2/act_n40.pt,20,1
libero_10_task2,libero_10,2,40,0,c5ea22372c49ee1d,c5ea22372c49ee1d,1,success,234,,checkpoints/rgb_only_rerun/batch/libero_10_task2/act_n40.pt,20,1
libero_10_task2,libero_10,2,40,0,edcc46e80d601ea9,edcc46e80d601ea9,0,fail,520,,checkpoints/rgb_only_rerun/batch/libero_10_task2/act_n40.pt,20,1
libero_10_task2,libero_10,2,40,0,28aa6de195987aa4,28aa6de195987aa4,1,success,244,,checkpoints/rgb_only_rerun/batch/libero_10_task2/act_n40.pt,20,1
libero_10_task2,libero_10,2,40,0,54afd07c1579a498,54afd07c1579a498,1,success,260,,checkpoints/rgb_only_rerun/batch/libero_10_task2/act_n40.pt,20,1
libero_10_task2,libero_10,2,40,0,6ed6d6cb0bd60003,6ed6d6cb0bd60003,1,success,250,,checkpoints/rgb_only_rerun/batch/libero_10_task2/act_n40.pt,20,1
libero_10_task2,libero_10,2,40,0,09a465f9a6148efd,09a465f9a6148efd,1,success,249,,checkpoints/rgb_only_rerun/batch/libero_10_task2/act_n40.pt,20,1
libero_10_task2,libero_10,2,40,0,6edc6e9d7ce9041d,6edc6e9d7ce9041d,1,success,255,,checkpoints/rgb_only_rerun/batch/libero_10_task2/act_n40.pt,20,1
libero_10_task2,libero_10,2,40,0,392d98ff72cb36b1,392d98ff72cb36b1,1,success,241,,checkpoints/rgb_only_rerun/batch/libero_10_task2/act_n40.pt,20,1
libero_10_task2,libero_10,2,40,0,2c15157bec7de70c,2c15157bec7de70c,1,success,244,,checkpoints/rgb_only_rerun/batch/libero_10_task2/act_n40.pt,20,1
libero_10_task2,libero_10,2,40,0,0baefed0282fd7c4,0baefed0282fd7c4,1,success,293,,checkpoints/rgb_only_rerun/batch/libero_10_task2/act_n40.pt,20,1
libero_10_task2,libero_10,2,40,0,759c465154f0f433,759c465154f0f433,1,success,237,,checkpoints/rgb_only_rerun/batch/libero_10_task2/act_n40.pt,20,1
libero_10_task2,libero_10,2,40,0,12a25f5e0cfdc311,12a25f5e0cfdc311,0,fail,520,,checkpoints/rgb_only_rerun/batch/libero_10_task2/act_n40.pt,20,1
libero_10_task2,libero_10,2,40,0,514d2fc70f9f050a,514d2fc70f9f050a,1,success,219,,checkpoints/rgb_only_rerun/batch/libero_10_task2/act_n40.pt,20,1
libero_10_task2,libero_10,2,40,0,e4ddcf54264bcd32,e4ddcf54264bcd32,1,success,242,,checkpoints/rgb_only_rerun/batch/libero_10_task2/act_n40.pt,20,1
libero_10_task2,libero_10,2,40,0,68c3482270a052b6,68c3482270a052b6,1,success,260,,checkpoints/rgb_only_rerun/batch/libero_10_task2/act_n40.pt,20,1
libero_10_task2,libero_10,2,40,0,a80a4f02c93ec23c,a80a4f02c93ec23c,1,success,234,,checkpoints/rgb_only_rerun/batch/libero_10_task2/act_n40.pt,20,1
libero_10_task2,libero_10,2,40,0,f9c2815435a1ae0f,f9c2815435a1ae0f,1,success,239,,checkpoints/rgb_only_rerun/batch/libero_10_task2/act_n40.pt,20,1
libero_10_task2,libero_10,2,80,0,fa77b4799c58d088,fa77b4799c58d088,1,success,253,,checkpoints/rgb_only_rerun/batch/libero_10_task2/act_n80.pt,20,1
libero_10_task2,libero_10,2,80,0,2ee83ab14d71b3ba,2ee83ab14d71b3ba,1,success,243,,checkpoints/rgb_only_rerun/batch/libero_10_task2/act_n80.pt,20,1
libero_10_task2,libero_10,2,80,0,07f7d0a3b2f56a37,07f7d0a3b2f56a37,1,success,255,,checkpoints/rgb_only_rerun/batch/libero_10_task2/act_n80.pt,20,1
libero_10_task2,libero_10,2,80,0,c5ea22372c49ee1d,c5ea22372c49ee1d,1,success,237,,checkpoints/rgb_only_rerun/batch/libero_10_task2/act_n80.pt,20,1
libero_10_task2,libero_10,2,80,0,edcc46e80d601ea9,edcc46e80d601ea9,1,success,231,,checkpoints/rgb_only_rerun/batch/libero_10_task2/act_n80.pt,20,1
libero_10_task2,libero_10,2,80,0,28aa6de195987aa4,28aa6de195987aa4,1,success,232,,checkpoints/rgb_only_rerun/batch/libero_10_task2/act_n80.pt,20,1
libero_10_task2,libero_10,2,80,0,54afd07c1579a498,54afd07c1579a498,1,success,244,,checkpoints/rgb_only_rerun/batch/libero_10_task2/act_n80.pt,20,1
libero_10_task2,libero_10,2,80,0,6ed6d6cb0bd60003,6ed6d6cb0bd60003,1,success,254,,checkpoints/rgb_only_rerun/batch/libero_10_task2/act_n80.pt,20,1
libero_10_task2,libero_10,2,80,0,09a465f9a6148efd,09a465f9a6148efd,1,success,247,,checkpoints/rgb_only_rerun/batch/libero_10_task2/act_n80.pt,20,1
libero_10_task2,libero_10,2,80,0,6edc6e9d7ce9041d,6edc6e9d7ce9041d,1,success,240,,checkpoints/rgb_only_rerun/batch/libero_10_task2/act_n80.pt,20,1
libero_10_task2,libero_10,2,80,0,392d98ff72cb36b1,392d98ff72cb36b1,1,success,243,,checkpoints/rgb_only_rerun/batch/libero_10_task2/act_n80.pt,20,1
libero_10_task2,libero_10,2,80,0,2c15157bec7de70c,2c15157bec7de70c,1,success,233,,checkpoints/rgb_only_rerun/batch/libero_10_task2/act_n80.pt,20,1
libero_10_task2,libero_10,2,80,0,0baefed0282fd7c4,0baefed0282fd7c4,1,success,247,,checkpoints/rgb_only_rerun/batch/libero_10_task2/act_n80.pt,20,1
libero_10_task2,libero_10,2,80,0,759c465154f0f433,759c465154f0f433,1,success,223,,checkpoints/rgb_only_rerun/batch/libero_10_task2/act_n80.pt,20,1
libero_10_task2,libero_10,2,80,0,12a25f5e0cfdc311,12a25f5e0cfdc311,1,success,248,,checkpoints/rgb_only_rerun/batch/libero_10_task2/act_n80.pt,20,1
libero_10_task2,libero_10,2,80,0,514d2fc70f9f050a,514d2fc70f9f050a,1,success,217,,checkpoints/rgb_only_rerun/batch/libero_10_task2/act_n80.pt,20,1
libero_10_task2,libero_10,2,80,0,e4ddcf54264bcd32,e4ddcf54264bcd32,1,success,247,,checkpoints/rgb_only_rerun/batch/libero_10_task2/act_n80.pt,20,1
libero_10_task2,libero_10,2,80,0,68c3482270a052b6,68c3482270a052b6,1,success,246,,checkpoints/rgb_only_rerun/batch/libero_10_task2/act_n80.pt,20,1
libero_10_task2,libero_10,2,80,0,a80a4f02c93ec23c,a80a4f02c93ec23c,1,success,237,,checkpoints/rgb_only_rerun/batch/libero_10_task2/act_n80.pt,20,1
libero_10_task2,libero_10,2,80,0,f9c2815435a1ae0f,f9c2815435a1ae0f,1,success,237,,checkpoints/rgb_only_rerun/batch/libero_10_task2/act_n80.pt,20,1
libero_10_task5,libero_10,5,10,0,66f047a1ccaae401,66f047a1ccaae401,0,fail,520,,checkpoints/rgb_only_rerun/batch/libero_10_task5/act_n10.pt,20,1
libero_10_task5,libero_10,5,10,0,2fb9b05a52cbb2db,2fb9b05a52cbb2db,1,success,148,,checkpoints/rgb_only_rerun/batch/libero_10_task5/act_n10.pt,20,1
libero_10_task5,libero_10,5,10,0,63d23ad25e3e3c19,63d23ad25e3e3c19,1,success,163,,checkpoints/rgb_only_rerun/batch/libero_10_task5/act_n10.pt,20,1
libero_10_task5,libero_10,5,10,0,1c0a7b4d81ae25a5,1c0a7b4d81ae25a5,0,fail,520,,checkpoints/rgb_only_rerun/batch/libero_10_task5/act_n10.pt,20,1
libero_10_task5,libero_10,5,10,0,9758a1786045f856,9758a1786045f856,1,success,162,,checkpoints/rgb_only_rerun/batch/libero_10_task5/act_n10.pt,20,1
libero_10_task5,libero_10,5,10,0,b8118032fe615a1c,b8118032fe615a1c,1,success,165,,checkpoints/rgb_only_rerun/batch/libero_10_task5/act_n10.pt,20,1
libero_10_task5,libero_10,5,10,0,64a9d9fdc7566280,64a9d9fdc7566280,0,fail,520,,checkpoints/rgb_only_rerun/batch/libero_10_task5/act_n10.pt,20,1
libero_10_task5,libero_10,5,10,0,a589b3fee420a214,a589b3fee420a214,0,fail,520,,checkpoints/rgb_only_rerun/batch/libero_10_task5/act_n10.pt,20,1
libero_10_task5,libero_10,5,10,0,6a1c01132509a719,6a1c01132509a719,1,success,225,,checkpoints/rgb_only_rerun/batch/libero_10_task5/act_n10.pt,20,1
libero_10_task5,libero_10,5,10,0,de60e632873322c3,de60e632873322c3,1,success,193,,checkpoints/rgb_only_rerun/batch/libero_10_task5/act_n10.pt,20,1
libero_10_task5,libero_10,5,10,0,acb9af3b1aeb51a7,acb9af3b1aeb51a7,0,fail,520,,checkpoints/rgb_only_rerun/batch/libero_10_task5/act_n10.pt,20,1
libero_10_task5,libero_10,5,10,0,132109d543c869f4,132109d543c869f4,1,success,145,,checkpoints/rgb_only_rerun/batch/libero_10_task5/act_n10.pt,20,1
libero_10_task5,libero_10,5,10,0,7e0c2aae1d2aa3d1,7e0c2aae1d2aa3d1,1,success,170,,checkpoints/rgb_only_rerun/batch/libero_10_task5/act_n10.pt,20,1
libero_10_task5,libero_10,5,10,0,e91ab4e9e78ec0ae,e91ab4e9e78ec0ae,1,success,136,,checkpoints/rgb_only_rerun/batch/libero_10_task5/act_n10.pt,20,1
libero_10_task5,libero_10,5,10,0,0ec47f21799d3062,0ec47f21799d3062,1,success,167,,checkpoints/rgb_only_rerun/batch/libero_10_task5/act_n10.pt,20,1
libero_10_task5,libero_10,5,10,0,3f27b09e723fbc4e,3f27b09e723fbc4e,1,success,231,,checkpoints/rgb_only_rerun/batch/libero_10_task5/act_n10.pt,20,1
libero_10_task5,libero_10,5,10,0,5cdb2833b4f3c0f7,5cdb2833b4f3c0f7,0,fail,520,,checkpoints/rgb_only_rerun/batch/libero_10_task5/act_n10.pt,20,1
libero_10_task5,libero_10,5,10,0,2a7448ef5ff6a13c,2a7448ef5ff6a13c,0,fail,520,,checkpoints/rgb_only_rerun/batch/libero_10_task5/act_n10.pt,20,1
libero_10_task5,libero_10,5,10,0,3e3198a8c76a14df,3e3198a8c76a14df,0,fail,520,,checkpoints/rgb_only_rerun/batch/libero_10_task5/act_n10.pt,20,1
libero_10_task5,libero_10,5,10,0,be0df4ac441cbca8,be0df4ac441cbca8,1,success,160,,checkpoints/rgb_only_rerun/batch/libero_10_task5/act_n10.pt,20,1
libero_10_task5,libero_10,5,20,0,66f047a1ccaae401,66f047a1ccaae401,1,success,166,,checkpoints/rgb_only_rerun/batch/libero_10_task5/act_n20.pt,20,1
libero_10_task5,libero_10,5,20,0,2fb9b05a52cbb2db,2fb9b05a52cbb2db,1,success,215,,checkpoints/rgb_only_rerun/batch/libero_10_task5/act_n20.pt,20,1
libero_10_task5,libero_10,5,20,0,63d23ad25e3e3c19,63d23ad25e3e3c19,1,success,184,,checkpoints/rgb_only_rerun/batch/libero_10_task5/act_n20.pt,20,1
libero_10_task5,libero_10,5,20,0,1c0a7b4d81ae25a5,1c0a7b4d81ae25a5,1,success,161,,checkpoints/rgb_only_rerun/batch/libero_10_task5/act_n20.pt,20,1
libero_10_task5,libero_10,5,20,0,9758a1786045f856,9758a1786045f856,1,success,178,,checkpoints/rgb_only_rerun/batch/libero_10_task5/act_n20.pt,20,1
libero_10_task5,libero_10,5,20,0,b8118032fe615a1c,b8118032fe615a1c,0,fail,520,,checkpoints/rgb_only_rerun/batch/libero_10_task5/act_n20.pt,20,1
libero_10_task5,libero_10,5,20,0,64a9d9fdc7566280,64a9d9fdc7566280,0,fail,520,,checkpoints/rgb_only_rerun/batch/libero_10_task5/act_n20.pt,20,1
libero_10_task5,libero_10,5,20,0,a589b3fee420a214,a589b3fee420a214,0,fail,520,,checkpoints/rgb_only_rerun/batch/libero_10_task5/act_n20.pt,20,1
libero_10_task5,libero_10,5,20,0,6a1c01132509a719,6a1c01132509a719,0,fail,520,,checkpoints/rgb_only_rerun/batch/libero_10_task5/act_n20.pt,20,1
libero_10_task5,libero_10,5,20,0,de60e632873322c3,de60e632873322c3,1,success,223,,checkpoints/rgb_only_rerun/batch/libero_10_task5/act_n20.pt,20,1
libero_10_task5,libero_10,5,20,0,acb9af3b1aeb51a7,acb9af3b1aeb51a7,1,success,177,,checkpoints/rgb_only_rerun/batch/libero_10_task5/act_n20.pt,20,1
libero_10_task5,libero_10,5,20,0,132109d543c869f4,132109d543c869f4,1,success,168,,checkpoints/rgb_only_rerun/batch/libero_10_task5/act_n20.pt,20,1
libero_10_task5,libero_10,5,20,0,7e0c2aae1d2aa3d1,7e0c2aae1d2aa3d1,1,success,171,,checkpoints/rgb_only_rerun/batch/libero_10_task5/act_n20.pt,20,1
libero_10_task5,libero_10,5,20,0,e91ab4e9e78ec0ae,e91ab4e9e78ec0ae,1,success,153,,checkpoints/rgb_only_rerun/batch/libero_10_task5/act_n20.pt,20,1
libero_10_task5,libero_10,5,20,0,0ec47f21799d3062,0ec47f21799d3062,1,success,159,,checkpoints/rgb_only_rerun/batch/libero_10_task5/act_n20.pt,20,1
libero_10_task5,libero_10,5,20,0,3f27b09e723fbc4e,3f27b09e723fbc4e,0,fail,520,,checkpoints/rgb_only_rerun/batch/libero_10_task5/act_n20.pt,20,1
libero_10_task5,libero_10,5,20,0,5cdb2833b4f3c0f7,5cdb2833b4f3c0f7,1,success,370,,checkpoints/rgb_only_rerun/batch/libero_10_task5/act_n20.pt,20,1
libero_10_task5,libero_10,5,20,0,2a7448ef5ff6a13c,2a7448ef5ff6a13c,0,fail,520,,checkpoints/rgb_only_rerun/batch/libero_10_task5/act_n20.pt,20,1
libero_10_task5,libero_10,5,20,0,3e3198a8c76a14df,3e3198a8c76a14df,1,success,160,,checkpoints/rgb_only_rerun/batch/libero_10_task5/act_n20.pt,20,1
libero_10_task5,libero_10,5,20,0,be0df4ac441cbca8,be0df4ac441cbca8,1,success,352,,checkpoints/rgb_only_rerun/batch/libero_10_task5/act_n20.pt,20,1
libero_10_task5,libero_10,5,40,0,66f047a1ccaae401,66f047a1ccaae401,1,success,163,,checkpoints/rgb_only_rerun/batch/libero_10_task5/act_n40.pt,20,1
libero_10_task5,libero_10,5,40,0,2fb9b05a52cbb2db,2fb9b05a52cbb2db,1,success,160,,checkpoints/rgb_only_rerun/batch/libero_10_task5/act_n40.pt,20,1
libero_10_task5,libero_10,5,40,0,63d23ad25e3e3c19,63d23ad25e3e3c19,1,success,150,,checkpoints/rgb_only_rerun/batch/libero_10_task5/act_n40.pt,20,1
libero_10_task5,libero_10,5,40,0,1c0a7b4d81ae25a5,1c0a7b4d81ae25a5,1,success,163,,checkpoints/rgb_only_rerun/batch/libero_10_task5/act_n40.pt,20,1
libero_10_task5,libero_10,5,40,0,9758a1786045f856,9758a1786045f856,1,success,166,,checkpoints/rgb_only_rerun/batch/libero_10_task5/act_n40.pt,20,1
libero_10_task5,libero_10,5,40,0,b8118032fe615a1c,b8118032fe615a1c,0,fail,520,,checkpoints/rgb_only_rerun/batch/libero_10_task5/act_n40.pt,20,1
libero_10_task5,libero_10,5,40,0,64a9d9fdc7566280,64a9d9fdc7566280,1,success,170,,checkpoints/rgb_only_rerun/batch/libero_10_task5/act_n40.pt,20,1
libero_10_task5,libero_10,5,40,0,a589b3fee420a214,a589b3fee420a214,1,success,319,,checkpoints/rgb_only_rerun/batch/libero_10_task5/act_n40.pt,20,1
libero_10_task5,libero_10,5,40,0,6a1c01132509a719,6a1c01132509a719,1,success,181,,checkpoints/rgb_only_rerun/batch/libero_10_task5/act_n40.pt,20,1
libero_10_task5,libero_10,5,40,0,de60e632873322c3,de60e632873322c3,1,success,175,,checkpoints/rgb_only_rerun/batch/libero_10_task5/act_n40.pt,20,1
libero_10_task5,libero_10,5,40,0,acb9af3b1aeb51a7,acb9af3b1aeb51a7,1,success,162,,checkpoints/rgb_only_rerun/batch/libero_10_task5/act_n40.pt,20,1
libero_10_task5,libero_10,5,40,0,132109d543c869f4,132109d543c869f4,1,success,165,,checkpoints/rgb_only_rerun/batch/libero_10_task5/act_n40.pt,20,1
libero_10_task5,libero_10,5,40,0,7e0c2aae1d2aa3d1,7e0c2aae1d2aa3d1,1,success,171,,checkpoints/rgb_only_rerun/batch/libero_10_task5/act_n40.pt,20,1
libero_10_task5,libero_10,5,40,0,e91ab4e9e78ec0ae,e91ab4e9e78ec0ae,1,success,163,,checkpoints/rgb_only_rerun/batch/libero_10_task5/act_n40.pt,20,1
libero_10_task5,libero_10,5,40,0,0ec47f21799d3062,0ec47f21799d3062,1,success,177,,checkpoints/rgb_only_rerun/batch/libero_10_task5/act_n40.pt,20,1
libero_10_task5,libero_10,5,40,0,3f27b09e723fbc4e,3f27b09e723fbc4e,0,fail,520,,checkpoints/rgb_only_rerun/batch/libero_10_task5/act_n40.pt,20,1
libero_10_task5,libero_10,5,40,0,5cdb2833b4f3c0f7,5cdb2833b4f3c0f7,1,success,225,,checkpoints/rgb_only_rerun/batch/libero_10_task5/act_n40.pt,20,1
libero_10_task5,libero_10,5,40,0,2a7448ef5ff6a13c,2a7448ef5ff6a13c,0,fail,520,,checkpoints/rgb_only_rerun/batch/libero_10_task5/act_n40.pt,20,1
libero_10_task5,libero_10,5,40,0,3e3198a8c76a14df,3e3198a8c76a14df,1,success,157,,checkpoints/rgb_only_rerun/batch/libero_10_task5/act_n40.pt,20,1
libero_10_task5,libero_10,5,40,0,be0df4ac441cbca8,be0df4ac441cbca8,1,success,171,,checkpoints/rgb_only_rerun/batch/libero_10_task5/act_n40.pt,20,1
libero_10_task5,libero_10,5,80,0,66f047a1ccaae401,66f047a1ccaae401,1,success,157,,checkpoints/rgb_only_rerun/batch/libero_10_task5/act_n80.pt,20,1
libero_10_task5,libero_10,5,80,0,2fb9b05a52cbb2db,2fb9b05a52cbb2db,1,success,161,,checkpoints/rgb_only_rerun/batch/libero_10_task5/act_n80.pt,20,1
libero_10_task5,libero_10,5,80,0,63d23ad25e3e3c19,63d23ad25e3e3c19,1,success,147,,checkpoints/rgb_only_rerun/batch/libero_10_task5/act_n80.pt,20,1
libero_10_task5,libero_10,5,80,0,1c0a7b4d81ae25a5,1c0a7b4d81ae25a5,1,success,170,,checkpoints/rgb_only_rerun/batch/libero_10_task5/act_n80.pt,20,1
libero_10_task5,libero_10,5,80,0,9758a1786045f856,9758a1786045f856,1,success,158,,checkpoints/rgb_only_rerun/batch/libero_10_task5/act_n80.pt,20,1
libero_10_task5,libero_10,5,80,0,b8118032fe615a1c,b8118032fe615a1c,0,fail,520,,checkpoints/rgb_only_rerun/batch/libero_10_task5/act_n80.pt,20,1
libero_10_task5,libero_10,5,80,0,64a9d9fdc7566280,64a9d9fdc7566280,1,success,232,,checkpoints/rgb_only_rerun/batch/libero_10_task5/act_n80.pt,20,1
libero_10_task5,libero_10,5,80,0,a589b3fee420a214,a589b3fee420a214,1,success,223,,checkpoints/rgb_only_rerun/batch/libero_10_task5/act_n80.pt,20,1
libero_10_task5,libero_10,5,80,0,6a1c01132509a719,6a1c01132509a719,1,success,179,,checkpoints/rgb_only_rerun/batch/libero_10_task5/act_n80.pt,20,1
libero_10_task5,libero_10,5,80,0,de60e632873322c3,de60e632873322c3,1,success,191,,checkpoints/rgb_only_rerun/batch/libero_10_task5/act_n80.pt,20,1
libero_10_task5,libero_10,5,80,0,acb9af3b1aeb51a7,acb9af3b1aeb51a7,1,success,157,,checkpoints/rgb_only_rerun/batch/libero_10_task5/act_n80.pt,20,1
libero_10_task5,libero_10,5,80,0,132109d543c869f4,132109d543c869f4,1,success,166,,checkpoints/rgb_only_rerun/batch/libero_10_task5/act_n80.pt,20,1
libero_10_task5,libero_10,5,80,0,7e0c2aae1d2aa3d1,7e0c2aae1d2aa3d1,1,success,174,,checkpoints/rgb_only_rerun/batch/libero_10_task5/act_n80.pt,20,1
libero_10_task5,libero_10,5,80,0,e91ab4e9e78ec0ae,e91ab4e9e78ec0ae,1,success,167,,checkpoints/rgb_only_rerun/batch/libero_10_task5/act_n80.pt,20,1
libero_10_task5,libero_10,5,80,0,0ec47f21799d3062,0ec47f21799d3062,1,success,161,,checkpoints/rgb_only_rerun/batch/libero_10_task5/act_n80.pt,20,1
libero_10_task5,libero_10,5,80,0,3f27b09e723fbc4e,3f27b09e723fbc4e,1,success,157,,checkpoints/rgb_only_rerun/batch/libero_10_task5/act_n80.pt,20,1
libero_10_task5,libero_10,5,80,0,5cdb2833b4f3c0f7,5cdb2833b4f3c0f7,1,success,190,,checkpoints/rgb_only_rerun/batch/libero_10_task5/act_n80.pt,20,1
libero_10_task5,libero_10,5,80,0,2a7448ef5ff6a13c,2a7448ef5ff6a13c,1,success,147,,checkpoints/rgb_only_rerun/batch/libero_10_task5/act_n80.pt,20,1
libero_10_task5,libero_10,5,80,0,3e3198a8c76a14df,3e3198a8c76a14df,1,success,176,,checkpoints/rgb_only_rerun/batch/libero_10_task5/act_n80.pt,20,1
libero_10_task5,libero_10,5,80,0,be0df4ac441cbca8,be0df4ac441cbca8,1,success,181,,checkpoints/rgb_only_rerun/batch/libero_10_task5/act_n80.pt,20,1
chained_libero_object_task0,libero_object,0,10,0,61524e989d8eb275,61524e989d8eb275,1,success,260,2,checkpoints/rgb_only_rerun/batch/chained_libero_object_task0/act_n10.pt,50,1
chained_libero_object_task0,libero_object,0,10,0,98cfbacdad2f6746,98cfbacdad2f6746,1,success,274,2,checkpoints/rgb_only_rerun/batch/chained_libero_object_task0/act_n10.pt,50,1
chained_libero_object_task0,libero_object,0,10,0,0a55f53026cd6b22,0a55f53026cd6b22,1,success,262,2,checkpoints/rgb_only_rerun/batch/chained_libero_object_task0/act_n10.pt,50,1
chained_libero_object_task0,libero_object,0,10,0,f69e35591bf80a31,f69e35591bf80a31,0,fail,560,2,checkpoints/rgb_only_rerun/batch/chained_libero_object_task0/act_n10.pt,50,1
chained_libero_object_task0,libero_object,0,10,0,7ebef0892c349019,7ebef0892c349019,1,success,260,2,checkpoints/rgb_only_rerun/batch/chained_libero_object_task0/act_n10.pt,50,1
chained_libero_object_task0,libero_object,0,10,0,8a66200e6842e6f9,8a66200e6842e6f9,1,success,237,2,checkpoints/rgb_only_rerun/batch/chained_libero_object_task0/act_n10.pt,50,1
chained_libero_object_task0,libero_object,0,10,0,abcc6fa1abfbcc53,abcc6fa1abfbcc53,0,fail,560,1,checkpoints/rgb_only_rerun/batch/chained_libero_object_task0/act_n10.pt,50,1
chained_libero_object_task0,libero_object,0,10,0,de3f30f56a895886,de3f30f56a895886,0,fail,560,1,checkpoints/rgb_only_rerun/batch/chained_libero_object_task0/act_n10.pt,50,1
chained_libero_object_task0,libero_object,0,10,0,178770f4c3082160,178770f4c3082160,1,success,279,2,checkpoints/rgb_only_rerun/batch/chained_libero_object_task0/act_n10.pt,50,1
chained_libero_object_task0,libero_object,0,10,0,2c3c080da8ea24af,2c3c080da8ea24af,1,success,233,2,checkpoints/rgb_only_rerun/batch/chained_libero_object_task0/act_n10.pt,50,1
chained_libero_object_task0,libero_object,0,10,0,cc24e5f98c6aba46,cc24e5f98c6aba46,1,success,249,2,checkpoints/rgb_only_rerun/batch/chained_libero_object_task0/act_n10.pt,50,1
chained_libero_object_task0,libero_object,0,10,0,093c6ec7eef590c9,093c6ec7eef590c9,1,success,271,2,checkpoints/rgb_only_rerun/batch/chained_libero_object_task0/act_n10.pt,50,1
chained_libero_object_task0,libero_object,0,10,0,d73c7b6af1963119,d73c7b6af1963119,0,fail,560,1,checkpoints/rgb_only_rerun/batch/chained_libero_object_task0/act_n10.pt,50,1
chained_libero_object_task0,libero_object,0,10,0,84d278a5e3f87258,84d278a5e3f87258,1,success,252,2,checkpoints/rgb_only_rerun/batch/chained_libero_object_task0/act_n10.pt,50,1
chained_libero_object_task0,libero_object,0,10,0,af6f326b5223b89c,af6f326b5223b89c,1,success,258,2,checkpoints/rgb_only_rerun/batch/chained_libero_object_task0/act_n10.pt,50,1
chained_libero_object_task0,libero_object,0,10,0,5568f494c33ae578,5568f494c33ae578,1,success,266,2,checkpoints/rgb_only_rerun/batch/chained_libero_object_task0/act_n10.pt,50,1
chained_libero_object_task0,libero_object,0,10,0,dbe13f8119b7b526,dbe13f8119b7b526,1,success,232,2,checkpoints/rgb_only_rerun/batch/chained_libero_object_task0/act_n10.pt,50,1
chained_libero_object_task0,libero_object,0,10,0,636ceec3cc871618,636ceec3cc871618,1,success,259,2,checkpoints/rgb_only_rerun/batch/chained_libero_object_task0/act_n10.pt,50,1
chained_libero_object_task0,libero_object,0,10,0,4ab8ae9fce675630,4ab8ae9fce675630,1,success,257,2,checkpoints/rgb_only_rerun/batch/chained_libero_object_task0/act_n10.pt,50,1
chained_libero_object_task0,libero_object,0,10,0,b4b57e2c18be6d48,b4b57e2c18be6d48,1,success,273,2,checkpoints/rgb_only_rerun/batch/chained_libero_object_task0/act_n10.pt,50,1
chained_libero_object_task0,libero_object,0,10,0,3ae9de1b43d34c66,3ae9de1b43d34c66,1,success,256,2,checkpoints/rgb_only_rerun/batch/chained_libero_object_task0/act_n10.pt,50,1
chained_libero_object_task0,libero_object,0,10,0,43871f7a4650b1c6,43871f7a4650b1c6,1,success,262,2,checkpoints/rgb_only_rerun/batch/chained_libero_object_task0/act_n10.pt,50,1
chained_libero_object_task0,libero_object,0,10,0,397e4e8968c68b7a,397e4e8968c68b7a,1,success,271,2,checkpoints/rgb_only_rerun/batch/chained_libero_object_task0/act_n10.pt,50,1
chained_libero_object_task0,libero_object,0,10,0,64e6e676c4bff8ff,64e6e676c4bff8ff,1,success,245,2,checkpoints/rgb_only_rerun/batch/chained_libero_object_task0/act_n10.pt,50,1
chained_libero_object_task0,libero_object,0,10,0,83ee080cc00dae99,83ee080cc00dae99,1,success,264,2,checkpoints/rgb_only_rerun/batch/chained_libero_object_task0/act_n10.pt,50,1
chained_libero_object_task0,libero_object,0,10,0,c1c97b332e0f5202,c1c97b332e0f5202,1,success,263,2,checkpoints/rgb_only_rerun/batch/chained_libero_object_task0/act_n10.pt,50,1
chained_libero_object_task0,libero_object,0,10,0,68172cbbf6328914,68172cbbf6328914,1,success,264,2,checkpoints/rgb_only_rerun/batch/chained_libero_object_task0/act_n10.pt,50,1
chained_libero_object_task0,libero_object,0,10,0,f2cc87b1450f67fb,f2cc87b1450f67fb,1,success,256,2,checkpoints/rgb_only_rerun/batch/chained_libero_object_task0/act_n10.pt,50,1
chained_libero_object_task0,libero_object,0,10,0,1ddbcbdb6ce41e18,1ddbcbdb6ce41e18,1,success,269,2,checkpoints/rgb_only_rerun/batch/chained_libero_object_task0/act_n10.pt,50,1
chained_libero_object_task0,libero_object,0,10,0,cdceee742f71aa4c,cdceee742f71aa4c,0,fail,560,1,checkpoints/rgb_only_rerun/batch/chained_libero_object_task0/act_n10.pt,50,1
chained_libero_object_task0,libero_object,0,10,0,ddc1d7529ed91586,ddc1d7529ed91586,1,success,251,2,checkpoints/rgb_only_rerun/batch/chained_libero_object_task0/act_n10.pt,50,1
chained_libero_object_task0,libero_object,0,10,0,b3fdf540b94f9423,b3fdf540b94f9423,1,success,266,2,checkpoints/rgb_only_rerun/batch/chained_libero_object_task0/act_n10.pt,50,1
chained_libero_object_task0,libero_object,0,10,0,197e6476a65d18ed,197e6476a65d18ed,1,success,245,2,checkpoints/rgb_only_rerun/batch/chained_libero_object_task0/act_n10.pt,50,1
chained_libero_object_task0,libero_object,0,10,0,412b3a476e2b0c91,412b3a476e2b0c91,1,success,260,2,checkpoints/rgb_only_rerun/batch/chained_libero_object_task0/act_n10.pt,50,1
chained_libero_object_task0,libero_object,0,10,0,cf63de3fc80664fe,cf63de3fc80664fe,1,success,258,2,checkpoints/rgb_only_rerun/batch/chained_libero_object_task0/act_n10.pt,50,1
chained_libero_object_task0,libero_object,0,10,0,f882f8ca3c771184,f882f8ca3c771184,1,success,265,2,checkpoints/rgb_only_rerun/batch/chained_libero_object_task0/act_n10.pt,50,1
chained_libero_object_task0,libero_object,0,10,0,be5b989bbb96062f,be5b989bbb96062f,0,fail,560,1,checkpoints/rgb_only_rerun/batch/chained_libero_object_task0/act_n10.pt,50,1
chained_libero_object_task0,libero_object,0,10,0,ab46eb3dadc0e4a4,ab46eb3dadc0e4a4,1,success,266,2,checkpoints/rgb_only_rerun/batch/chained_libero_object_task0/act_n10.pt,50,1
chained_libero_object_task0,libero_object,0,10,0,ef4c84b9a36a94c9,ef4c84b9a36a94c9,1,success,250,2,checkpoints/rgb_only_rerun/batch/chained_libero_object_task0/act_n10.pt,50,1
chained_libero_object_task0,libero_object,0,10,0,32e381b406f2fac9,32e381b406f2fac9,0,fail,560,1,checkpoints/rgb_only_rerun/batch/chained_libero_object_task0/act_n10.pt,50,1
chained_libero_object_task0,libero_object,0,10,0,ca0ed51c77151f1d,ca0ed51c77151f1d,1,success,252,2,checkpoints/rgb_only_rerun/batch/chained_libero_object_task0/act_n10.pt,50,1
chained_libero_object_task0,libero_object,0,10,0,a0e8ad961fb88d11,a0e8ad961fb88d11,1,success,263,2,checkpoints/rgb_only_rerun/batch/chained_libero_object_task0/act_n10.pt,50,1
chained_libero_object_task0,libero_object,0,10,0,b1654945bb6888f0,b1654945bb6888f0,1,success,257,2,checkpoints/rgb_only_rerun/batch/chained_libero_object_task0/act_n10.pt,50,1
chained_libero_object_task0,libero_object,0,10,0,02f438ae999eac07,02f438ae999eac07,1,success,232,2,checkpoints/rgb_only_rerun/batch/chained_libero_object_task0/act_n10.pt,50,1
chained_libero_object_task0,libero_object,0,10,0,9c4e6fbe03f022d8,9c4e6fbe03f022d8,1,success,260,2,checkpoints/rgb_only_rerun/batch/chained_libero_object_task0/act_n10.pt,50,1
chained_libero_object_task0,libero_object,0,10,0,25bee7fc1ee73c54,25bee7fc1ee73c54,1,success,258,2,checkpoints/rgb_only_rerun/batch/chained_libero_object_task0/act_n10.pt,50,1
chained_libero_object_task0,libero_object,0,10,0,34741fc53aab8666,34741fc53aab8666,1,success,249,2,checkpoints/rgb_only_rerun/batch/chained_libero_object_task0/act_n10.pt,50,1
chained_libero_object_task0,libero_object,0,10,0,7ceb3e1a47d29307,7ceb3e1a47d29307,1,success,257,2,checkpoints/rgb_only_rerun/batch/chained_libero_object_task0/act_n10.pt,50,1
chained_libero_object_task0,libero_object,0,10,0,0be12a1c76a26f7f,0be12a1c76a26f7f,1,success,275,2,checkpoints/rgb_only_rerun/batch/chained_libero_object_task0/act_n10.pt,50,1
chained_libero_object_task0,libero_object,0,10,0,0c9a50c7fbcca882,0c9a50c7fbcca882,1,success,247,2,checkpoints/rgb_only_rerun/batch/chained_libero_object_task0/act_n10.pt,50,1
chained_libero_object_task0,libero_object,0,20,0,61524e989d8eb275,61524e989d8eb275,0,fail,560,2,checkpoints/rgb_only_rerun/batch/chained_libero_object_task0/act_n20.pt,50,1
chained_libero_object_task0,libero_object,0,20,0,98cfbacdad2f6746,98cfbacdad2f6746,1,success,528,2,checkpoints/rgb_only_rerun/batch/chained_libero_object_task0/act_n20.pt,50,1
chained_libero_object_task0,libero_object,0,20,0,0a55f53026cd6b22,0a55f53026cd6b22,1,success,357,2,checkpoints/rgb_only_rerun/batch/chained_libero_object_task0/act_n20.pt,50,1
chained_libero_object_task0,libero_object,0,20,0,f69e35591bf80a31,f69e35591bf80a31,0,fail,560,2,checkpoints/rgb_only_rerun/batch/chained_libero_object_task0/act_n20.pt,50,1
chained_libero_object_task0,libero_object,0,20,0,7ebef0892c349019,7ebef0892c349019,1,success,346,2,checkpoints/rgb_only_rerun/batch/chained_libero_object_task0/act_n20.pt,50,1
chained_libero_object_task0,libero_object,0,20,0,8a66200e6842e6f9,8a66200e6842e6f9,0,fail,560,2,checkpoints/rgb_only_rerun/batch/chained_libero_object_task0/act_n20.pt,50,1
chained_libero_object_task0,libero_object,0,20,0,abcc6fa1abfbcc53,abcc6fa1abfbcc53,0,fail,560,1,checkpoints/rgb_only_rerun/batch/chained_libero_object_task0/act_n20.pt,50,1
chained_libero_object_task0,libero_object,0,20,0,de3f30f56a895886,de3f30f56a895886,1,success,320,2,checkpoints/rgb_only_rerun/batch/chained_libero_object_task0/act_n20.pt,50,1
chained_libero_object_task0,libero_object,0,20,0,178770f4c3082160,178770f4c3082160,1,success,520,2,checkpoints/rgb_only_rerun/batch/chained_libero_object_task0/act_n20.pt,50,1
chained_libero_object_task0,libero_object,0,20,0,2c3c080da8ea24af,2c3c080da8ea24af,0,fail,560,1,checkpoints/rgb_only_rerun/batch/chained_libero_object_task0/act_n20.pt,50,1
chained_libero_object_task0,libero_object,0,20,0,cc24e5f98c6aba46,cc24e5f98c6aba46,0,fail,560,2,checkpoints/rgb_only_rerun/batch/chained_libero_object_task0/act_n20.pt,50,1
chained_libero_object_task0,libero_object,0,20,0,093c6ec7eef590c9,093c6ec7eef590c9,0,fail,560,2,checkpoints/rgb_only_rerun/batch/chained_libero_object_task0/act_n20.pt,50,1
chained_libero_object_task0,libero_object,0,20,0,d73c7b6af1963119,d73c7b6af1963119,0,fail,560,2,checkpoints/rgb_only_rerun/batch/chained_libero_object_task0/act_n20.pt,50,1
chained_libero_object_task0,libero_object,0,20,0,84d278a5e3f87258,84d278a5e3f87258,0,fail,560,1,checkpoints/rgb_only_rerun/batch/chained_libero_object_task0/act_n20.pt,50,1
chained_libero_object_task0,libero_object,0,20,0,af6f326b5223b89c,af6f326b5223b89c,0,fail,560,1,checkpoints/rgb_only_rerun/batch/chained_libero_object_task0/act_n20.pt,50,1
chained_libero_object_task0,libero_object,0,20,0,5568f494c33ae578,5568f494c33ae578,0,fail,560,1,checkpoints/rgb_only_rerun/batch/chained_libero_object_task0/act_n20.pt,50,1
chained_libero_object_task0,libero_object,0,20,0,dbe13f8119b7b526,dbe13f8119b7b526,0,fail,560,1,checkpoints/rgb_only_rerun/batch/chained_libero_object_task0/act_n20.pt,50,1
chained_libero_object_task0,libero_object,0,20,0,636ceec3cc871618,636ceec3cc871618,1,success,297,2,checkpoints/rgb_only_rerun/batch/chained_libero_object_task0/act_n20.pt,50,1
chained_libero_object_task0,libero_object,0,20,0,4ab8ae9fce675630,4ab8ae9fce675630,1,success,302,2,checkpoints/rgb_only_rerun/batch/chained_libero_object_task0/act_n20.pt,50,1
chained_libero_object_task0,libero_object,0,20,0,b4b57e2c18be6d48,b4b57e2c18be6d48,0,fail,560,1,checkpoints/rgb_only_rerun/batch/chained_libero_object_task0/act_n20.pt,50,1
chained_libero_object_task0,libero_object,0,20,0,3ae9de1b43d34c66,3ae9de1b43d34c66,1,success,508,2,checkpoints/rgb_only_rerun/batch/chained_libero_object_task0/act_n20.pt,50,1
chained_libero_object_task0,libero_object,0,20,0,43871f7a4650b1c6,43871f7a4650b1c6,0,fail,560,2,checkpoints/rgb_only_rerun/batch/chained_libero_object_task0/act_n20.pt,50,1
chained_libero_object_task0,libero_object,0,20,0,397e4e8968c68b7a,397e4e8968c68b7a,0,fail,560,1,checkpoints/rgb_only_rerun/batch/chained_libero_object_task0/act_n20.pt,50,1
chained_libero_object_task0,libero_object,0,20,0,64e6e676c4bff8ff,64e6e676c4bff8ff,1,success,508,2,checkpoints/rgb_only_rerun/batch/chained_libero_object_task0/act_n20.pt,50,1
chained_libero_object_task0,libero_object,0,20,0,83ee080cc00dae99,83ee080cc00dae99,0,fail,560,1,checkpoints/rgb_only_rerun/batch/chained_libero_object_task0/act_n20.pt,50,1
chained_libero_object_task0,libero_object,0,20,0,c1c97b332e0f5202,c1c97b332e0f5202,0,fail,560,1,checkpoints/rgb_only_rerun/batch/chained_libero_object_task0/act_n20.pt,50,1
chained_libero_object_task0,libero_object,0,20,0,68172cbbf6328914,68172cbbf6328914,0,fail,560,2,checkpoints/rgb_only_rerun/batch/chained_libero_object_task0/act_n20.pt,50,1
chained_libero_object_task0,libero_object,0,20,0,f2cc87b1450f67fb,f2cc87b1450f67fb,1,success,443,2,checkpoints/rgb_only_rerun/batch/chained_libero_object_task0/act_n20.pt,50,1
chained_libero_object_task0,libero_object,0,20,0,1ddbcbdb6ce41e18,1ddbcbdb6ce41e18,1,success,282,2,checkpoints/rgb_only_rerun/batch/chained_libero_object_task0/act_n20.pt,50,1
chained_libero_object_task0,libero_object,0,20,0,cdceee742f71aa4c,cdceee742f71aa4c,0,fail,560,1,checkpoints/rgb_only_rerun/batch/chained_libero_object_task0/act_n20.pt,50,1
chained_libero_object_task0,libero_object,0,20,0,ddc1d7529ed91586,ddc1d7529ed91586,0,fail,560,2,checkpoints/rgb_only_rerun/batch/chained_libero_object_task0/act_n20.pt,50,1
chained_libero_object_task0,libero_object,0,20,0,b3fdf540b94f9423,b3fdf540b94f9423,1,success,324,2,checkpoints/rgb_only_rerun/batch/chained_libero_object_task0/act_n20.pt,50,1
chained_libero_object_task0,libero_object,0,20,0,197e6476a65d18ed,197e6476a65d18ed,0,fail,560,1,checkpoints/rgb_only_rerun/batch/chained_libero_object_task0/act_n20.pt,50,1
chained_libero_object_task0,libero_object,0,20,0,412b3a476e2b0c91,412b3a476e2b0c91,0,fail,560,1,checkpoints/rgb_only_rerun/batch/chained_libero_object_task0/act_n20.pt,50,1
chained_libero_object_task0,libero_object,0,20,0,cf63de3fc80664fe,cf63de3fc80664fe,1,success,556,2,checkpoints/rgb_only_rerun/batch/chained_libero_object_task0/act_n20.pt,50,1
chained_libero_object_task0,libero_object,0,20,0,f882f8ca3c771184,f882f8ca3c771184,0,fail,560,2,checkpoints/rgb_only_rerun/batch/chained_libero_object_task0/act_n20.pt,50,1
chained_libero_object_task0,libero_object,0,20,0,be5b989bbb96062f,be5b989bbb96062f,0,fail,560,1,checkpoints/rgb_only_rerun/batch/chained_libero_object_task0/act_n20.pt,50,1
chained_libero_object_task0,libero_object,0,20,0,ab46eb3dadc0e4a4,ab46eb3dadc0e4a4,0,fail,560,1,checkpoints/rgb_only_rerun/batch/chained_libero_object_task0/act_n20.pt,50,1
chained_libero_object_task0,libero_object,0,20,0,ef4c84b9a36a94c9,ef4c84b9a36a94c9,1,success,257,2,checkpoints/rgb_only_rerun/batch/chained_libero_object_task0/act_n20.pt,50,1
chained_libero_object_task0,libero_object,0,20,0,32e381b406f2fac9,32e381b406f2fac9,0,fail,560,2,checkpoints/rgb_only_rerun/batch/chained_libero_object_task0/act_n20.pt,50,1
chained_libero_object_task0,libero_object,0,20,0,ca0ed51c77151f1d,ca0ed51c77151f1d,1,success,244,2,checkpoints/rgb_only_rerun/batch/chained_libero_object_task0/act_n20.pt,50,1
chained_libero_object_task0,libero_object,0,20,0,a0e8ad961fb88d11,a0e8ad961fb88d11,1,success,402,2,checkpoints/rgb_only_rerun/batch/chained_libero_object_task0/act_n20.pt,50,1
chained_libero_object_task0,libero_object,0,20,0,b1654945bb6888f0,b1654945bb6888f0,0,fail,560,1,checkpoints/rgb_only_rerun/batch/chained_libero_object_task0/act_n20.pt,50,1
chained_libero_object_task0,libero_object,0,20,0,02f438ae999eac07,02f438ae999eac07,1,success,268,2,checkpoints/rgb_only_rerun/batch/chained_libero_object_task0/act_n20.pt,50,1
chained_libero_object_task0,libero_object,0,20,0,9c4e6fbe03f022d8,9c4e6fbe03f022d8,1,success,355,2,checkpoints/rgb_only_rerun/batch/chained_libero_object_task0/act_n20.pt,50,1
chained_libero_object_task0,libero_object,0,20,0,25bee7fc1ee73c54,25bee7fc1ee73c54,0,fail,560,1,checkpoints/rgb_only_rerun/batch/chained_libero_object_task0/act_n20.pt,50,1
chained_libero_object_task0,libero_object,0,20,0,34741fc53aab8666,34741fc53aab8666,0,fail,560,1,checkpoints/rgb_only_rerun/batch/chained_libero_object_task0/act_n20.pt,50,1
chained_libero_object_task0,libero_object,0,20,0,7ceb3e1a47d29307,7ceb3e1a47d29307,1,success,265,2,checkpoints/rgb_only_rerun/batch/chained_libero_object_task0/act_n20.pt,50,1
chained_libero_object_task0,libero_object,0,20,0,0be12a1c76a26f7f,0be12a1c76a26f7f,1,success,322,2,checkpoints/rgb_only_rerun/batch/chained_libero_object_task0/act_n20.pt,50,1
chained_libero_object_task0,libero_object,0,20,0,0c9a50c7fbcca882,0c9a50c7fbcca882,1,success,393,2,checkpoints/rgb_only_rerun/batch/chained_libero_object_task0/act_n20.pt,50,1
chained_libero_object_task0,libero_object,0,40,0,61524e989d8eb275,61524e989d8eb275,1,success,493,2,checkpoints/rgb_only_rerun/batch/chained_libero_object_task0/act_n40.pt,50,1
chained_libero_object_task0,libero_object,0,40,0,98cfbacdad2f6746,98cfbacdad2f6746,1,success,265,2,checkpoints/rgb_only_rerun/batch/chained_libero_object_task0/act_n40.pt,50,1
chained_libero_object_task0,libero_object,0,40,0,0a55f53026cd6b22,0a55f53026cd6b22,1,success,344,2,checkpoints/rgb_only_rerun/batch/chained_libero_object_task0/act_n40.pt,50,1
chained_libero_object_task0,libero_object,0,40,0,f69e35591bf80a31,f69e35591bf80a31,1,success,310,2,checkpoints/rgb_only_rerun/batch/chained_libero_object_task0/act_n40.pt,50,1
chained_libero_object_task0,libero_object,0,40,0,7ebef0892c349019,7ebef0892c349019,1,success,257,2,checkpoints/rgb_only_rerun/batch/chained_libero_object_task0/act_n40.pt,50,1
chained_libero_object_task0,libero_object,0,40,0,8a66200e6842e6f9,8a66200e6842e6f9,1,success,266,2,checkpoints/rgb_only_rerun/batch/chained_libero_object_task0/act_n40.pt,50,1
chained_libero_object_task0,libero_object,0,40,0,abcc6fa1abfbcc53,abcc6fa1abfbcc53,1,success,287,2,checkpoints/rgb_only_rerun/batch/chained_libero_object_task0/act_n40.pt,50,1
chained_libero_object_task0,libero_object,0,40,0,de3f30f56a895886,de3f30f56a895886,1,success,314,2,checkpoints/rgb_only_rerun/batch/chained_libero_object_task0/act_n40.pt,50,1
chained_libero_object_task0,libero_object,0,40,0,178770f4c3082160,178770f4c3082160,1,success,273,2,checkpoints/rgb_only_rerun/batch/chained_libero_object_task0/act_n40.pt,50,1
chained_libero_object_task0,libero_object,0,40,0,2c3c080da8ea24af,2c3c080da8ea24af,1,success,262,2,checkpoints/rgb_only_rerun/batch/chained_libero_object_task0/act_n40.pt,50,1
chained_libero_object_task0,libero_object,0,40,0,cc24e5f98c6aba46,cc24e5f98c6aba46,1,success,251,2,checkpoints/rgb_only_rerun/batch/chained_libero_object_task0/act_n40.pt,50,1
chained_libero_object_task0,libero_object,0,40,0,093c6ec7eef590c9,093c6ec7eef590c9,1,success,306,2,checkpoints/rgb_only_rerun/batch/chained_libero_object_task0/act_n40.pt,50,1
chained_libero_object_task0,libero_object,0,40,0,d73c7b6af1963119,d73c7b6af1963119,1,success,240,2,checkpoints/rgb_only_rerun/batch/chained_libero_object_task0/act_n40.pt,50,1
chained_libero_object_task0,libero_object,0,40,0,84d278a5e3f87258,84d278a5e3f87258,1,success,271,2,checkpoints/rgb_only_rerun/batch/chained_libero_object_task0/act_n40.pt,50,1
chained_libero_object_task0,libero_object,0,40,0,af6f326b5223b89c,af6f326b5223b89c,1,success,268,2,checkpoints/rgb_only_rerun/batch/chained_libero_object_task0/act_n40.pt,50,1
chained_libero_object_task0,libero_object,0,40,0,5568f494c33ae578,5568f494c33ae578,1,success,256,2,checkpoints/rgb_only_rerun/batch/chained_libero_object_task0/act_n40.pt,50,1
chained_libero_object_task0,libero_object,0,40,0,dbe13f8119b7b526,dbe13f8119b7b526,1,success,250,2,checkpoints/rgb_only_rerun/batch/chained_libero_object_task0/act_n40.pt,50,1
chained_libero_object_task0,libero_object,0,40,0,636ceec3cc871618,636ceec3cc871618,1,success,247,2,checkpoints/rgb_only_rerun/batch/chained_libero_object_task0/act_n40.pt,50,1
chained_libero_object_task0,libero_object,0,40,0,4ab8ae9fce675630,4ab8ae9fce675630,1,success,266,2,checkpoints/rgb_only_rerun/batch/chained_libero_object_task0/act_n40.pt,50,1
chained_libero_object_task0,libero_object,0,40,0,b4b57e2c18be6d48,b4b57e2c18be6d48,1,success,363,2,checkpoints/rgb_only_rerun/batch/chained_libero_object_task0/act_n40.pt,50,1
chained_libero_object_task0,libero_object,0,40,0,3ae9de1b43d34c66,3ae9de1b43d34c66,1,success,241,2,checkpoints/rgb_only_rerun/batch/chained_libero_object_task0/act_n40.pt,50,1
chained_libero_object_task0,libero_object,0,40,0,43871f7a4650b1c6,43871f7a4650b1c6,1,success,269,2,checkpoints/rgb_only_rerun/batch/chained_libero_object_task0/act_n40.pt,50,1
chained_libero_object_task0,libero_object,0,40,0,397e4e8968c68b7a,397e4e8968c68b7a,1,success,270,2,checkpoints/rgb_only_rerun/batch/chained_libero_object_task0/act_n40.pt,50,1
chained_libero_object_task0,libero_object,0,40,0,64e6e676c4bff8ff,64e6e676c4bff8ff,1,success,244,2,checkpoints/rgb_only_rerun/batch/chained_libero_object_task0/act_n40.pt,50,1
chained_libero_object_task0,libero_object,0,40,0,83ee080cc00dae99,83ee080cc00dae99,1,success,274,2,checkpoints/rgb_only_rerun/batch/chained_libero_object_task0/act_n40.pt,50,1
chained_libero_object_task0,libero_object,0,40,0,c1c97b332e0f5202,c1c97b332e0f5202,1,success,290,2,checkpoints/rgb_only_rerun/batch/chained_libero_object_task0/act_n40.pt,50,1
chained_libero_object_task0,libero_object,0,40,0,68172cbbf6328914,68172cbbf6328914,1,success,239,2,checkpoints/rgb_only_rerun/batch/chained_libero_object_task0/act_n40.pt,50,1
chained_libero_object_task0,libero_object,0,40,0,f2cc87b1450f67fb,f2cc87b1450f67fb,1,success,263,2,checkpoints/rgb_only_rerun/batch/chained_libero_object_task0/act_n40.pt,50,1
chained_libero_object_task0,libero_object,0,40,0,1ddbcbdb6ce41e18,1ddbcbdb6ce41e18,1,success,267,2,checkpoints/rgb_only_rerun/batch/chained_libero_object_task0/act_n40.pt,50,1
chained_libero_object_task0,libero_object,0,40,0,cdceee742f71aa4c,cdceee742f71aa4c,1,success,310,2,checkpoints/rgb_only_rerun/batch/chained_libero_object_task0/act_n40.pt,50,1
chained_libero_object_task0,libero_object,0,40,0,ddc1d7529ed91586,ddc1d7529ed91586,1,success,282,2,checkpoints/rgb_only_rerun/batch/chained_libero_object_task0/act_n40.pt,50,1
chained_libero_object_task0,libero_object,0,40,0,b3fdf540b94f9423,b3fdf540b94f9423,1,success,269,2,checkpoints/rgb_only_rerun/batch/chained_libero_object_task0/act_n40.pt,50,1
chained_libero_object_task0,libero_object,0,40,0,197e6476a65d18ed,197e6476a65d18ed,1,success,246,2,checkpoints/rgb_only_rerun/batch/chained_libero_object_task0/act_n40.pt,50,1
chained_libero_object_task0,libero_object,0,40,0,412b3a476e2b0c91,412b3a476e2b0c91,1,success,271,2,checkpoints/rgb_only_rerun/batch/chained_libero_object_task0/act_n40.pt,50,1
chained_libero_object_task0,libero_object,0,40,0,cf63de3fc80664fe,cf63de3fc80664fe,1,success,266,2,checkpoints/rgb_only_rerun/batch/chained_libero_object_task0/act_n40.pt,50,1
chained_libero_object_task0,libero_object,0,40,0,f882f8ca3c771184,f882f8ca3c771184,1,success,268,2,checkpoints/rgb_only_rerun/batch/chained_libero_object_task0/act_n40.pt,50,1
chained_libero_object_task0,libero_object,0,40,0,be5b989bbb96062f,be5b989bbb96062f,1,success,246,2,checkpoints/rgb_only_rerun/batch/chained_libero_object_task0/act_n40.pt,50,1
chained_libero_object_task0,libero_object,0,40,0,ab46eb3dadc0e4a4,ab46eb3dadc0e4a4,0,fail,560,2,checkpoints/rgb_only_rerun/batch/chained_libero_object_task0/act_n40.pt,50,1
chained_libero_object_task0,libero_object,0,40,0,ef4c84b9a36a94c9,ef4c84b9a36a94c9,1,success,282,2,checkpoints/rgb_only_rerun/batch/chained_libero_object_task0/act_n40.pt,50,1
chained_libero_object_task0,libero_object,0,40,0,32e381b406f2fac9,32e381b406f2fac9,1,success,314,2,checkpoints/rgb_only_rerun/batch/chained_libero_object_task0/act_n40.pt,50,1
chained_libero_object_task0,libero_object,0,40,0,ca0ed51c77151f1d,ca0ed51c77151f1d,1,success,259,2,checkpoints/rgb_only_rerun/batch/chained_libero_object_task0/act_n40.pt,50,1
chained_libero_object_task0,libero_object,0,40,0,a0e8ad961fb88d11,a0e8ad961fb88d11,1,success,263,2,checkpoints/rgb_only_rerun/batch/chained_libero_object_task0/act_n40.pt,50,1
chained_libero_object_task0,libero_object,0,40,0,b1654945bb6888f0,b1654945bb6888f0,1,success,265,2,checkpoints/rgb_only_rerun/batch/chained_libero_object_task0/act_n40.pt,50,1
chained_libero_object_task0,libero_object,0,40,0,02f438ae999eac07,02f438ae999eac07,1,success,259,2,checkpoints/rgb_only_rerun/batch/chained_libero_object_task0/act_n40.pt,50,1
chained_libero_object_task0,libero_object,0,40,0,9c4e6fbe03f022d8,9c4e6fbe03f022d8,1,success,275,2,checkpoints/rgb_only_rerun/batch/chained_libero_object_task0/act_n40.pt,50,1
chained_libero_object_task0,libero_object,0,40,0,25bee7fc1ee73c54,25bee7fc1ee73c54,1,success,275,2,checkpoints/rgb_only_rerun/batch/chained_libero_object_task0/act_n40.pt,50,1
chained_libero_object_task0,libero_object,0,40,0,34741fc53aab8666,34741fc53aab8666,1,success,260,2,checkpoints/rgb_only_rerun/batch/chained_libero_object_task0/act_n40.pt,50,1
chained_libero_object_task0,libero_object,0,40,0,7ceb3e1a47d29307,7ceb3e1a47d29307,1,success,268,2,checkpoints/rgb_only_rerun/batch/chained_libero_object_task0/act_n40.pt,50,1
chained_libero_object_task0,libero_object,0,40,0,0be12a1c76a26f7f,0be12a1c76a26f7f,1,success,268,2,checkpoints/rgb_only_rerun/batch/chained_libero_object_task0/act_n40.pt,50,1
chained_libero_object_task0,libero_object,0,40,0,0c9a50c7fbcca882,0c9a50c7fbcca882,1,success,232,2,checkpoints/rgb_only_rerun/batch/chained_libero_object_task0/act_n40.pt,50,1
chained_libero_object_task0,libero_object,0,80,0,61524e989d8eb275,61524e989d8eb275,1,success,261,2,checkpoints/rgb_only_rerun/batch/chained_libero_object_task0/act_n80.pt,50,1
chained_libero_object_task0,libero_object,0,80,0,98cfbacdad2f6746,98cfbacdad2f6746,1,success,256,2,checkpoints/rgb_only_rerun/batch/chained_libero_object_task0/act_n80.pt,50,1
chained_libero_object_task0,libero_object,0,80,0,0a55f53026cd6b22,0a55f53026cd6b22,1,success,264,2,checkpoints/rgb_only_rerun/batch/chained_libero_object_task0/act_n80.pt,50,1
chained_libero_object_task0,libero_object,0,80,0,f69e35591bf80a31,f69e35591bf80a31,1,success,318,2,checkpoints/rgb_only_rerun/batch/chained_libero_object_task0/act_n80.pt,50,1
chained_libero_object_task0,libero_object,0,80,0,7ebef0892c349019,7ebef0892c349019,1,success,260,2,checkpoints/rgb_only_rerun/batch/chained_libero_object_task0/act_n80.pt,50,1
chained_libero_object_task0,libero_object,0,80,0,8a66200e6842e6f9,8a66200e6842e6f9,1,success,251,2,checkpoints/rgb_only_rerun/batch/chained_libero_object_task0/act_n80.pt,50,1
chained_libero_object_task0,libero_object,0,80,0,abcc6fa1abfbcc53,abcc6fa1abfbcc53,1,success,254,2,checkpoints/rgb_only_rerun/batch/chained_libero_object_task0/act_n80.pt,50,1
chained_libero_object_task0,libero_object,0,80,0,de3f30f56a895886,de3f30f56a895886,1,success,267,2,checkpoints/rgb_only_rerun/batch/chained_libero_object_task0/act_n80.pt,50,1
chained_libero_object_task0,libero_object,0,80,0,178770f4c3082160,178770f4c3082160,1,success,291,2,checkpoints/rgb_only_rerun/batch/chained_libero_object_task0/act_n80.pt,50,1
chained_libero_object_task0,libero_object,0,80,0,2c3c080da8ea24af,2c3c080da8ea24af,1,success,250,2,checkpoints/rgb_only_rerun/batch/chained_libero_object_task0/act_n80.pt,50,1
chained_libero_object_task0,libero_object,0,80,0,cc24e5f98c6aba46,cc24e5f98c6aba46,1,success,262,2,checkpoints/rgb_only_rerun/batch/chained_libero_object_task0/act_n80.pt,50,1
chained_libero_object_task0,libero_object,0,80,0,093c6ec7eef590c9,093c6ec7eef590c9,1,success,263,2,checkpoints/rgb_only_rerun/batch/chained_libero_object_task0/act_n80.pt,50,1
chained_libero_object_task0,libero_object,0,80,0,d73c7b6af1963119,d73c7b6af1963119,1,success,241,2,checkpoints/rgb_only_rerun/batch/chained_libero_object_task0/act_n80.pt,50,1
chained_libero_object_task0,libero_object,0,80,0,84d278a5e3f87258,84d278a5e3f87258,1,success,272,2,checkpoints/rgb_only_rerun/batch/chained_libero_object_task0/act_n80.pt,50,1
chained_libero_object_task0,libero_object,0,80,0,af6f326b5223b89c,af6f326b5223b89c,1,success,251,2,checkpoints/rgb_only_rerun/batch/chained_libero_object_task0/act_n80.pt,50,1
chained_libero_object_task0,libero_object,0,80,0,5568f494c33ae578,5568f494c33ae578,1,success,276,2,checkpoints/rgb_only_rerun/batch/chained_libero_object_task0/act_n80.pt,50,1
chained_libero_object_task0,libero_object,0,80,0,dbe13f8119b7b526,dbe13f8119b7b526,1,success,243,2,checkpoints/rgb_only_rerun/batch/chained_libero_object_task0/act_n80.pt,50,1
chained_libero_object_task0,libero_object,0,80,0,636ceec3cc871618,636ceec3cc871618,1,success,257,2,checkpoints/rgb_only_rerun/batch/chained_libero_object_task0/act_n80.pt,50,1
chained_libero_object_task0,libero_object,0,80,0,4ab8ae9fce675630,4ab8ae9fce675630,1,success,264,2,checkpoints/rgb_only_rerun/batch/chained_libero_object_task0/act_n80.pt,50,1
chained_libero_object_task0,libero_object,0,80,0,b4b57e2c18be6d48,b4b57e2c18be6d48,1,success,314,2,checkpoints/rgb_only_rerun/batch/chained_libero_object_task0/act_n80.pt,50,1
chained_libero_object_task0,libero_object,0,80,0,3ae9de1b43d34c66,3ae9de1b43d34c66,1,success,248,2,checkpoints/rgb_only_rerun/batch/chained_libero_object_task0/act_n80.pt,50,1
chained_libero_object_task0,libero_object,0,80,0,43871f7a4650b1c6,43871f7a4650b1c6,1,success,271,2,checkpoints/rgb_only_rerun/batch/chained_libero_object_task0/act_n80.pt,50,1
chained_libero_object_task0,libero_object,0,80,0,397e4e8968c68b7a,397e4e8968c68b7a,1,success,261,2,checkpoints/rgb_only_rerun/batch/chained_libero_object_task0/act_n80.pt,50,1
chained_libero_object_task0,libero_object,0,80,0,64e6e676c4bff8ff,64e6e676c4bff8ff,1,success,380,2,checkpoints/rgb_only_rerun/batch/chained_libero_object_task0/act_n80.pt,50,1
chained_libero_object_task0,libero_object,0,80,0,83ee080cc00dae99,83ee080cc00dae99,1,success,274,2,checkpoints/rgb_only_rerun/batch/chained_libero_object_task0/act_n80.pt,50,1
chained_libero_object_task0,libero_object,0,80,0,c1c97b332e0f5202,c1c97b332e0f5202,1,success,264,2,checkpoints/rgb_only_rerun/batch/chained_libero_object_task0/act_n80.pt,50,1
chained_libero_object_task0,libero_object,0,80,0,68172cbbf6328914,68172cbbf6328914,1,success,254,2,checkpoints/rgb_only_rerun/batch/chained_libero_object_task0/act_n80.pt,50,1
chained_libero_object_task0,libero_object,0,80,0,f2cc87b1450f67fb,f2cc87b1450f67fb,1,success,259,2,checkpoints/rgb_only_rerun/batch/chained_libero_object_task0/act_n80.pt,50,1
chained_libero_object_task0,libero_object,0,80,0,1ddbcbdb6ce41e18,1ddbcbdb6ce41e18,1,success,257,2,checkpoints/rgb_only_rerun/batch/chained_libero_object_task0/act_n80.pt,50,1
chained_libero_object_task0,libero_object,0,80,0,cdceee742f71aa4c,cdceee742f71aa4c,1,success,311,2,checkpoints/rgb_only_rerun/batch/chained_libero_object_task0/act_n80.pt,50,1
chained_libero_object_task0,libero_object,0,80,0,ddc1d7529ed91586,ddc1d7529ed91586,1,success,247,2,checkpoints/rgb_only_rerun/batch/chained_libero_object_task0/act_n80.pt,50,1
chained_libero_object_task0,libero_object,0,80,0,b3fdf540b94f9423,b3fdf540b94f9423,1,success,266,2,checkpoints/rgb_only_rerun/batch/chained_libero_object_task0/act_n80.pt,50,1
chained_libero_object_task0,libero_object,0,80,0,197e6476a65d18ed,197e6476a65d18ed,1,success,251,2,checkpoints/rgb_only_rerun/batch/chained_libero_object_task0/act_n80.pt,50,1
chained_libero_object_task0,libero_object,0,80,0,412b3a476e2b0c91,412b3a476e2b0c91,1,success,250,2,checkpoints/rgb_only_rerun/batch/chained_libero_object_task0/act_n80.pt,50,1
chained_libero_object_task0,libero_object,0,80,0,cf63de3fc80664fe,cf63de3fc80664fe,1,success,288,2,checkpoints/rgb_only_rerun/batch/chained_libero_object_task0/act_n80.pt,50,1
chained_libero_object_task0,libero_object,0,80,0,f882f8ca3c771184,f882f8ca3c771184,1,success,266,2,checkpoints/rgb_only_rerun/batch/chained_libero_object_task0/act_n80.pt,50,1
chained_libero_object_task0,libero_object,0,80,0,be5b989bbb96062f,be5b989bbb96062f,0,fail,560,2,checkpoints/rgb_only_rerun/batch/chained_libero_object_task0/act_n80.pt,50,1
chained_libero_object_task0,libero_object,0,80,0,ab46eb3dadc0e4a4,ab46eb3dadc0e4a4,1,success,265,2,checkpoints/rgb_only_rerun/batch/chained_libero_object_task0/act_n80.pt,50,1
chained_libero_object_task0,libero_object,0,80,0,ef4c84b9a36a94c9,ef4c84b9a36a94c9,1,success,269,2,checkpoints/rgb_only_rerun/batch/chained_libero_object_task0/act_n80.pt,50,1
chained_libero_object_task0,libero_object,0,80,0,32e381b406f2fac9,32e381b406f2fac9,1,success,337,2,checkpoints/rgb_only_rerun/batch/chained_libero_object_task0/act_n80.pt,50,1
chained_libero_object_task0,libero_object,0,80,0,ca0ed51c77151f1d,ca0ed51c77151f1d,1,success,261,2,checkpoints/rgb_only_rerun/batch/chained_libero_object_task0/act_n80.pt,50,1
chained_libero_object_task0,libero_object,0,80,0,a0e8ad961fb88d11,a0e8ad961fb88d11,1,success,271,2,checkpoints/rgb_only_rerun/batch/chained_libero_object_task0/act_n80.pt,50,1
chained_libero_object_task0,libero_object,0,80,0,b1654945bb6888f0,b1654945bb6888f0,1,success,266,2,checkpoints/rgb_only_rerun/batch/chained_libero_object_task0/act_n80.pt,50,1
chained_libero_object_task0,libero_object,0,80,0,02f438ae999eac07,02f438ae999eac07,1,success,270,2,checkpoints/rgb_only_rerun/batch/chained_libero_object_task0/act_n80.pt,50,1
chained_libero_object_task0,libero_object,0,80,0,9c4e6fbe03f022d8,9c4e6fbe03f022d8,1,success,302,2,checkpoints/rgb_only_rerun/batch/chained_libero_object_task0/act_n80.pt,50,1
chained_libero_object_task0,libero_object,0,80,0,25bee7fc1ee73c54,25bee7fc1ee73c54,1,success,271,2,checkpoints/rgb_only_rerun/batch/chained_libero_object_task0/act_n80.pt,50,1
chained_libero_object_task0,libero_object,0,80,0,34741fc53aab8666,34741fc53aab8666,1,success,243,2,checkpoints/rgb_only_rerun/batch/chained_libero_object_task0/act_n80.pt,50,1
chained_libero_object_task0,libero_object,0,80,0,7ceb3e1a47d29307,7ceb3e1a47d29307,1,success,284,2,checkpoints/rgb_only_rerun/batch/chained_libero_object_task0/act_n80.pt,50,1
chained_libero_object_task0,libero_object,0,80,0,0be12a1c76a26f7f,0be12a1c76a26f7f,1,success,267,2,checkpoints/rgb_only_rerun/batch/chained_libero_object_task0/act_n80.pt,50,1
chained_libero_object_task0,libero_object,0,80,0,0c9a50c7fbcca882,0c9a50c7fbcca882,1,success,260,2,checkpoints/rgb_only_rerun/batch/chained_libero_object_task0/act_n80.pt,50,1
chained_libero_object_task5,libero_object,5,10,0,7f88382a062ecaeb,7f88382a062ecaeb,0,fail,560,1,checkpoints/rgb_only_rerun/batch/chained_libero_object_task5/act_n10.pt,50,1
chained_libero_object_task5,libero_object,5,10,0,6a35836a1a055f2e,6a35836a1a055f2e,0,fail,560,1,checkpoints/rgb_only_rerun/batch/chained_libero_object_task5/act_n10.pt,50,1
chained_libero_object_task5,libero_object,5,10,0,535200faaf1a89d9,535200faaf1a89d9,0,fail,560,1,checkpoints/rgb_only_rerun/batch/chained_libero_object_task5/act_n10.pt,50,1
chained_libero_object_task5,libero_object,5,10,0,8011ef8526a672fd,8011ef8526a672fd,0,fail,560,2,checkpoints/rgb_only_rerun/batch/chained_libero_object_task5/act_n10.pt,50,1
chained_libero_object_task5,libero_object,5,10,0,0f0558b3c7d4246b,0f0558b3c7d4246b,0,fail,560,2,checkpoints/rgb_only_rerun/batch/chained_libero_object_task5/act_n10.pt,50,1
chained_libero_object_task5,libero_object,5,10,0,c209ddc12b2ba832,c209ddc12b2ba832,0,fail,560,1,checkpoints/rgb_only_rerun/batch/chained_libero_object_task5/act_n10.pt,50,1
chained_libero_object_task5,libero_object,5,10,0,29c610471e7d972f,29c610471e7d972f,0,fail,560,1,checkpoints/rgb_only_rerun/batch/chained_libero_object_task5/act_n10.pt,50,1
chained_libero_object_task5,libero_object,5,10,0,0911f64f89d08a01,0911f64f89d08a01,0,fail,560,1,checkpoints/rgb_only_rerun/batch/chained_libero_object_task5/act_n10.pt,50,1
chained_libero_object_task5,libero_object,5,10,0,76bc6faf60576c81,76bc6faf60576c81,0,fail,560,1,checkpoints/rgb_only_rerun/batch/chained_libero_object_task5/act_n10.pt,50,1
chained_libero_object_task5,libero_object,5,10,0,aff4652af07cc457,aff4652af07cc457,1,success,320,2,checkpoints/rgb_only_rerun/batch/chained_libero_object_task5/act_n10.pt,50,1
chained_libero_object_task5,libero_object,5,10,0,74979f3135e317eb,74979f3135e317eb,0,fail,560,1,checkpoints/rgb_only_rerun/batch/chained_libero_object_task5/act_n10.pt,50,1
chained_libero_object_task5,libero_object,5,10,0,19eefe5ccdd770dc,19eefe5ccdd770dc,1,success,230,2,checkpoints/rgb_only_rerun/batch/chained_libero_object_task5/act_n10.pt,50,1
chained_libero_object_task5,libero_object,5,10,0,3b18567a68ebfc87,3b18567a68ebfc87,0,fail,560,1,checkpoints/rgb_only_rerun/batch/chained_libero_object_task5/act_n10.pt,50,1
chained_libero_object_task5,libero_object,5,10,0,da61a984f85aa69a,da61a984f85aa69a,0,fail,560,2,checkpoints/rgb_only_rerun/batch/chained_libero_object_task5/act_n10.pt,50,1
chained_libero_object_task5,libero_object,5,10,0,0b1990723902352d,0b1990723902352d,1,success,239,2,checkpoints/rgb_only_rerun/batch/chained_libero_object_task5/act_n10.pt,50,1
chained_libero_object_task5,libero_object,5,10,0,b78ddc1ead535457,b78ddc1ead535457,0,fail,560,1,checkpoints/rgb_only_rerun/batch/chained_libero_object_task5/act_n10.pt,50,1
chained_libero_object_task5,libero_object,5,10,0,51d2012f3442a2d7,51d2012f3442a2d7,0,fail,560,1,checkpoints/rgb_only_rerun/batch/chained_libero_object_task5/act_n10.pt,50,1
chained_libero_object_task5,libero_object,5,10,0,5a1c24299179aa06,5a1c24299179aa06,0,fail,560,1,checkpoints/rgb_only_rerun/batch/chained_libero_object_task5/act_n10.pt,50,1
chained_libero_object_task5,libero_object,5,10,0,53ea7c3fde21eb35,53ea7c3fde21eb35,1,success,233,2,checkpoints/rgb_only_rerun/batch/chained_libero_object_task5/act_n10.pt,50,1
chained_libero_object_task5,libero_object,5,10,0,4f5f6aceb81266e9,4f5f6aceb81266e9,0,fail,560,2,checkpoints/rgb_only_rerun/batch/chained_libero_object_task5/act_n10.pt,50,1
chained_libero_object_task5,libero_object,5,10,0,b3519118b1f04ca5,b3519118b1f04ca5,0,fail,560,1,checkpoints/rgb_only_rerun/batch/chained_libero_object_task5/act_n10.pt,50,1
chained_libero_object_task5,libero_object,5,10,0,45c11561882f1a25,45c11561882f1a25,0,fail,560,2,checkpoints/rgb_only_rerun/batch/chained_libero_object_task5/act_n10.pt,50,1
chained_libero_object_task5,libero_object,5,10,0,d240c2e70bb8ab24,d240c2e70bb8ab24,0,fail,560,2,checkpoints/rgb_only_rerun/batch/chained_libero_object_task5/act_n10.pt,50,1
chained_libero_object_task5,libero_object,5,10,0,b84800a423e2a423,b84800a423e2a423,0,fail,560,2,checkpoints/rgb_only_rerun/batch/chained_libero_object_task5/act_n10.pt,50,1
chained_libero_object_task5,libero_object,5,10,0,065ae2cf1d38c7f3,065ae2cf1d38c7f3,1,success,264,2,checkpoints/rgb_only_rerun/batch/chained_libero_object_task5/act_n10.pt,50,1
chained_libero_object_task5,libero_object,5,10,0,649d119c763d8eb2,649d119c763d8eb2,0,fail,560,1,checkpoints/rgb_only_rerun/batch/chained_libero_object_task5/act_n10.pt,50,1
chained_libero_object_task5,libero_object,5,10,0,2da8ab463c00601d,2da8ab463c00601d,0,fail,560,1,checkpoints/rgb_only_rerun/batch/chained_libero_object_task5/act_n10.pt,50,1
chained_libero_object_task5,libero_object,5,10,0,f2fda9053bd1283e,f2fda9053bd1283e,0,fail,560,1,checkpoints/rgb_only_rerun/batch/chained_libero_object_task5/act_n10.pt,50,1
chained_libero_object_task5,libero_object,5,10,0,3323b4ab7da0b672,3323b4ab7da0b672,1,success,221,2,checkpoints/rgb_only_rerun/batch/chained_libero_object_task5/act_n10.pt,50,1
chained_libero_object_task5,libero_object,5,10,0,b18e0b4b8f3a09a1,b18e0b4b8f3a09a1,0,fail,560,1,checkpoints/rgb_only_rerun/batch/chained_libero_object_task5/act_n10.pt,50,1
chained_libero_object_task5,libero_object,5,10,0,b81a6c00be24ad64,b81a6c00be24ad64,0,fail,560,1,checkpoints/rgb_only_rerun/batch/chained_libero_object_task5/act_n10.pt,50,1
chained_libero_object_task5,libero_object,5,10,0,30c3a20e9ba60f0f,30c3a20e9ba60f0f,1,success,231,2,checkpoints/rgb_only_rerun/batch/chained_libero_object_task5/act_n10.pt,50,1
chained_libero_object_task5,libero_object,5,10,0,b1d5e893040efed2,b1d5e893040efed2,0,fail,560,2,checkpoints/rgb_only_rerun/batch/chained_libero_object_task5/act_n10.pt,50,1
chained_libero_object_task5,libero_object,5,10,0,e36e317bc6c93ae0,e36e317bc6c93ae0,1,success,281,2,checkpoints/rgb_only_rerun/batch/chained_libero_object_task5/act_n10.pt,50,1
chained_libero_object_task5,libero_object,5,10,0,164c65b7f888dfd2,164c65b7f888dfd2,0,fail,560,1,checkpoints/rgb_only_rerun/batch/chained_libero_object_task5/act_n10.pt,50,1
chained_libero_object_task5,libero_object,5,10,0,2ccd53486f1da6c2,2ccd53486f1da6c2,0,fail,560,1,checkpoints/rgb_only_rerun/batch/chained_libero_object_task5/act_n10.pt,50,1
chained_libero_object_task5,libero_object,5,10,0,860e3f888c2756e3,860e3f888c2756e3,0,fail,560,1,checkpoints/rgb_only_rerun/batch/chained_libero_object_task5/act_n10.pt,50,1
chained_libero_object_task5,libero_object,5,10,0,f5e878485691bd91,f5e878485691bd91,0,fail,560,1,checkpoints/rgb_only_rerun/batch/chained_libero_object_task5/act_n10.pt,50,1
chained_libero_object_task5,libero_object,5,10,0,7bf8abbefd8d9d58,7bf8abbefd8d9d58,0,fail,560,1,checkpoints/rgb_only_rerun/batch/chained_libero_object_task5/act_n10.pt,50,1
chained_libero_object_task5,libero_object,5,10,0,7d9d3506fc17faf8,7d9d3506fc17faf8,0,fail,560,1,checkpoints/rgb_only_rerun/batch/chained_libero_object_task5/act_n10.pt,50,1
chained_libero_object_task5,libero_object,5,10,0,cc833f80aae4b78e,cc833f80aae4b78e,0,fail,560,1,checkpoints/rgb_only_rerun/batch/chained_libero_object_task5/act_n10.pt,50,1
chained_libero_object_task5,libero_object,5,10,0,176e37b0f53cef43,176e37b0f53cef43,0,fail,560,1,checkpoints/rgb_only_rerun/batch/chained_libero_object_task5/act_n10.pt,50,1
chained_libero_object_task5,libero_object,5,10,0,95617af062255247,95617af062255247,0,fail,560,1,checkpoints/rgb_only_rerun/batch/chained_libero_object_task5/act_n10.pt,50,1
chained_libero_object_task5,libero_object,5,10,0,6a3340cb150b54cb,6a3340cb150b54cb,0,fail,560,2,checkpoints/rgb_only_rerun/batch/chained_libero_object_task5/act_n10.pt,50,1
chained_libero_object_task5,libero_object,5,10,0,3f84251adff13b22,3f84251adff13b22,0,fail,560,1,checkpoints/rgb_only_rerun/batch/chained_libero_object_task5/act_n10.pt,50,1
chained_libero_object_task5,libero_object,5,10,0,1b44f654bd389434,1b44f654bd389434,0,fail,560,1,checkpoints/rgb_only_rerun/batch/chained_libero_object_task5/act_n10.pt,50,1
chained_libero_object_task5,libero_object,5,10,0,782be932682387c3,782be932682387c3,0,fail,560,1,checkpoints/rgb_only_rerun/batch/chained_libero_object_task5/act_n10.pt,50,1
chained_libero_object_task5,libero_object,5,10,0,fd731de8d3550ea7,fd731de8d3550ea7,0,fail,560,2,checkpoints/rgb_only_rerun/batch/chained_libero_object_task5/act_n10.pt,50,1
chained_libero_object_task5,libero_object,5,10,0,8aa9b445867dd9b6,8aa9b445867dd9b6,0,fail,560,2,checkpoints/rgb_only_rerun/batch/chained_libero_object_task5/act_n10.pt,50,1
chained_libero_object_task5,libero_object,5,10,0,ef554df457f7179b,ef554df457f7179b,1,success,239,2,checkpoints/rgb_only_rerun/batch/chained_libero_object_task5/act_n10.pt,50,1
chained_libero_object_task5,libero_object,5,20,0,7f88382a062ecaeb,7f88382a062ecaeb,0,fail,560,2,checkpoints/rgb_only_rerun/batch/chained_libero_object_task5/act_n20.pt,50,1
chained_libero_object_task5,libero_object,5,20,0,6a35836a1a055f2e,6a35836a1a055f2e,1,success,242,2,checkpoints/rgb_only_rerun/batch/chained_libero_object_task5/act_n20.pt,50,1
chained_libero_object_task5,libero_object,5,20,0,535200faaf1a89d9,535200faaf1a89d9,1,success,242,2,checkpoints/rgb_only_rerun/batch/chained_libero_object_task5/act_n20.pt,50,1
chained_libero_object_task5,libero_object,5,20,0,8011ef8526a672fd,8011ef8526a672fd,1,success,237,2,checkpoints/rgb_only_rerun/batch/chained_libero_object_task5/act_n20.pt,50,1
chained_libero_object_task5,libero_object,5,20,0,0f0558b3c7d4246b,0f0558b3c7d4246b,1,success,248,2,checkpoints/rgb_only_rerun/batch/chained_libero_object_task5/act_n20.pt,50,1
chained_libero_object_task5,libero_object,5,20,0,c209ddc12b2ba832,c209ddc12b2ba832,1,success,284,2,checkpoints/rgb_only_rerun/batch/chained_libero_object_task5/act_n20.pt,50,1
chained_libero_object_task5,libero_object,5,20,0,29c610471e7d972f,29c610471e7d972f,1,success,255,2,checkpoints/rgb_only_rerun/batch/chained_libero_object_task5/act_n20.pt,50,1
chained_libero_object_task5,libero_object,5,20,0,0911f64f89d08a01,0911f64f89d08a01,0,fail,560,2,checkpoints/rgb_only_rerun/batch/chained_libero_object_task5/act_n20.pt,50,1
chained_libero_object_task5,libero_object,5,20,0,76bc6faf60576c81,76bc6faf60576c81,1,success,259,2,checkpoints/rgb_only_rerun/batch/chained_libero_object_task5/act_n20.pt,50,1
chained_libero_object_task5,libero_object,5,20,0,aff4652af07cc457,aff4652af07cc457,0,fail,560,2,checkpoints/rgb_only_rerun/batch/chained_libero_object_task5/act_n20.pt,50,1
chained_libero_object_task5,libero_object,5,20,0,74979f3135e317eb,74979f3135e317eb,1,success,240,2,checkpoints/rgb_only_rerun/batch/chained_libero_object_task5/act_n20.pt,50,1
chained_libero_object_task5,libero_object,5,20,0,19eefe5ccdd770dc,19eefe5ccdd770dc,1,success,237,2,checkpoints/rgb_only_rerun/batch/chained_libero_object_task5/act_n20.pt,50,1
chained_libero_object_task5,libero_object,5,20,0,3b18567a68ebfc87,3b18567a68ebfc87,1,success,256,2,checkpoints/rgb_only_rerun/batch/chained_libero_object_task5/act_n20.pt,50,1
chained_libero_object_task5,libero_object,5,20,0,da61a984f85aa69a,da61a984f85aa69a,1,success,250,2,checkpoints/rgb_only_rerun/batch/chained_libero_object_task5/act_n20.pt,50,1
chained_libero_object_task5,libero_object,5,20,0,0b1990723902352d,0b1990723902352d,1,success,230,2,checkpoints/rgb_only_rerun/batch/chained_libero_object_task5/act_n20.pt,50,1
chained_libero_object_task5,libero_object,5,20,0,b78ddc1ead535457,b78ddc1ead535457,1,success,264,2,checkpoints/rgb_only_rerun/batch/chained_libero_object_task5/act_n20.pt,50,1
chained_libero_object_task5,libero_object,5,20,0,51d2012f3442a2d7,51d2012f3442a2d7,0,fail,560,2,checkpoints/rgb_only_rerun/batch/chained_libero_object_task5/act_n20.pt,50,1
chained_libero_object_task5,libero_object,5,20,0,5a1c24299179aa06,5a1c24299179aa06,1,success,230,2,checkpoints/rgb_only_rerun/batch/chained_libero_object_task5/act_n20.pt,50,1
chained_libero_object_task5,libero_object,5,20,0,53ea7c3fde21eb35,53ea7c3fde21eb35,0,fail,560,2,checkpoints/rgb_only_rerun/batch/chained_libero_object_task5/act_n20.pt,50,1
chained_libero_object_task5,libero_object,5,20,0,4f5f6aceb81266e9,4f5f6aceb81266e9,0,fail,560,1,checkpoints/rgb_only_rerun/batch/chained_libero_object_task5/act_n20.pt,50,1
chained_libero_object_task5,libero_object,5,20,0,b3519118b1f04ca5,b3519118b1f04ca5,1,success,246,2,checkpoints/rgb_only_rerun/batch/chained_libero_object_task5/act_n20.pt,50,1
chained_libero_object_task5,libero_object,5,20,0,45c11561882f1a25,45c11561882f1a25,1,success,249,2,checkpoints/rgb_only_rerun/batch/chained_libero_object_task5/act_n20.pt,50,1
chained_libero_object_task5,libero_object,5,20,0,d240c2e70bb8ab24,d240c2e70bb8ab24,0,fail,560,1,checkpoints/rgb_only_rerun/batch/chained_libero_object_task5/act_n20.pt,50,1
chained_libero_object_task5,libero_object,5,20,0,b84800a423e2a423,b84800a423e2a423,1,success,255,2,checkpoints/rgb_only_rerun/batch/chained_libero_object_task5/act_n20.pt,50,1
chained_libero_object_task5,libero_object,5,20,0,065ae2cf1d38c7f3,065ae2cf1d38c7f3,1,success,251,2,checkpoints/rgb_only_rerun/batch/chained_libero_object_task5/act_n20.pt,50,1
chained_libero_object_task5,libero_object,5,20,0,649d119c763d8eb2,649d119c763d8eb2,1,success,246,2,checkpoints/rgb_only_rerun/batch/chained_libero_object_task5/act_n20.pt,50,1
chained_libero_object_task5,libero_object,5,20,0,2da8ab463c00601d,2da8ab463c00601d,1,success,263,2,checkpoints/rgb_only_rerun/batch/chained_libero_object_task5/act_n20.pt,50,1
chained_libero_object_task5,libero_object,5,20,0,f2fda9053bd1283e,f2fda9053bd1283e,1,success,236,2,checkpoints/rgb_only_rerun/batch/chained_libero_object_task5/act_n20.pt,50,1
chained_libero_object_task5,libero_object,5,20,0,3323b4ab7da0b672,3323b4ab7da0b672,1,success,246,2,checkpoints/rgb_only_rerun/batch/chained_libero_object_task5/act_n20.pt,50,1
chained_libero_object_task5,libero_object,5,20,0,b18e0b4b8f3a09a1,b18e0b4b8f3a09a1,1,success,249,2,checkpoints/rgb_only_rerun/batch/chained_libero_object_task5/act_n20.pt,50,1
chained_libero_object_task5,libero_object,5,20,0,b81a6c00be24ad64,b81a6c00be24ad64,1,success,240,2,checkpoints/rgb_only_rerun/batch/chained_libero_object_task5/act_n20.pt,50,1
chained_libero_object_task5,libero_object,5,20,0,30c3a20e9ba60f0f,30c3a20e9ba60f0f,1,success,251,2,checkpoints/rgb_only_rerun/batch/chained_libero_object_task5/act_n20.pt,50,1
chained_libero_object_task5,libero_object,5,20,0,b1d5e893040efed2,b1d5e893040efed2,0,fail,560,1,checkpoints/rgb_only_rerun/batch/chained_libero_object_task5/act_n20.pt,50,1
chained_libero_object_task5,libero_object,5,20,0,e36e317bc6c93ae0,e36e317bc6c93ae0,0,fail,560,1,checkpoints/rgb_only_rerun/batch/chained_libero_object_task5/act_n20.pt,50,1
chained_libero_object_task5,libero_object,5,20,0,164c65b7f888dfd2,164c65b7f888dfd2,1,success,247,2,checkpoints/rgb_only_rerun/batch/chained_libero_object_task5/act_n20.pt,50,1
chained_libero_object_task5,libero_object,5,20,0,2ccd53486f1da6c2,2ccd53486f1da6c2,1,success,262,2,checkpoints/rgb_only_rerun/batch/chained_libero_object_task5/act_n20.pt,50,1
chained_libero_object_task5,libero_object,5,20,0,860e3f888c2756e3,860e3f888c2756e3,0,fail,560,1,checkpoints/rgb_only_rerun/batch/chained_libero_object_task5/act_n20.pt,50,1
chained_libero_object_task5,libero_object,5,20,0,f5e878485691bd91,f5e878485691bd91,1,success,245,2,checkpoints/rgb_only_rerun/batch/chained_libero_object_task5/act_n20.pt,50,1
chained_libero_object_task5,libero_object,5,20,0,7bf8abbefd8d9d58,7bf8abbefd8d9d58,1,success,254,2,checkpoints/rgb_only_rerun/batch/chained_libero_object_task5/act_n20.pt,50,1
chained_libero_object_task5,libero_object,5,20,0,7d9d3506fc17faf8,7d9d3506fc17faf8,1,success,247,2,checkpoints/rgb_only_rerun/batch/chained_libero_object_task5/act_n20.pt,50,1
chained_libero_object_task5,libero_object,5,20,0,cc833f80aae4b78e,cc833f80aae4b78e,1,success,238,2,checkpoints/rgb_only_rerun/batch/chained_libero_object_task5/act_n20.pt,50,1
chained_libero_object_task5,libero_object,5,20,0,176e37b0f53cef43,176e37b0f53cef43,1,success,240,2,checkpoints/rgb_only_rerun/batch/chained_libero_object_task5/act_n20.pt,50,1
chained_libero_object_task5,libero_object,5,20,0,95617af062255247,95617af062255247,1,success,252,2,checkpoints/rgb_only_rerun/batch/chained_libero_object_task5/act_n20.pt,50,1
chained_libero_object_task5,libero_object,5,20,0,6a3340cb150b54cb,6a3340cb150b54cb,1,success,280,2,checkpoints/rgb_only_rerun/batch/chained_libero_object_task5/act_n20.pt,50,1
chained_libero_object_task5,libero_object,5,20,0,3f84251adff13b22,3f84251adff13b22,0,fail,560,2,checkpoints/rgb_only_rerun/batch/chained_libero_object_task5/act_n20.pt,50,1
chained_libero_object_task5,libero_object,5,20,0,1b44f654bd389434,1b44f654bd389434,1,success,246,2,checkpoints/rgb_only_rerun/batch/chained_libero_object_task5/act_n20.pt,50,1
chained_libero_object_task5,libero_object,5,20,0,782be932682387c3,782be932682387c3,1,success,252,2,checkpoints/rgb_only_rerun/batch/chained_libero_object_task5/act_n20.pt,50,1
chained_libero_object_task5,libero_object,5,20,0,fd731de8d3550ea7,fd731de8d3550ea7,0,fail,560,1,checkpoints/rgb_only_rerun/batch/chained_libero_object_task5/act_n20.pt,50,1
chained_libero_object_task5,libero_object,5,20,0,8aa9b445867dd9b6,8aa9b445867dd9b6,1,success,237,2,checkpoints/rgb_only_rerun/batch/chained_libero_object_task5/act_n20.pt,50,1
chained_libero_object_task5,libero_object,5,20,0,ef554df457f7179b,ef554df457f7179b,0,fail,560,2,checkpoints/rgb_only_rerun/batch/chained_libero_object_task5/act_n20.pt,50,1
chained_libero_object_task5,libero_object,5,40,0,7f88382a062ecaeb,7f88382a062ecaeb,1,success,236,2,checkpoints/rgb_only_rerun/batch/chained_libero_object_task5/act_n40.pt,50,1
chained_libero_object_task5,libero_object,5,40,0,6a35836a1a055f2e,6a35836a1a055f2e,1,success,215,2,checkpoints/rgb_only_rerun/batch/chained_libero_object_task5/act_n40.pt,50,1
chained_libero_object_task5,libero_object,5,40,0,535200faaf1a89d9,535200faaf1a89d9,1,success,236,2,checkpoints/rgb_only_rerun/batch/chained_libero_object_task5/act_n40.pt,50,1
chained_libero_object_task5,libero_object,5,40,0,8011ef8526a672fd,8011ef8526a672fd,1,success,254,2,checkpoints/rgb_only_rerun/batch/chained_libero_object_task5/act_n40.pt,50,1
chained_libero_object_task5,libero_object,5,40,0,0f0558b3c7d4246b,0f0558b3c7d4246b,1,success,243,2,checkpoints/rgb_only_rerun/batch/chained_libero_object_task5/act_n40.pt,50,1
chained_libero_object_task5,libero_object,5,40,0,c209ddc12b2ba832,c209ddc12b2ba832,0,fail,560,1,checkpoints/rgb_only_rerun/batch/chained_libero_object_task5/act_n40.pt,50,1
chained_libero_object_task5,libero_object,5,40,0,29c610471e7d972f,29c610471e7d972f,1,success,219,2,checkpoints/rgb_only_rerun/batch/chained_libero_object_task5/act_n40.pt,50,1
chained_libero_object_task5,libero_object,5,40,0,0911f64f89d08a01,0911f64f89d08a01,1,success,236,2,checkpoints/rgb_only_rerun/batch/chained_libero_object_task5/act_n40.pt,50,1
chained_libero_object_task5,libero_object,5,40,0,76bc6faf60576c81,76bc6faf60576c81,1,success,231,2,checkpoints/rgb_only_rerun/batch/chained_libero_object_task5/act_n40.pt,50,1
chained_libero_object_task5,libero_object,5,40,0,aff4652af07cc457,aff4652af07cc457,1,success,219,2,checkpoints/rgb_only_rerun/batch/chained_libero_object_task5/act_n40.pt,50,1
chained_libero_object_task5,libero_object,5,40,0,74979f3135e317eb,74979f3135e317eb,1,success,230,2,checkpoints/rgb_only_rerun/batch/chained_libero_object_task5/act_n40.pt,50,1
chained_libero_object_task5,libero_object,5,40,0,19eefe5ccdd770dc,19eefe5ccdd770dc,1,success,235,2,checkpoints/rgb_only_rerun/batch/chained_libero_object_task5/act_n40.pt,50,1
chained_libero_object_task5,libero_object,5,40,0,3b18567a68ebfc87,3b18567a68ebfc87,0,fail,560,1,checkpoints/rgb_only_rerun/batch/chained_libero_object_task5/act_n40.pt,50,1
chained_libero_object_task5,libero_object,5,40,0,da61a984f85aa69a,da61a984f85aa69a,1,success,233,2,checkpoints/rgb_only_rerun/batch/chained_libero_object_task5/act_n40.pt,50,1
chained_libero_object_task5,libero_object,5,40,0,0b1990723902352d,0b1990723902352d,1,success,241,2,checkpoints/rgb_only_rerun/batch/chained_libero_object_task5/act_n40.pt,50,1
chained_libero_object_task5,libero_object,5,40,0,b78ddc1ead535457,b78ddc1ead535457,0,fail,560,1,checkpoints/rgb_only_rerun/batch/chained_libero_object_task5/act_n40.pt,50,1
chained_libero_object_task5,libero_object,5,40,0,51d2012f3442a2d7,51d2012f3442a2d7,1,success,218,2,checkpoints/rgb_only_rerun/batch/chained_libero_object_task5/act_n40.pt,50,1
chained_libero_object_task5,libero_object,5,40,0,5a1c24299179aa06,5a1c24299179aa06,0,fail,560,2,checkpoints/rgb_only_rerun/batch/chained_libero_object_task5/act_n40.pt,50,1
chained_libero_object_task5,libero_object,5,40,0,53ea7c3fde21eb35,53ea7c3fde21eb35,1,success,231,2,checkpoints/rgb_only_rerun/batch/chained_libero_object_task5/act_n40.pt,50,1
chained_libero_object_task5,libero_object,5,40,0,4f5f6aceb81266e9,4f5f6aceb81266e9,1,success,214,2,checkpoints/rgb_only_rerun/batch/chained_libero_object_task5/act_n40.pt,50,1
chained_libero_object_task5,libero_object,5,40,0,b3519118b1f04ca5,b3519118b1f04ca5,1,success,240,2,checkpoints/rgb_only_rerun/batch/chained_libero_object_task5/act_n40.pt,50,1
chained_libero_object_task5,libero_object,5,40,0,45c11561882f1a25,45c11561882f1a25,1,success,222,2,checkpoints/rgb_only_rerun/batch/chained_libero_object_task5/act_n40.pt,50,1
chained_libero_object_task5,libero_object,5,40,0,d240c2e70bb8ab24,d240c2e70bb8ab24,0,fail,560,2,checkpoints/rgb_only_rerun/batch/chained_libero_object_task5/act_n40.pt,50,1
chained_libero_object_task5,libero_object,5,40,0,b84800a423e2a423,b84800a423e2a423,1,success,234,2,checkpoints/rgb_only_rerun/batch/chained_libero_object_task5/act_n40.pt,50,1
chained_libero_object_task5,libero_object,5,40,0,065ae2cf1d38c7f3,065ae2cf1d38c7f3,1,success,224,2,checkpoints/rgb_only_rerun/batch/chained_libero_object_task5/act_n40.pt,50,1
chained_libero_object_task5,libero_object,5,40,0,649d119c763d8eb2,649d119c763d8eb2,0,fail,560,1,checkpoints/rgb_only_rerun/batch/chained_libero_object_task5/act_n40.pt,50,1
chained_libero_object_task5,libero_object,5,40,0,2da8ab463c00601d,2da8ab463c00601d,1,success,221,2,checkpoints/rgb_only_rerun/batch/chained_libero_object_task5/act_n40.pt,50,1
chained_libero_object_task5,libero_object,5,40,0,f2fda9053bd1283e,f2fda9053bd1283e,0,fail,560,1,checkpoints/rgb_only_rerun/batch/chained_libero_object_task5/act_n40.pt,50,1
chained_libero_object_task5,libero_object,5,40,0,3323b4ab7da0b672,3323b4ab7da0b672,1,success,223,2,checkpoints/rgb_only_rerun/batch/chained_libero_object_task5/act_n40.pt,50,1
chained_libero_object_task5,libero_object,5,40,0,b18e0b4b8f3a09a1,b18e0b4b8f3a09a1,0,fail,560,1,checkpoints/rgb_only_rerun/batch/chained_libero_object_task5/act_n40.pt,50,1
chained_libero_object_task5,libero_object,5,40,0,b81a6c00be24ad64,b81a6c00be24ad64,1,success,235,2,checkpoints/rgb_only_rerun/batch/chained_libero_object_task5/act_n40.pt,50,1
chained_libero_object_task5,libero_object,5,40,0,30c3a20e9ba60f0f,30c3a20e9ba60f0f,1,success,224,2,checkpoints/rgb_only_rerun/batch/chained_libero_object_task5/act_n40.pt,50,1
chained_libero_object_task5,libero_object,5,40,0,b1d5e893040efed2,b1d5e893040efed2,0,fail,560,2,checkpoints/rgb_only_rerun/batch/chained_libero_object_task5/act_n40.pt,50,1
chained_libero_object_task5,libero_object,5,40,0,e36e317bc6c93ae0,e36e317bc6c93ae0,1,success,234,2,checkpoints/rgb_only_rerun/batch/chained_libero_object_task5/act_n40.pt,50,1
chained_libero_object_task5,libero_object,5,40,0,164c65b7f888dfd2,164c65b7f888dfd2,1,success,228,2,checkpoints/rgb_only_rerun/batch/chained_libero_object_task5/act_n40.pt,50,1
chained_libero_object_task5,libero_object,5,40,0,2ccd53486f1da6c2,2ccd53486f1da6c2,0,fail,560,1,checkpoints/rgb_only_rerun/batch/chained_libero_object_task5/act_n40.pt,50,1
chained_libero_object_task5,libero_object,5,40,0,860e3f888c2756e3,860e3f888c2756e3,1,success,217,2,checkpoints/rgb_only_rerun/batch/chained_libero_object_task5/act_n40.pt,50,1
chained_libero_object_task5,libero_object,5,40,0,f5e878485691bd91,f5e878485691bd91,0,fail,560,1,checkpoints/rgb_only_rerun/batch/chained_libero_object_task5/act_n40.pt,50,1
chained_libero_object_task5,libero_object,5,40,0,7bf8abbefd8d9d58,7bf8abbefd8d9d58,1,success,233,2,checkpoints/rgb_only_rerun/batch/chained_libero_object_task5/act_n40.pt,50,1
chained_libero_object_task5,libero_object,5,40,0,7d9d3506fc17faf8,7d9d3506fc17faf8,1,success,213,2,checkpoints/rgb_only_rerun/batch/chained_libero_object_task5/act_n40.pt,50,1
chained_libero_object_task5,libero_object,5,40,0,cc833f80aae4b78e,cc833f80aae4b78e,0,fail,560,1,checkpoints/rgb_only_rerun/batch/chained_libero_object_task5/act_n40.pt,50,1
chained_libero_object_task5,libero_object,5,40,0,176e37b0f53cef43,176e37b0f53cef43,1,success,217,2,checkpoints/rgb_only_rerun/batch/chained_libero_object_task5/act_n40.pt,50,1
chained_libero_object_task5,libero_object,5,40,0,95617af062255247,95617af062255247,1,success,241,2,checkpoints/rgb_only_rerun/batch/chained_libero_object_task5/act_n40.pt,50,1
chained_libero_object_task5,libero_object,5,40,0,6a3340cb150b54cb,6a3340cb150b54cb,1,success,229,2,checkpoints/rgb_only_rerun/batch/chained_libero_object_task5/act_n40.pt,50,1
chained_libero_object_task5,libero_object,5,40,0,3f84251adff13b22,3f84251adff13b22,1,success,227,2,checkpoints/rgb_only_rerun/batch/chained_libero_object_task5/act_n40.pt,50,1
chained_libero_object_task5,libero_object,5,40,0,1b44f654bd389434,1b44f654bd389434,0,fail,560,1,checkpoints/rgb_only_rerun/batch/chained_libero_object_task5/act_n40.pt,50,1
chained_libero_object_task5,libero_object,5,40,0,782be932682387c3,782be932682387c3,1,success,235,2,checkpoints/rgb_only_rerun/batch/chained_libero_object_task5/act_n40.pt,50,1
chained_libero_object_task5,libero_object,5,40,0,fd731de8d3550ea7,fd731de8d3550ea7,1,success,233,2,checkpoints/rgb_only_rerun/batch/chained_libero_object_task5/act_n40.pt,50,1
chained_libero_object_task5,libero_object,5,40,0,8aa9b445867dd9b6,8aa9b445867dd9b6,1,success,236,2,checkpoints/rgb_only_rerun/batch/chained_libero_object_task5/act_n40.pt,50,1
chained_libero_object_task5,libero_object,5,40,0,ef554df457f7179b,ef554df457f7179b,1,success,225,2,checkpoints/rgb_only_rerun/batch/chained_libero_object_task5/act_n40.pt,50,1
chained_libero_object_task5,libero_object,5,80,0,7f88382a062ecaeb,7f88382a062ecaeb,1,success,244,2,checkpoints/rgb_only_rerun/batch/chained_libero_object_task5/act_n80.pt,50,1
chained_libero_object_task5,libero_object,5,80,0,6a35836a1a055f2e,6a35836a1a055f2e,1,success,216,2,checkpoints/rgb_only_rerun/batch/chained_libero_object_task5/act_n80.pt,50,1
chained_libero_object_task5,libero_object,5,80,0,535200faaf1a89d9,535200faaf1a89d9,1,success,243,2,checkpoints/rgb_only_rerun/batch/chained_libero_object_task5/act_n80.pt,50,1
chained_libero_object_task5,libero_object,5,80,0,8011ef8526a672fd,8011ef8526a672fd,0,fail,560,1,checkpoints/rgb_only_rerun/batch/chained_libero_object_task5/act_n80.pt,50,1
chained_libero_object_task5,libero_object,5,80,0,0f0558b3c7d4246b,0f0558b3c7d4246b,1,success,249,2,checkpoints/rgb_only_rerun/batch/chained_libero_object_task5/act_n80.pt,50,1
chained_libero_object_task5,libero_object,5,80,0,c209ddc12b2ba832,c209ddc12b2ba832,1,success,256,2,checkpoints/rgb_only_rerun/batch/chained_libero_object_task5/act_n80.pt,50,1
chained_libero_object_task5,libero_object,5,80,0,29c610471e7d972f,29c610471e7d972f,1,success,253,2,checkpoints/rgb_only_rerun/batch/chained_libero_object_task5/act_n80.pt,50,1
chained_libero_object_task5,libero_object,5,80,0,0911f64f89d08a01,0911f64f89d08a01,1,success,235,2,checkpoints/rgb_only_rerun/batch/chained_libero_object_task5/act_n80.pt,50,1
chained_libero_object_task5,libero_object,5,80,0,76bc6faf60576c81,76bc6faf60576c81,1,success,249,2,checkpoints/rgb_only_rerun/batch/chained_libero_object_task5/act_n80.pt,50,1
chained_libero_object_task5,libero_object,5,80,0,aff4652af07cc457,aff4652af07cc457,1,success,240,2,checkpoints/rgb_only_rerun/batch/chained_libero_object_task5/act_n80.pt,50,1
chained_libero_object_task5,libero_object,5,80,0,74979f3135e317eb,74979f3135e317eb,1,success,226,2,checkpoints/rgb_only_rerun/batch/chained_libero_object_task5/act_n80.pt,50,1
chained_libero_object_task5,libero_object,5,80,0,19eefe5ccdd770dc,19eefe5ccdd770dc,1,success,239,2,checkpoints/rgb_only_rerun/batch/chained_libero_object_task5/act_n80.pt,50,1
chained_libero_object_task5,libero_object,5,80,0,3b18567a68ebfc87,3b18567a68ebfc87,1,success,247,2,checkpoints/rgb_only_rerun/batch/chained_libero_object_task5/act_n80.pt,50,1
chained_libero_object_task5,libero_object,5,80,0,da61a984f85aa69a,da61a984f85aa69a,1,success,245,2,checkpoints/rgb_only_rerun/batch/chained_libero_object_task5/act_n80.pt,50,1
chained_libero_object_task5,libero_object,5,80,0,0b1990723902352d,0b1990723902352d,0,fail,560,2,checkpoints/rgb_only_rerun/batch/chained_libero_object_task5/act_n80.pt,50,1
chained_libero_object_task5,libero_object,5,80,0,b78ddc1ead535457,b78ddc1ead535457,1,success,260,2,checkpoints/rgb_only_rerun/batch/chained_libero_object_task5/act_n80.pt,50,1
chained_libero_object_task5,libero_object,5,80,0,51d2012f3442a2d7,51d2012f3442a2d7,1,success,240,2,checkpoints/rgb_only_rerun/batch/chained_libero_object_task5/act_n80.pt,50,1
chained_libero_object_task5,libero_object,5,80,0,5a1c24299179aa06,5a1c24299179aa06,0,fail,560,1,checkpoints/rgb_only_rerun/batch/chained_libero_object_task5/act_n80.pt,50,1
chained_libero_object_task5,libero_object,5,80,0,53ea7c3fde21eb35,53ea7c3fde21eb35,1,success,240,2,checkpoints/rgb_only_rerun/batch/chained_libero_object_task5/act_n80.pt,50,1
chained_libero_object_task5,libero_object,5,80,0,4f5f6aceb81266e9,4f5f6aceb81266e9,1,success,236,2,checkpoints/rgb_only_rerun/batch/chained_libero_object_task5/act_n80.pt,50,1
chained_libero_object_task5,libero_object,5,80,0,b3519118b1f04ca5,b3519118b1f04ca5,1,success,235,2,checkpoints/rgb_only_rerun/batch/chained_libero_object_task5/act_n80.pt,50,1
chained_libero_object_task5,libero_object,5,80,0,45c11561882f1a25,45c11561882f1a25,1,success,232,2,checkpoints/rgb_only_rerun/batch/chained_libero_object_task5/act_n80.pt,50,1
chained_libero_object_task5,libero_object,5,80,0,d240c2e70bb8ab24,d240c2e70bb8ab24,1,success,256,2,checkpoints/rgb_only_rerun/batch/chained_libero_object_task5/act_n80.pt,50,1
chained_libero_object_task5,libero_object,5,80,0,b84800a423e2a423,b84800a423e2a423,1,success,243,2,checkpoints/rgb_only_rerun/batch/chained_libero_object_task5/act_n80.pt,50,1
chained_libero_object_task5,libero_object,5,80,0,065ae2cf1d38c7f3,065ae2cf1d38c7f3,1,success,248,2,checkpoints/rgb_only_rerun/batch/chained_libero_object_task5/act_n80.pt,50,1
chained_libero_object_task5,libero_object,5,80,0,649d119c763d8eb2,649d119c763d8eb2,1,success,238,2,checkpoints/rgb_only_rerun/batch/chained_libero_object_task5/act_n80.pt,50,1
chained_libero_object_task5,libero_object,5,80,0,2da8ab463c00601d,2da8ab463c00601d,1,success,236,2,checkpoints/rgb_only_rerun/batch/chained_libero_object_task5/act_n80.pt,50,1
chained_libero_object_task5,libero_object,5,80,0,f2fda9053bd1283e,f2fda9053bd1283e,0,fail,560,1,checkpoints/rgb_only_rerun/batch/chained_libero_object_task5/act_n80.pt,50,1
chained_libero_object_task5,libero_object,5,80,0,3323b4ab7da0b672,3323b4ab7da0b672,1,success,249,2,checkpoints/rgb_only_rerun/batch/chained_libero_object_task5/act_n80.pt,50,1
chained_libero_object_task5,libero_object,5,80,0,b18e0b4b8f3a09a1,b18e0b4b8f3a09a1,1,success,234,2,checkpoints/rgb_only_rerun/batch/chained_libero_object_task5/act_n80.pt,50,1
chained_libero_object_task5,libero_object,5,80,0,b81a6c00be24ad64,b81a6c00be24ad64,0,fail,560,2,checkpoints/rgb_only_rerun/batch/chained_libero_object_task5/act_n80.pt,50,1
chained_libero_object_task5,libero_object,5,80,0,30c3a20e9ba60f0f,30c3a20e9ba60f0f,1,success,236,2,checkpoints/rgb_only_rerun/batch/chained_libero_object_task5/act_n80.pt,50,1
chained_libero_object_task5,libero_object,5,80,0,b1d5e893040efed2,b1d5e893040efed2,1,success,234,2,checkpoints/rgb_only_rerun/batch/chained_libero_object_task5/act_n80.pt,50,1
chained_libero_object_task5,libero_object,5,80,0,e36e317bc6c93ae0,e36e317bc6c93ae0,1,success,239,2,checkpoints/rgb_only_rerun/batch/chained_libero_object_task5/act_n80.pt,50,1
chained_libero_object_task5,libero_object,5,80,0,164c65b7f888dfd2,164c65b7f888dfd2,0,fail,560,2,checkpoints/rgb_only_rerun/batch/chained_libero_object_task5/act_n80.pt,50,1
chained_libero_object_task5,libero_object,5,80,0,2ccd53486f1da6c2,2ccd53486f1da6c2,1,success,261,2,checkpoints/rgb_only_rerun/batch/chained_libero_object_task5/act_n80.pt,50,1
chained_libero_object_task5,libero_object,5,80,0,860e3f888c2756e3,860e3f888c2756e3,1,success,239,2,checkpoints/rgb_only_rerun/batch/chained_libero_object_task5/act_n80.pt,50,1
chained_libero_object_task5,libero_object,5,80,0,f5e878485691bd91,f5e878485691bd91,0,fail,560,1,checkpoints/rgb_only_rerun/batch/chained_libero_object_task5/act_n80.pt,50,1
chained_libero_object_task5,libero_object,5,80,0,7bf8abbefd8d9d58,7bf8abbefd8d9d58,1,success,251,2,checkpoints/rgb_only_rerun/batch/chained_libero_object_task5/act_n80.pt,50,1
chained_libero_object_task5,libero_object,5,80,0,7d9d3506fc17faf8,7d9d3506fc17faf8,1,success,238,2,checkpoints/rgb_only_rerun/batch/chained_libero_object_task5/act_n80.pt,50,1
chained_libero_object_task5,libero_object,5,80,0,cc833f80aae4b78e,cc833f80aae4b78e,1,success,237,2,checkpoints/rgb_only_rerun/batch/chained_libero_object_task5/act_n80.pt,50,1
chained_libero_object_task5,libero_object,5,80,0,176e37b0f53cef43,176e37b0f53cef43,1,success,233,2,checkpoints/rgb_only_rerun/batch/chained_libero_object_task5/act_n80.pt,50,1
chained_libero_object_task5,libero_object,5,80,0,95617af062255247,95617af062255247,1,success,241,2,checkpoints/rgb_only_rerun/batch/chained_libero_object_task5/act_n80.pt,50,1
chained_libero_object_task5,libero_object,5,80,0,6a3340cb150b54cb,6a3340cb150b54cb,1,success,237,2,checkpoints/rgb_only_rerun/batch/chained_libero_object_task5/act_n80.pt,50,1
chained_libero_object_task5,libero_object,5,80,0,3f84251adff13b22,3f84251adff13b22,1,success,234,2,checkpoints/rgb_only_rerun/batch/chained_libero_object_task5/act_n80.pt,50,1
chained_libero_object_task5,libero_object,5,80,0,1b44f654bd389434,1b44f654bd389434,1,success,236,2,checkpoints/rgb_only_rerun/batch/chained_libero_object_task5/act_n80.pt,50,1
chained_libero_object_task5,libero_object,5,80,0,782be932682387c3,782be932682387c3,1,success,226,2,checkpoints/rgb_only_rerun/batch/chained_libero_object_task5/act_n80.pt,50,1
chained_libero_object_task5,libero_object,5,80,0,fd731de8d3550ea7,fd731de8d3550ea7,1,success,234,2,checkpoints/rgb_only_rerun/batch/chained_libero_object_task5/act_n80.pt,50,1
chained_libero_object_task5,libero_object,5,80,0,8aa9b445867dd9b6,8aa9b445867dd9b6,1,success,246,2,checkpoints/rgb_only_rerun/batch/chained_libero_object_task5/act_n80.pt,50,1
chained_libero_object_task5,libero_object,5,80,0,ef554df457f7179b,ef554df457f7179b,1,success,235,2,checkpoints/rgb_only_rerun/batch/chained_libero_object_task5/act_n80.pt,50,1
